date,bias_correction,uhi,downscaling,quantile_median
2020-01-01,5.730257,1.9471262413658366,-1.206884861820086,4.9256635
2020-01-02,5.5987196,1.938913269596829,-3.9813595855386845,5.121917
2020-01-03,8.025283,1.9091643130503777,-0.06369167387413643,8.618779
2020-01-04,6.4365716,1.9347426716850347,1.9221179917101034,7.6893115
2020-01-05,4.5112357,1.9282348976880672,-2.091960311861617,4.265493
2020-01-06,5.6376038,1.9280863012132965,1.6572885322102255,4.03263
2020-01-07,5.2637815,1.962412659020839,-2.311906906866061,3.9316773
2020-01-08,8.353432,1.9085252004342024,1.8470532837355744,6.0857267
2020-01-09,9.076753,1.9022877830924956,5.426171510503841,5.353601
2020-01-10,9.749844,1.818514469203325,6.55824181992601,6.6036987
2020-01-11,6.174369,1.8104947077862446,2.0780187176016875,4.944432
2020-01-12,7.329195,1.8019371055577627,0.5371967078902493,6.783072
2020-01-13,7.8677697,1.8110125785041251,3.208584376884313,5.0022035
2020-01-14,9.380719,1.8030872642282154,2.882057890327248,7.3877416
2020-01-15,10.019273,1.746291976996313,7.280300197188016,7.3877416
2020-01-16,8.289612,1.727523642598129,3.320103387663168,3.4625657
2020-01-17,7.101909,1.7250271757114473,1.488830752948437,4.7669563
2020-01-18,7.4986944,1.7250271757114473,3.415019066077922,4.726698
2020-01-19,5.62578,1.692602100732552,1.1316081964959244,3.0475996
2020-01-20,4.75545,1.6951034527887234,-2.2012636250048514,2.3304968
2020-01-21,5.6637793,1.7237268410686735,-1.3579838110409117,3.8488457
2020-01-22,6.174369,1.7260703118398997,0.14691561897542638,4.321673
2020-01-23,4.776449,1.7017579096266426,0.030357406361358308,2.6511476
2020-01-24,4.494183,1.7187914710127163,-3.0930081900522675,3.4327672
2020-01-25,3.432214,1.7234522954370548,-1.200452907986092,3.4327672
2020-01-26,3.5025501,1.6968740835879703,-2.920596080607175,2.829941
2020-01-27,7.328689,1.723523147691181,-0.13327704895197812,4.835701
2020-01-28,8.562913,1.7370875801906738,3.517124205764128,6.968708
2020-01-29,6.419519,1.732921482078129,2.0379864435868615,6.968708
2020-01-30,7.329195,1.7352619604413237,2.262409615375062,7.0737367
2020-01-31,9.638327,1.7374663265898729,5.9670292529673965,7.013608
2020-02-01,10.019273,1.731615911407993,8.284099207300542,7.2998424
2020-02-02,8.353432,1.711445181458134,4.6057354162200586,6.657597
2020-02-03,8.62001,1.701749544887419,3.865778745939658,5.8505177
2020-02-04,7.0307384,1.7084703758718984,3.0067762971135212,7.008242
2020-02-05,5.9320364,1.6939096097319883,0.10231410558674447,6.5690713
2020-02-06,6.523265,1.6876052473314929,0.6052302210518743,6.6402617
2020-02-07,5.6577454,1.6593628638922806,2.546003353355788,4.8577185
2020-02-08,7.6829014,1.6628379312401662,0.29116380091707317,5.912118
2020-02-09,10.5260105,1.6852867659435653,3.071672631006388,8.719574
2020-02-10,10.769096,1.6827960615396667,5.147651257620264,9.859373
2020-02-11,7.3711066,1.6416978498975627,2.674688021003959,9.350743
2020-02-12,6.7778563,1.644931187311342,2.3396317929081856,9.3227625
2020-02-13,6.701943,1.6234994574875259,0.10254691001675109,8.506648
2020-02-14,6.18963,1.609481073238468,-0.2403099491530689,7.239416
2020-02-15,10.613133,1.6029863456707656,1.5313115649714977,8.840217
2020-02-16,13.725178,1.6245599041507905,5.764703997530135,10.175599
2020-02-17,13.725178,1.6245599041507905,6.822831681663026,10.119047
2020-02-18,10.0703745,1.6213588996226949,4.674192207700003,9.805291
2020-02-19,9.454912,1.5951056457747967,3.258515197831911,9.918427
2020-02-20,9.379,1.5759338637377827,-0.4681468133821616,9.552682
2020-02-21,9.823988,1.587433789589253,2.6439396776042186,9.615796
2020-02-22,11.2204,1.5956963650589804,3.8216758614086497,9.701032
2020-02-23,10.069835,1.5932188706681762,4.812397709153603,9.814168
2020-02-24,9.918267,1.5895547900224107,2.5995071334496425,9.7295065
2020-02-25,10.623591,1.5886147489644904,5.523974728091838,9.638483
2020-02-26,7.5888457,1.5648646880112131,1.4211067875359253,9.739894
2020-02-27,7.878616,1.5671448330385955,0.6191563229770489,9.585532
2020-02-28,9.169704,1.5596317754929008,-0.8950310043939744,9.664119
2020-02-29,11.9522705,1.5762479220530419,1.1221429309426716,9.638483
2020-03-01,11.046111,1.5467325536684713,3.6480011157779058,9.911863
2020-03-02,9.895546,1.548244483374185,2.913980989199681,9.824627
2020-03-03,8.734228,1.5474637530620985,1.8936049069884833,9.824627
2020-03-04,9.649699,1.551078425542326,0.5139626865426585,9.91565
2020-03-05,10.488592,1.551078425542326,-1.7439394788453058,9.824627
2020-03-06,9.979597,1.5488881902700982,2.5069370829463336,10.275046
2020-03-07,9.110618,1.5515852421708707,2.247080558532118,9.933519
2020-03-08,10.601074,1.5488881902700982,-0.47000592838208366,9.997134
2020-03-09,11.017424,1.5495683529377884,4.028816461744876,9.91565
2020-03-10,11.621451,1.570577830325155,1.8679441376146997,9.982607
2020-03-11,12.3926115,1.5682773763670184,6.313994246573443,10.74802
2020-03-12,12.551646,1.564930167431029,6.340863724478356,11.186477
2020-03-13,11.063932,1.560813919403455,3.5527347956379707,10.857931
2020-03-14,9.415829,1.5411730048027532,-2.963472311924872,11.223865
2020-03-15,11.574733,1.494361042965691,-0.9857027200679571,11.178094
2020-03-16,14.136903,1.5007548221065792,0.8774058262104427,12.154648
2020-03-17,13.885959,1.4689600218134213,1.2379981544420096,11.933912
2020-03-18,14.172675,1.477576110565302,2.591220081824825,11.5358515
2020-03-19,12.775481,1.466872736189196,5.5895103111070545,12.127242
2020-03-20,11.48669,1.4735637410028466,3.6488747582814853,12.070599
2020-03-21,9.1986885,1.4902800367452749,0.1709246878116204,11.87962
2020-03-22,8.160378,1.4940325317294918,-3.310333585236809,11.159456
2020-03-23,8.331323,1.492704685702221,-5.295530957570615,11.07508
2020-03-24,8.841911,1.4964701913242267,-5.007342295000584,11.470084
2020-03-25,9.383368,1.5001812290083762,-3.700423120258727,11.4538765
2020-03-26,10.749268,1.5001812290083762,-2.639415312641952,12.66553
2020-03-27,13.498781,1.5021100655874808,-0.06257911334734878,12.993035
2020-03-28,13.494509,1.50522787613228,-0.04333652675184485,12.225071
2020-03-29,8.452061,1.5057976051681965,0.5163326653231781,10.724551
2020-03-30,8.076507,1.5091513239752898,-4.071798497790611,11.831531
2020-03-31,8.276968,1.4989006637510243,-3.7351094651385948,11.888046
2020-04-01,10.642423,1.5085805895305504,-3.567951328672028,11.23116
2020-04-02,11.214028,1.5077627264831857,-0.24676880212553698,10.903091
2020-04-03,11.300681,1.5162191133902942,2.6494293133419227,10.649009
2020-04-04,12.320211,1.51974611972318,0.5431941764017765,12.999174
2020-04-05,14.805264,1.5037152707214216,-0.7788913949501657,13.733575
2020-04-06,17.142689,1.5037152707214216,3.7389409292007527,13.856283
2020-04-07,16.745426,1.5056441073005262,4.639565809959963,14.325062
2020-04-08,18.615444,1.4964257283829991,3.673832476761876,14.964596
2020-04-09,15.7995205,1.5075233388591749,4.827548759344717,14.093943
2020-04-10,15.371973,1.496568297677211,2.6224234695926483,14.940399
2020-04-11,14.74373,1.5077992343183053,1.3872114448080266,15.133601
2020-04-12,19.417671,1.506518583982729,2.1731068422934587,13.994248
2020-04-13,12.319423,1.519622744708453,4.740474439773299,12.587802
2020-04-14,12.491875,1.5154237337711352,0.8851550989989692,12.677904
2020-04-15,15.210796,1.5307544463860379,2.855606064428013,12.59812
2020-04-16,16.39854,1.5430958563052273,4.504040782039323,13.957636
2020-04-17,15.545302,1.5960005704214282,4.563181310290896,14.58913
2020-04-18,15.82701,1.5739881474242428,3.6012764886208117,14.123665
2020-04-19,14.066241,1.5715548914549373,3.1494301723092026,13.229881
2020-04-20,15.23667,1.5715548914549373,3.0477529307198052,14.510584
2020-04-21,15.787929,1.5862672778547628,4.158729568592889,13.688482
2020-04-22,16.9276,1.5968377051551088,5.042590879286939,15.284315
2020-04-23,18.24743,1.6322009312924617,5.819389407548518,15.908302
2020-04-24,19.145998,1.6057049441956572,6.0470560441942975,15.265554
2020-04-25,15.172506,1.602487225455572,6.020117757260015,15.24225
2020-04-26,16.542967,1.6326577710225316,5.538450228579288,16.565954
2020-04-27,21.299107,1.629184608796851,5.605971168515197,17.426208
2020-04-28,21.778833,1.615477938687023,7.7523825505918005,16.351915
2020-04-29,18.114317,1.6197889247537165,7.308376985486528,16.952845
2020-04-30,17.926914,1.609404922023026,7.403836252529403,15.981705
2020-05-01,17.590174,1.6140396941108968,9.417575882160683,17.192188
2020-05-02,16.862886,1.6492246633466394,7.492484452011883,16.91983
2020-05-03,16.910355,1.6394625000027698,5.487936003409317,17.075861
2020-05-04,15.745799,1.6433968427412864,6.41863549898858,18.338512
2020-05-05,15.558394,1.6628377486548533,3.272519952971156,16.948204
2020-05-06,16.964945,1.6539991701083234,3.0005659950499592,16.857744
2020-05-07,17.030476,1.6493933494176836,5.140499849677758,17.888447
2020-05-08,20.3088,1.6568899155106824,4.352455457647016,22.004492
2020-05-09,21.50113,1.6757970186069056,6.726917220130059,21.83938
2020-05-10,23.775145,1.6700118254088068,10.062927322628735,20.683487
2020-05-11,17.469698,1.6662341023760896,4.459734227280641,19.296234
2020-05-12,15.418027,1.703506964988701,1.4453551878945232,19.614937
2020-05-13,17.389175,1.7259409816430857,2.5323587201806808,20.419819
2020-05-14,17.14828,1.7397847037701826,3.565877062782927,20.019869
2020-05-15,17.983932,1.74381356841151,2.2062727723152364,19.993843
2020-05-16,17.311064,1.7446638525912541,5.6488564715448835,19.569324
2020-05-17,18.531448,1.7610905929751854,7.115085916641056,19.791132
2020-05-18,20.873182,1.7705489786604747,8.431382360273526,20.243237
2020-05-19,19.217312,1.7435486421372832,9.021074163945297,20.47049
2020-05-20,20.17919,1.725750131740177,7.0330743619614475,21.669264
2020-05-21,20.766436,1.7352311266400857,5.757402724833939,21.862457
2020-05-22,22.4797,1.7409215866913343,9.506409390178327,20.654238
2020-05-23,19.715746,1.7693095320444552,10.590373323781904,20.434404
2020-05-24,18.435703,1.785563159476927,7.942353819810884,18.868793
2020-05-25,17.871027,1.7899034629908859,7.277256619613356,18.766325
2020-05-26,19.546068,1.7468255603148788,5.405387389248483,20.359474
2020-05-27,21.041643,1.7536675589422788,6.70130595716408,21.969528
2020-05-28,18.994244,1.831084340849804,8.591535175592059,19.606323
2020-05-29,19.94529,1.8243473850591982,6.496776317485504,20.302277
2020-05-30,18.852875,1.8425603036106595,7.776898915739674,19.978577
2020-05-31,21.192331,1.8425603036106595,7.460529085698099,20.82997
2020-06-01,22.747252,1.882902997025989,8.023625018053322,23.586277
2020-06-02,25.760618,1.8711362457860385,9.434848309688714,24.064688
2020-06-03,24.424088,1.8744766084104452,11.64899010703641,24.57259
2020-06-04,25.19963,1.930073230926352,12.714989456795443,23.797441
2020-06-05,20.584124,1.951616719878476,10.559643644009022,22.407305
2020-06-06,20.419113,1.9778681327365177,9.12227200733197,22.252567
2020-06-07,21.64729,1.9347341133478395,7.625571368124438,24.24901
2020-06-08,21.727997,1.9280719277839755,8.850337069731186,25.471573
2020-06-09,22.888144,1.9380542753092282,9.483396569387052,25.019577
2020-06-10,22.781155,1.9914259998745478,10.588809749716779,24.12588
2020-06-11,22.517498,1.969391461378012,11.594204330058858,24.691175
2020-06-12,26.355478,1.9750230846898387,12.035808807073854,24.553642
2020-06-13,28.450254,1.9981155535465889,15.79870003146177,24.28911
2020-06-14,25.268015,1.9995622922207748,16.4304012199212,24.377874
2020-06-15,24.808996,1.97880690406727,13.014254989533462,25.028004
2020-06-16,26.568583,1.9652318498678707,11.10224609506676,26.283144
2020-06-17,27.342112,1.9627711955696576,12.737835738040879,26.102934
2020-06-18,26.637735,1.9672811251978004,17.139500585523614,25.25262
2020-06-19,22.229189,1.9715121111603147,13.622043194315307,24.952223
2020-06-20,20.440844,1.9732707166802688,12.768284905348963,22.68191
2020-06-21,22.204174,2.0124440785045183,11.93310932966537,24.695047
2020-06-22,25.562595,2.012539364042883,11.079630075489797,24.955477
2020-06-23,24.291998,2.0607073996804695,10.403225062602267,24.814062
2020-06-24,25.613132,2.058113363682373,10.556042629996249,25.304365
2020-06-25,26.637735,2.076413756201329,14.736406354859504,25.210854
2020-06-26,27.342112,2.125193586348765,14.777447678057182,25.87226
2020-06-27,29.098663,2.1323603766805004,14.205013927034958,26.237303
2020-06-28,27.816206,2.1512690239491836,17.564510520811236,25.439192
2020-06-29,24.342535,2.1674452705029483,14.440929794943415,26.28482
2020-06-30,23.640842,2.1400282540253963,14.044242916651987,22.553034
2020-07-01,22.498945,2.154188064156248,14.710134905288566,24.39295
2020-07-02,24.291998,2.1543533999255957,14.059360437404683,25.233072
2020-07-03,23.40269,2.154188064156248,12.810483986651587,24.6341
2020-07-04,25.947598,2.1400282540253963,13.641688453262773,23.210804
2020-07-05,25.83292,2.146154371939298,14.826204408873682,22.739529
2020-07-06,21.688614,2.146154371939298,13.376710474685975,22.739529
2020-07-07,21.471657,2.144841020234643,10.73603357804797,22.928968
2020-07-08,21.28819,2.149201035143827,10.149242120228449,25.379622
2020-07-09,21.959717,2.1595558097468723,11.238993389406977,25.368818
2020-07-10,25.715015,2.153773863273144,13.225005153639898,24.481241
2020-07-11,21.959717,2.1431865101769487,9.521401244506698,24.897783
2020-07-12,21.959717,2.164926337957354,8.700111295547957,24.60125
2020-07-13,23.622793,2.2343572315717295,9.347600914800614,25.91872
2020-07-14,26.65476,2.2545277436905513,11.317298913091761,25.490452
2020-07-15,21.338728,2.2540055627753075,12.901500476655741,26.270344
2020-07-16,22.963774,2.2520450917335166,9.860361218120213,26.065802
2020-07-17,22.424276,2.2520450917335166,9.52648667547448,25.977423
2020-07-18,25.613132,2.2448720484792317,9.833540012762905,26.674736
2020-07-19,28.73892,2.2448720484792317,13.253673192559535,26.49322
2020-07-20,25.047125,2.2527874102849936,15.2826594793545,25.203394
2020-07-21,23.119864,2.256162225244186,11.856337715099349,25.269987
2020-07-22,22.799755,2.2659295115115374,10.06831724754168,25.395761
2020-07-23,23.1704,2.2486746414502403,11.049726860990464,25.998688
2020-07-24,26.46817,2.288114042120803,11.818348017474431,24.480387
2020-07-25,25.097662,2.306394816404163,12.64470099739224,26.06157
2020-07-26,24.052492,2.310959620908636,15.044947448112016,25.149374
2020-07-27,25.935118,2.306394816404163,12.410238370804407,26.035301
2020-07-28,26.167189,2.3102835187725446,15.927576541174144,23.475445
2020-07-29,23.10171,2.3074031705760705,13.32065557088227,23.507524
2020-07-30,23.711906,2.306111858255501,11.017604194317567,25.269987
2020-07-31,25.771013,2.3033421442837243,10.914280993683745,25.763283
2020-08-01,28.790913,2.3177997918660913,12.762161731584909,25.65008
2020-08-02,25.823006,2.313873091900527,14.915708232599918,26.018538
2020-08-03,23.961481,2.348246952102228,13.500386280864245,25.092201
2020-08-04,23.484966,2.3677830334316186,11.631344838436704,26.065897
2020-08-05,27.261148,2.379295623358065,12.017742125764213,26.202974
2020-08-06,29.06357,2.3797920138007025,14.690180277699813,25.954672
2020-08-07,30.0129,2.3851247411806495,16.56625586771901,26.818136
2020-08-08,30.769737,2.381841245158911,18.607270949403517,26.886873
2020-08-09,30.769737,2.3836292400497645,19.75861833527079,27.07423
2020-08-10,30.769737,2.397045741141945,19.192721428269895,27.21515
2020-08-11,30.1174,2.3857963394463355,17.65441691592443,25.652016
2020-08-12,29.91037,2.4020303572063453,16.807237702793977,26.315968
2020-08-13,30.0129,2.4167909158629857,17.48764766986763,26.796442
2020-08-14,26.620575,2.4205641573468535,17.035153052984143,27.210403
2020-08-15,29.06357,2.4224437201760103,16.365163014910255,27.210403
2020-08-16,29.048126,2.425903500700399,17.539886487992394,26.312714
2020-08-17,29.004044,2.4273722046004313,17.13571303894456,26.216879
2020-08-18,23.440884,2.4275192623119897,16.296409225991884,25.70697
2020-08-19,25.778923,2.431911808475093,14.286257881837116,26.094664
2020-08-20,29.968817,2.441020340468676,14.620720418049547,26.287582
2020-08-21,30.623125,2.4518382644280172,17.514436502721264,25.241478
2020-08-22,26.473963,2.4625004226891276,18.637737444249286,25.429256
2020-08-23,23.777369,2.4405502250766418,16.095183486219316,23.769117
2020-08-24,23.293499,2.4391462889254685,13.742126080955218,24.311623
2020-08-25,23.527803,2.4575145663563003,12.26366315391778,24.172577
2020-08-26,20.738031,2.4454040598058504,14.198795146035614,19.910408
2020-08-27,21.13568,2.4392577904052004,13.47186126987485,20.615229
2020-08-28,23.730145,2.461279636135907,10.071472326716862,22.469576
2020-08-29,23.461195,2.45809222661082,13.526630950432672,22.464054
2020-08-30,23.100168,2.4596662077724583,13.499393664206085,22.525892
2020-08-31,22.377108,2.4784459674933315,12.035705164958639,23.374565
2020-09-01,21.082706,2.4756693390597926,9.694102769951003,24.00413
2020-09-02,21.082706,2.4796239662960375,9.568992635087781,23.38457
2020-09-03,23.138578,2.4659873961582823,10.27119261907086,22.997822
2020-09-04,22.94876,2.4659873961582823,11.791222275181752,22.997822
2020-09-05,20.639181,2.4951697500398593,11.955332998545636,23.423824
2020-09-06,21.04041,2.484134698886168,9.357294969795916,23.042345
2020-09-07,20.89681,2.485092022239166,8.158113905207644,23.52225
2020-09-08,21.559917,2.4761681868868584,8.77911586305428,22.77422
2020-09-09,23.657145,2.4761681868868584,13.38257607180134,23.102726
2020-09-10,20.852612,2.4872026798926683,10.164424130686735,22.941275
2020-09-11,22.158691,2.4786193637126037,9.838051762194311,22.738407
2020-09-12,24.637209,2.4698510781052008,9.29027085493031,21.473219
2020-09-13,22.695303,2.484106924948021,10.30729179662404,20.212934
2020-09-14,26.219511,2.4802900471546754,11.292216038900857,20.416878
2020-09-15,27.364346,2.481849533050754,13.94992630054612,19.979845
2020-09-16,25.69488,2.4860656741706686,13.56749239963462,19.717827
2020-09-17,19.504652,2.4726611459769705,11.465783378157354,19.823414
2020-09-18,19.877392,2.4799544302292493,5.417165074351374,20.295382
2020-09-19,21.289192,2.4798953557823937,6.096435557265644,20.311316
2020-09-20,21.922411,2.4814548416784725,7.810493927426538,20.191423
2020-09-21,22.831972,2.4798953557823937,7.37069924855521,20.187134
2020-09-22,24.482052,2.483560681801005,9.35987114218322,20.006395
2020-09-23,24.993572,2.481211260605996,11.694171742110676,19.368689
2020-09-24,21.813375,2.485560889562982,12.999176457253661,19.249063
2020-09-25,18.291637,2.4827707465020747,10.81501088173388,19.238693
2020-09-26,15.789382,2.4953129961855325,9.075516252957387,18.233267
2020-09-27,15.9494,2.481211260605996,6.396654617657771,17.814367
2020-09-28,17.699404,2.481211260605996,6.88948302897568,18.617964
2020-09-29,17.699404,2.483264573124148,9.256051764674604,19.154919
2020-09-30,17.699404,2.483264573124148,6.603799534487567,19.258125
2020-10-01,17.076344,2.481211260605996,7.122883955794439,16.718328
2020-10-02,17.207424,2.4953129961855325,10.252183314160982,16.528704
2020-10-03,19.726686,2.4946709768328956,11.701873905084685,16.534811
2020-10-04,17.670418,2.487531715986285,9.089370573759092,16.788044
2020-10-05,16.914787,2.487506816654017,7.3186156783464025,16.10173
2020-10-06,16.062416,2.4903898295567126,8.185730088225688,15.841413
2020-10-07,15.941028,2.485560889562982,8.399167285930309,16.042519
2020-10-08,16.130371,2.4981711061847482,7.700596217559849,15.442472
2020-10-09,16.4254,2.4906612907032573,9.15056502337506,15.938055
2020-10-10,14.8439455,2.4833907051219053,7.430413971517748,15.88989
2020-10-11,14.074502,2.48527641600121,4.188977022301449,15.962267
2020-10-12,13.988062,2.474515587572996,4.167674403580027,15.890373
2020-10-13,14.615119,2.474515587572996,2.136490668534801,15.760281
2020-10-14,13.37064,2.4851298744365597,7.95173639271427,15.097227
2020-10-15,13.751586,2.4753723215165504,7.982625054299684,15.219272
2020-10-16,13.623601,2.47293609885533,6.093156322564031,15.708762
2020-10-17,13.8030815,2.4655328348717833,5.675445624614271,15.746316
2020-10-18,13.312254,2.457165414092387,5.879890356610052,15.057119
2020-10-19,14.336131,2.4694874621080283,4.21722589096729,15.630645
2020-10-20,14.385789,2.4581500066285153,4.016570796649916,15.800208
2020-10-21,15.857871,2.45621589540039,7.821157018232771,15.638191
2020-10-22,17.324028,2.45621589540039,11.667434939021831,15.144184
2020-10-23,16.223225,2.4639412968271497,10.233613365134662,15.198255
2020-10-24,15.747951,2.454577367321564,8.920445501859785,15.495198
2020-10-25,16.288252,2.4271129113205117,8.589397722468405,15.593331
2020-10-26,15.192447,2.444095004943011,7.723828663581921,14.072161
2020-10-27,14.275868,2.4223429692759972,5.162297323151279,14.725505
2020-10-28,14.514378,2.4217009499233604,7.271331192892989,14.479948
2020-10-29,13.648811,2.4247759549040633,7.76371402887197,14.50127
2020-10-30,14.514378,2.41568142363869,6.012001760212647,14.43913
2020-10-31,15.366327,2.4332669600959194,9.991139672809906,14.053125
2020-11-01,14.231986,2.408087669699479,7.660711738996518,13.374677
2020-11-02,16.216223,2.407765828170895,12.29377967804486,12.905515
2020-11-03,14.555378,2.4151943903096234,8.11860972122753,11.84279
2020-11-04,11.392828,2.4124734942620116,4.7054203808039805,11.308924
2020-11-05,11.392828,2.410523147172996,2.607587519518705,10.381106
2020-11-06,11.512436,2.4224876375049744,5.907928193145882,10.254096
2020-11-07,11.447409,2.4276803503931315,3.8902576495548824,10.733978
2020-11-08,10.770282,2.4067196411323883,0.40026792967612757,10.342881
2020-11-09,9.870221,2.3922605141014586,2.827360268233197,10.606344
2020-11-10,9.501146,2.39975759905116,3.0782281811265415,10.463971
2020-11-11,9.436119,2.385400388212105,2.640147040486366,9.869592
2020-11-12,10.75378,2.3649660615578263,4.623432071854454,10.639237
2020-11-13,11.198816,2.368558014188875,4.79184366778791,10.670256
2020-11-14,12.145082,2.36513058134998,6.922206106127068,10.670256
2020-11-15,11.742165,2.3295850860855714,6.815534230274031,10.3831415
2020-11-16,10.101605,2.3259367232228962,6.402469594854476,9.758815
2020-11-17,9.61278,2.3253647137053344,6.732054497501669,9.046804
2020-11-18,10.195514,2.326698015756933,6.855378111922901,9.168127
2020-11-19,10.367869,2.334007946265441,6.715058589785094,9.952828
2020-11-20,6.296708,2.3014054672494906,0.9497522120241033,7.9137053
2020-11-21,7.0147524,2.30511957957866,-1.3398341320643068,7.3498445
2020-11-22,8.953793,2.291724154941089,4.7439256223294315,7.724198
2020-11-23,7.9848027,2.2869419729144513,4.128364281405501,6.493989
2020-11-24,6.8987255,2.292295651365065,1.1068305395879738,5.7651486
2020-11-25,4.93227,2.2761912088771985,-0.8147654540940721,4.9652066
2020-11-26,6.5971813,2.2673061306866527,-0.09294128203345142,5.210021
2020-11-27,5.74854,2.222138391037345,1.9872800882120263,4.1003532
2020-11-28,5.061407,2.222138391037345,0.4334512454272703,3.913599
2020-11-29,5.061407,2.221097441319867,-1.4110762571814899,3.7217336
2020-11-30,3.4332647,2.2228642515996935,-0.7392323846218085,3.4447787
2020-12-01,4.7148666,2.0787515175140867,-0.19201115110050182,3.5898015
2020-12-02,2.7758954,2.0684073720461837,-3.2105922130743716,3.0695014
2020-12-03,2.7786572,2.1173850991143253,-2.776838599978201,4.179086
2020-12-04,4.287288,2.0997953878374886,-1.7735617163635453,4.195659
2020-12-05,5.813567,2.073137592697827,-0.053282298801166306,3.3694174
2020-12-06,8.673847,2.053973182584158,2.0457684742309183,4.195659
2020-12-07,7.9848027,2.101469809903093,3.535448230076757,4.464886
2020-12-08,6.8987255,2.042351645097691,1.727066115822831,3.6668682
2020-12-09,4.965914,2.024953542467325,1.357570592070556,4.338988
2020-12-10,2.361604,2.0216841489609787,-1.3692693902609117,3.866727
2020-12-11,3.3895135,2.0567148479115906,-1.2420878134199294,4.3038335
2020-12-12,4.846405,2.0280867210711,0.36896909520811505,4.2743745
2020-12-13,4.507504,2.035087884202496,-0.0778141589993675,3.0014892
2020-12-14,6.16765,2.01909677048489,2.266009112141424,4.7395005
2020-12-15,7.2677994,2.0180675756322426,1.729301222782187,5.067513
2020-12-16,7.0712366,2.0404567744299205,4.976391572758988,4.4660153
2020-12-17,7.315776,2.064832707244781,1.026003708811615,5.8088393
2020-12-18,6.7287197,2.0385999261444785,2.4063671322168614,4.9509315
2020-12-19,6.0646133,2.014836674851692,0.7622187261107465,5.8088393
2020-12-20,5.2579727,2.0271227889825028,0.0688352445610736,5.019668
2020-12-21,6.16765,1.9825659444399772,1.7970364979592137,5.610504
2020-12-22,10.219068,1.999433004613747,3.800842203184825,7.4144874
2020-12-23,7.7282405,2.002858730322504,3.4817854323290085,4.2845373
2020-12-24,9.151676,1.9865523729920684,2.613438354604578,6.8670597
2020-12-25,5.122078,1.9407972105030544,0.6841729388241102,5.8133807
2020-12-26,3.8108354,1.9524585836343253,-1.5295317308973484,5.834043
2020-12-27,4.7538543,1.9646267131623005,0.7044103517964961,8.026992
2020-12-28,5.9191284,1.9392351224805573,1.1611078381053703,6.3456416
2020-12-29,5.359742,1.9367194040452649,-0.02785722782214428,5.7970133
2020-12-30,5.6215863,1.931811746905709,-0.2875199292459927,6.309047
2020-12-31,4.220475,1.9297814539877423,0.17094125145038674,5.884088
2021-01-01,4.120713,1.9497084535668343,-0.9259694327685573,3.755594
2021-01-02,4.867174,1.9525533808551176,-0.43648749173380086,4.0313706
2021-01-03,3.7198303,1.9142480188411102,-0.6874447578974037,6.397494
2021-01-04,2.7325075,1.938890211380849,-0.5870893201395093,4.510422
2021-01-05,3.5687754,1.9362387034568342,-0.5578563166793211,4.9657774
2021-01-06,3.449267,1.9515205027697955,0.1181444685278219,4.1780787
2021-01-07,3.1133468,1.9744862009447233,-0.14307385170411635,4.3334293
2021-01-08,2.6260147,1.9747805216118688,-1.445223288029899,3.1462047
2021-01-09,2.9619343,1.9617074399837011,-0.9364497847959257,3.1615183
2021-01-10,2.9647555,1.8371448768725753,-0.969744420017947,3.6896257
2021-01-11,3.8529456,1.8394132187179715,-1.184405182188887,6.3460474
2021-01-12,4.6504354,1.8238566118972805,-0.18377805084884447,6.601221
2021-01-13,4.726349,1.8463853638584897,-0.47164567425250326,7.3022394
2021-01-14,3.513346,1.8071198176779624,-1.2593626064469232,4.98611
2021-01-15,1.9338257,1.7527202269556639,-4.726832754268625,4.761961
2021-01-16,1.3395587,1.74522629309353,-4.5582525261948375,4.0498247
2021-01-17,0.7497699,1.751942399046929,-5.536655076232768,2.3652778
2021-01-18,3.432214,1.744463967752004,-6.443377209091122,3.6421142
2021-01-19,6.523265,1.75317275741088,0.4683039613436666,6.0067897
2021-01-20,8.353432,1.7523061638660469,1.9834643108448669,6.085575
2021-01-21,10.019273,1.746082587247163,4.3739866885387775,6.968708
2021-01-22,9.646465,1.7527779655337252,3.3213548985560255,6.3816333
2021-01-23,2.9619343,1.7567872218743261,0.1965579998960889,1.7380816
2021-01-24,2.9619343,1.7488086088179007,-1.9335591905611826,1.6918739
2021-01-25,3.3006756,1.71737439691027,-1.4852802395792413,2.9412827
2021-01-26,3.432214,1.7437409295130677,-3.23459899240748,4.451577
2021-01-27,4.494183,1.7438163766158479,-1.5023889138706963,3.7633655
2021-01-28,3.7477224,1.7468364767374158,-0.7093169637139436,3.669314
2021-01-29,1.4983817,1.7167673555799627,-4.054393094810032,2.704557
2021-01-30,2.6260147,1.7132266460932972,-3.344155987035731,2.470719
2021-01-31,0.31251118,1.7311841021823482,-7.544576045293126,2.142604
2021-02-01,1.7435542,1.735452603858923,-9.074456600029762,4.3782105
2021-02-02,2.8511212,1.7040303761134932,-1.5665842985428693,3.9249406
2021-02-03,6.9116383,1.7251768274974506,0.2421088717234383,5.207002
2021-02-04,5.440893,1.7132883426103642,-0.7044764704248321,5.2980256
2021-02-05,3.513346,1.7141903448682516,-1.6074772540194262,5.634889
2021-02-06,2.7221823,1.7039481615880931,-2.598315945374469,7.7383165
2021-02-07,1.7614189,1.6783340903316533,-5.9071185213130155,8.276156
2021-02-08,1.7274172,1.6723985959599665,-9.613696126536677,7.4559946
2021-02-09,0.42518488,1.7139170215161226,-11.891109714685921,5.2061753
2021-02-10,0.42518488,1.7114263171122244,-14.704701963680382,5.9631696
2021-02-11,0.7639259,1.6450960791465694,-13.572904466892954,6.903229
2021-02-12,0.42518488,1.6481070586307471,-12.999370452520527,5.331786
2021-02-13,0.8624437,1.6481070586307471,-12.416629915564354,4.5882177
2021-02-14,0.62185013,1.6215955381544416,-14.014914419526871,4.8924265
2021-02-15,4.153729,1.6113374344517593,-15.057852092894095,7.417176
2021-02-16,5.8423877,1.6327836967449687,-2.809976973306962,9.445566
2021-02-17,8.5381975,1.6182285571130421,0.7688430034576701,9.879691
2021-02-18,10.812268,1.6227264638279955,-0.12549405190388985,9.410554
2021-02-19,9.993922,1.5747497856025596,1.678425889424254,9.565935
2021-02-20,11.144487,1.5847288418729915,-2.1895161591823173,9.2449465
2021-02-21,13.056288,1.5719481899936305,0.8858577402163528,9.647061
2021-02-22,11.144487,1.5934219477390252,-1.3792883660740873,9.193992
2021-02-23,13.649265,1.5887917913349212,-1.3425391657657766,9.129423
2021-02-24,14.282675,1.5805177260386885,2.5193446663572807,8.988246
2021-02-25,14.282675,1.5840416815075133,2.568724993402447,8.946284
2021-02-26,9.954633,1.5619816530123354,4.094016431096279,9.100646
2021-02-27,9.33971,1.559701507984953,1.516154786983332,7.815158
2021-02-28,7.698957,1.56619404573465,0.1235888024542966,7.1624527
2021-03-01,8.771876,1.6045785087399302,0.2572903601946823,7.1149073
2021-03-02,10.063198,1.572740713974921,-2.381624766722326,8.464317
2021-03-03,11.637565,1.5559284251739798,-2.735633905645382,9.376068
2021-03-04,7.63987,1.5534201387393733,0.9283610999761986,9.991941
2021-03-05,7.63987,1.5487401828529201,-3.0330947584343084,9.291909
2021-03-06,6.8059797,1.5481267680757573,-4.452086858264782,9.259552
2021-03-07,7.228303,1.5570001483344356,-0.6508044692591852,9.137228
2021-03-08,7.30113,1.5640461549004354,-4.477108546936752,9.591487
2021-03-09,7.30113,1.5775934024773208,-4.6269561567846305,10.075476
2021-03-10,8.708291,1.558745584154836,-5.050426616474486,9.923849
2021-03-11,11.621451,1.569891319519082,1.1375995226069788,9.877578
2021-03-12,11.063932,1.5675908655609454,3.2832358872576526,10.642991
2021-03-13,10.358608,1.5642436566249562,2.7316472852753177,10.918022
2021-03-14,10.2250395,1.5601274085973822,2.8060888971301545,10.766908
2021-03-15,9.124888,1.536520774228231,0.1885690636767352,11.240066
2021-03-16,9.183274,1.4972258298661523,0.677340037065207,11.508284
2021-03-17,8.721395,1.4962598679425196,-1.0889696393439845,11.808996
2021-03-18,9.785488,1.4793257920793674,-3.715624579283735,12.250613
2021-03-19,8.008408,1.478061212374589,-4.468586893479567,11.642382
2021-03-20,6.6222196,1.478061212374589,-4.9267452258814926,11.5358515
2021-03-21,10.537512,1.5051301150506786,0.5838339340887897,12.211512
2021-03-22,10.715322,1.48783883722701,-2.709799266417318,12.464591
2021-03-23,9.995295,1.4975308591750127,1.7925928021693842,12.39973
2021-03-24,12.702887,1.4948249880006126,1.0638577540073948,12.456245
2021-03-25,14.446876,1.50624292560944,-0.05987902548312185,13.161892
2021-03-26,14.609825,1.5150483021267376,1.1268871355126597,13.298755
2021-03-27,11.939405,1.511381852030358,3.774700241092517,12.195083
2021-03-28,12.277352,1.5006663308176638,0.02970833000729023,12.404207
2021-03-29,15.508944,1.5009501991943222,5.039204090673365,11.604094
2021-03-30,16.800573,1.50008649480589,4.582666577844337,11.888046
2021-03-31,18.783325,1.5153089861803994,3.290915320731321,12.587316
2021-04-01,15.34884,1.5078868726735657,5.434788611975378,12.128384
2021-04-02,12.051717,1.506141465028834,0.48699553339108714,11.273173
2021-04-03,10.642423,1.5022180171858242,1.1760772373468775,10.442262
2021-04-04,10.817353,1.5022180171858242,-1.550334312322443,11.486966
2021-04-05,8.894125,1.5308023146530345,1.5928957618606843,11.588879
2021-04-06,9.79791,1.5275182364712456,-1.1803212647631103,12.07617
2021-04-07,10.691101,1.5275182364712456,-0.7082115797720583,12.237501
2021-04-08,11.512867,1.5275182364712456,0.038450089688379485,12.164352
2021-04-09,14.100319,1.5008466265195655,0.3913624530768418,12.775359
2021-04-10,12.256376,1.5034544835701156,2.003608180359567,14.581785
2021-04-11,17.058023,1.5003214356102135,4.233791280100933,13.531694
2021-04-12,12.039011,1.5003214356102135,1.1733668967863142,13.758252
2021-04-13,12.525952,1.5083185334949776,-0.4979477476513807,13.871848
2021-04-14,12.167195,1.5090647953493534,-0.6356844796197576,13.999958
2021-04-15,11.183167,1.5098790244737734,-1.5460378488719,12.734458
2021-04-16,13.136046,1.5275894221798498,0.7522866029601731,12.549326
2021-04-17,13.395095,1.537402760026797,1.533447386342865,13.734059
2021-04-18,14.19334,1.586152182867123,3.560129851538378,14.582938
2021-04-19,15.82701,1.586152182867123,2.102824328807807,14.539694
2021-04-20,15.82701,1.5902684308946973,2.9490683061134,15.391136
2021-04-21,15.444077,1.5727219314519927,2.5276683171827745,14.901042
2021-04-22,12.69792,1.6007092209321356,2.532632833906471,13.069694
2021-04-23,13.353582,1.6016161382371312,2.624899470318436,13.913981
2021-04-24,13.195261,1.605324163900199,1.6256708690583705,15.092583
2021-04-25,12.825171,1.6034781501818867,1.8848372200660952,14.602556
2021-04-26,12.4727955,1.6145152756844734,-1.8435304148228626,15.795996
2021-04-27,13.970711,1.6039349899119564,-1.510450371126245,15.451648
2021-04-28,17.358137,1.602307841404588,1.888553564496605,16.161892
2021-04-29,16.972507,1.6040480105410164,5.992863768775258,15.981677
2021-04-30,14.737822,1.6059057915212651,5.256102868400616,15.887095
2021-05-01,15.816758,1.6338576956390813,4.88806679729999,18.602135
2021-05-02,14.794274,1.6032388187938977,5.079874565390193,17.657988
2021-05-03,14.865807,1.6379326478135527,5.141476654745217,16.312662
2021-05-04,15.229093,1.6400377438716671,5.811104978779541,15.706543
2021-05-05,14.760216,1.6400377438716671,6.116452977600771,15.706543
2021-05-06,14.818337,1.6542477120795258,5.532860748021319,16.458246
2021-05-07,14.737822,1.652202506451988,5.219040957934544,17.854015
2021-05-08,15.924686,1.6504623373155596,4.94077509811922,18.005884
2021-05-09,22.454962,1.6538641132819403,5.316140171801424,19.322691
2021-05-10,24.020144,1.6582012953482153,5.332703738819609,19.717218
2021-05-11,24.22053,1.655918165767093,5.304555312243144,19.940035
2021-05-12,17.396112,1.668412844839099,5.279936724008677,19.740522
2021-05-13,16.044153,1.7022918442492518,5.3682536694381815,19.812405
2021-05-14,15.417093,1.718805668317825,5.352857140615193,19.453943
2021-05-15,18.729282,1.736278860454945,5.207809288188416,19.87172
2021-05-16,18.50114,1.7416039764140874,5.3263148712129995,19.93457
2021-05-17,18.644308,1.7347299165289598,5.273122414328927,19.982847
2021-05-18,18.456564,1.758027108300751,5.146624283415831,19.994835
2021-05-19,18.336443,1.7605952657403954,4.9599810448572725,20.549726
2021-05-20,18.336443,1.7385300520453317,4.919240584480279,20.370493
2021-05-21,18.994244,1.7435002571441054,5.409284026127223,19.812578
2021-05-22,17.991148,1.7386602063703163,5.549629725575539,19.592978
2021-05-23,17.991148,1.7472423432234332,5.184466537786667,20.260523
2021-05-24,20.232033,1.7599256047174514,5.074115131408912,20.312656
2021-05-25,17.871027,1.7793405246607166,5.264452992458556,19.596556
2021-05-26,17.991148,1.7836808281746752,5.279710478879918,19.596556
2021-05-27,17.991148,1.7789908830903762,5.215305237300702,19.596556
2021-05-28,18.456564,1.7819037768361696,4.817260457178713,20.542198
2021-05-29,18.482239,1.827451821582826,4.809122928884586,19.858904
2021-05-30,18.996864,1.8382680855801197,4.618450176003927,20.142609
2021-05-31,20.424084,1.8005580072576808,4.535512772663162,22.54341
2021-06-01,22.418709,1.8600575782878355,9.278896019229514,24.140675
2021-06-02,23.038378,1.8690940889171006,8.754943598520006,23.987337
2021-06-03,25.244467,1.8844931409737757,11.320609912634342,23.940256
2021-06-04,23.97387,1.8723460259360771,12.069125399039578,24.47144
2021-06-05,26.286325,1.8918847178314349,11.780490076608316,24.76363
2021-06-06,25.847027,1.8943577255104909,13.87101396045916,25.494995
2021-06-07,25.488756,1.9205025306904813,12.134864496365568,25.105446
2021-06-08,25.619349,1.9229293926319677,11.360005155566714,24.76363
2021-06-09,25.847027,1.913784555111069,12.084965720538097,25.839397
2021-06-10,26.286325,1.9146440627742447,13.478602566846426,25.673882
2021-06-11,26.286325,1.9331867674337684,13.144289885550613,25.325153
2021-06-12,22.16909,1.987685399334011,14.288844991545446,22.894356
2021-06-13,21.05056,1.9861786085282163,10.397695880194513,22.465992
2021-06-14,25.891155,1.9473327231685265,8.444429741466283,25.739618
2021-06-15,24.104406,1.9481920576737934,12.693958620782471,25.673286
2021-06-16,26.971027,1.957778728109822,11.35270323578931,25.673286
2021-06-17,30.667208,1.9691260641104258,15.878161224532992,24.787907
2021-06-18,30.667208,1.9691260641104258,18.805155999054428,24.952223
2021-06-19,30.717745,1.9439648258260092,18.85434414916191,25.944378
2021-06-20,30.667208,1.9543898812828169,18.590164953846454,25.062431
2021-06-21,29.829662,1.9543898812828169,18.573236315668257,24.638365
2021-06-22,23.119864,1.9858357297610407,15.051714890638259,24.94999
2021-06-23,23.622793,1.9873777840932063,12.532882128682717,26.284298
2021-06-24,22.424276,2.0390317663958717,12.458805554360175,26.418274
2021-06-25,23.622793,2.0390317663958717,10.803958269508147,26.265156
2021-06-26,25.097662,2.055428879689256,12.89152370012248,26.739086
2021-06-27,25.935118,2.1136589507357497,11.554073602589606,26.83901
2021-06-28,29.011578,2.1233083930245202,13.80311559898648,26.625883
2021-06-29,27.866743,2.135718692141115,16.55395983958342,26.355644
2021-06-30,21.709444,2.1415069722711975,14.065041069822282,24.542387
2021-07-01,20.065554,2.145081112794631,11.829519070369205,23.110157
2021-07-02,23.572256,2.154188064156248,11.794664353622071,24.577656
2021-07-03,23.711906,2.1645480549537464,11.945503792714902,25.43631
2021-07-04,26.129284,2.1731050636389453,12.120837006978022,26.316206
2021-07-05,24.10303,2.1620654029967117,13.742664358984243,25.436432
2021-07-06,27.816206,2.160719590764862,13.259587170686139,24.814241
2021-07-07,23.762444,2.1843281167341777,14.355693559710463,26.207462
2021-07-08,23.1704,2.1779619062602875,13.239536010726841,26.357279
2021-07-09,22.37374,2.149195818949374,14.109233383900662,24.597307
2021-07-10,24.122433,2.149195818949374,11.666564357271543,24.561222
2021-07-11,25.88458,2.154012409231469,13.226350148228281,25.29594
2021-07-12,25.613132,2.1667950361462642,15.277692293314466,26.322342
2021-07-13,27.816206,2.172059711769088,14.737230998123259,25.436432
2021-07-14,24.291998,2.2461127371888914,16.50514033176438,25.479027
2021-07-15,25.935118,2.252941295094929,14.525088789172862,26.175915
2021-07-16,27.209156,2.257992226360721,14.608971352119102,25.490452
2021-07-17,26.637735,2.2506911732598134,17.14614912604639,24.837355
2021-07-18,26.078747,2.256472754884144,14.891074703135292,24.788607
2021-07-19,21.959717,2.2547750908689386,12.520394501419725,25.01295
2021-07-20,21.524624,2.2555095744036864,11.199993413961035,25.718822
2021-07-21,23.1704,2.2574700454454772,12.136199289055162,26.11087
2021-07-22,23.1704,2.25154008584665,12.813362147112336,26.148504
2021-07-23,24.10303,2.260260479885631,12.643722960196898,26.132664
2021-07-24,27.158619,2.269288147821457,12.49640061453438,25.229662
2021-07-25,28.475199,2.2972866575623403,16.841334205500196,25.186445
2021-07-26,27.866743,2.3109235667547114,16.262613193266645,25.930809
2021-07-27,25.88458,2.3050793959797833,16.4310014040799,25.172304
2021-07-28,25.047125,2.313995177695912,14.867583805863116,25.186445
2021-07-29,23.65644,2.3078345703017447,15.456322715994844,23.035147
2021-07-30,24.81245,2.302825126252301,13.188860980025755,24.670883
2021-07-31,23.245216,2.302201391367558,15.554676738524986,22.360588
2021-08-01,23.30173,2.3033421442837243,12.901926887080784,24.821321
2021-08-02,22.514544,2.314023426681108,12.50183489576981,24.228634
2021-08-03,23.222393,2.3120645946944185,10.73992258573465,26.018538
2021-08-04,23.222393,2.3501587711297227,12.475984623450502,26.018538
2021-08-05,24.155022,2.373115760811565,12.030550637394064,25.838253
2021-08-06,25.068947,2.379295623358065,11.562175190796925,25.284481
2021-08-07,24.21129,2.3755069618322424,13.316035679221145,24.85282
2021-08-08,23.501238,2.3672079475580987,13.879442172502436,23.375906
2021-08-09,23.711906,2.3734464605073726,11.39507196325408,25.792757
2021-08-10,23.814436,2.3782965126698175,11.898276872532952,26.183273
2021-08-11,23.484966,2.394159611565109,11.794113648698099,26.674906
2021-08-12,26.740265,2.400629133037539,10.669301944386774,27.431314
2021-08-13,28.577728,2.408930445063141,14.97221421638707,26.909645
2021-08-14,26.518045,2.4028230682805427,14.40432167264455,25.780457
2021-08-15,26.620575,2.4167909158629857,14.1438022057762,27.257763
2021-08-16,23.575733,2.4133389421168046,13.414869266689639,23.61799
2021-08-17,20.723852,2.4239902513587857,10.698206233337299,22.404108
2021-08-18,21.1654,2.4178967239249842,11.503352768308723,23.457676
2021-08-19,22.234589,2.4201928324529014,13.38603604761953,23.219315
2021-08-20,22.329657,2.433419837908227,13.242469217830248,25.571169
2021-08-21,23.630703,2.4336952384723496,11.66057518001002,26.547857
2021-08-22,22.329657,2.452358193460046,13.223530506990294,25.411251
2021-08-23,21.57716,2.4407866338020674,11.394628081731732,22.991274
2021-08-24,22.185106,2.4391462889254685,10.382532471254518,23.9942
2021-08-25,22.841106,2.4405502250766418,8.749537595034878,24.314877
2021-08-26,20.210354,2.4405502250766418,11.284809410489151,23.410608
2021-08-27,20.09888,2.4596151523952563,9.031129159573503,23.416077
2021-08-28,21.485714,2.4532310853172263,9.127312602071285,23.397543
2021-08-29,20.619911,2.4532310853172263,10.497966714126775,23.423811
2021-08-30,20.854513,2.4381432921730606,11.353102727130889,22.654594
2021-08-31,21.145895,2.442005262902191,11.586718132534966,21.506645
2021-09-01,22.31554,2.49123128078825,9.452218027768994,23.477482
2021-09-02,22.357838,2.4859677257610033,11.084816599844187,23.765236
2021-09-03,23.200146,2.4899223529972487,8.585525002991176,23.546219
2021-09-04,21.568336,2.4921034843778718,10.420190801151177,23.67326
2021-09-05,22.728483,2.4936629702739506,9.975569879389104,23.545107
2021-09-06,22.728483,2.5015135095048255,9.786713114387403,23.607164
2021-09-07,22.728483,2.500462957999818,10.271699552574415,23.869946
2021-09-08,23.900618,2.493830923044298,10.025959088009179,23.870369
2021-09-09,25.171215,2.493830923044298,11.096069752846985,23.960203
2021-09-10,25.095316,2.493830923044298,13.815916182231415,23.629333
2021-09-11,23.71282,2.49564702539659,14.02102545582894,23.066988
2021-09-12,21.525473,2.4904772363098933,12.889558138447097,22.526112
2021-09-13,20.579746,2.4889177504138145,11.279982842180695,21.787436
2021-09-14,21.785742,2.4889177504138145,9.913916473539292,20.498688
2021-09-15,21.975561,2.496364060871879,12.018779225916582,20.137642
2021-09-16,19.439121,2.484006614455381,14.020509963647116,19.64841
2021-09-17,18.432587,2.484006614455381,11.865728617880162,19.414413
2021-09-18,19.353031,2.4792756485509053,10.544721346013413,19.934353
2021-09-19,18.754177,2.488199504412308,8.75834628491888,20.187134
2021-09-20,18.754177,2.4901937424836045,6.846126048772464,20.318132
2021-09-21,18.754177,2.4959693694995972,7.5303619817644405,19.90138
2021-09-22,18.81273,2.493729202072459,8.688124125234015,19.90138
2021-09-23,19.27067,2.5064039231426407,9.686846035575225,18.815489
2021-09-24,18.712132,2.49646242377853,9.959469828593429,18.771862
2021-09-25,20.522789,2.4846502914500315,12.449959532864922,20.091457
2021-09-26,22.332237,2.49174473599645,9.948114495279995,20.426497
2021-09-27,20.371557,2.4878443212885952,12.308721712862173,20.023523
2021-09-28,17.699404,2.4878443212885952,11.318588923609632,18.788084
2021-09-29,17.097536,2.4954488051276176,9.428398954231927,18.722591
2021-09-30,16.67723,2.492269862065503,6.954355746302368,17.908674
2021-10-01,17.246372,2.4880829414244086,6.407644047380775,17.529673
2021-10-02,18.546465,2.4917180511756793,7.419702345553425,17.443645
2021-10-03,19.321762,2.4953448670462053,12.133792898474583,16.556978
2021-10-04,17.520899,2.4878443212885952,10.540953331303056,17.731651
2021-10-05,16.962255,2.4941398773366164,9.5921374435011,17.556993
2021-10-06,16.962255,2.4941398773366164,9.065394236137987,17.085407
2021-10-07,17.24372,2.489897633806747,4.373027710365588,17.580729
2021-10-08,16.486967,2.4878443212885952,8.036129071465979,16.554764
2021-10-09,15.324732,2.5002208587062253,3.1281243717519813,14.970508
2021-10-10,15.01489,2.489324175735649,1.107219772641579,15.689921
2021-10-11,15.2631645,2.493075643477802,2.5348139817032416,15.758898
2021-10-12,13.838026,2.4914750463670132,5.794477957621138,15.571725
2021-10-13,13.926495,2.489805034798551,4.005428049602823,15.962267
2021-10-14,14.378643,2.4779412464745265,5.783089982141757,15.392159
2021-10-15,14.5489025,2.4772992271218897,7.102940489323217,15.255491
2021-10-16,14.615119,2.489496938334336,3.819105345668183,15.765278
2021-10-17,13.988062,2.485776172108194,5.101428761754666,15.708762
2021-10-18,15.476771,2.475778115481181,6.518914891905979,15.643484
2021-10-19,15.857871,2.4631519172145575,6.017743799032944,15.785467
2021-10-20,16.236897,2.471283053020276,10.166480351774014,14.543991
2021-10-21,16.236897,2.4749998825791413,8.111660196941523,14.767465
2021-10-22,12.942164,2.4734083445345076,5.934530724378273,15.285087
2021-10-23,13.499683,2.4605757866337954,4.086110086302201,14.606924
2021-10-24,14.116834,2.476581718776713,3.2725499128561877,14.849868
2021-10-25,13.648811,2.4732697507842305,1.501453510049763,15.025134
2021-10-26,14.275868,2.4466418235615905,3.2297157852059306,15.159767
2021-10-27,15.4204235,2.4287263570713584,7.120585015540727,14.863997
2021-10-28,15.6278305,2.4441175437385576,5.271934964861176,15.025134
2021-10-29,14.585711,2.441451775357926,3.566023460748188,14.6619
2021-10-30,14.585711,2.4314524763745102,4.035701921638499,14.642692
2021-10-31,15.747951,2.4194337608595116,7.328589801432518,15.046798
2021-11-01,13.443059,2.4284823953914123,7.513382883082588,12.720581
2021-11-02,12.20183,2.4194517841933973,6.060512594194767,11.416639
2021-11-03,11.644311,2.4260129328596722,2.4890135230869594,11.048315
2021-11-04,10.694318,2.4010165475135143,4.905848953310058,11.151238
2021-11-05,11.072813,2.3976046029808598,5.538417268235912,11.391208
2021-11-06,11.3304205,2.3906746679328155,5.134042313916477,10.992903
2021-11-07,11.036243,2.394455369641496,6.423884497262124,11.436613
2021-11-08,10.835309,2.386156338932456,5.778926171410203,11.339447
2021-11-09,11.327801,2.393513847500504,4.38240240122849,10.733978
2021-11-10,9.980124,2.3862202441817124,0.2664867868216447,10.011965
2021-11-11,9.8678465,2.390993894750663,-1.444451551035323,9.976122
2021-11-12,9.932874,2.3699837153852954,3.128164253891588,10.454047
2021-11-13,10.092942,2.3519750866376965,1.927908558628368,10.49523
2021-11-14,9.548937,2.3571898627588683,2.3301120027843907,9.976122
2021-11-15,8.882889,2.3392709983775415,3.4695457088250707,10.390372
2021-11-16,9.299945,2.3175267905582486,1.620484872022896,9.366103
2021-11-17,7.7412505,2.3077605655064213,3.06600943342774,9.767057
2021-11-18,9.729317,2.3125364349566984,4.139276324407234,9.947483
2021-11-19,10.367869,2.3199632644420984,7.128078545137194,9.947483
2021-11-20,10.291957,2.3097382611151644,7.25060565642562,9.413106
2021-11-21,8.1910095,2.278917735722752,4.760558910816543,8.159083
2021-11-22,5.370647,2.28790655802732,0.4856945756247084,6.062243
2021-11-23,7.7475033,2.263617399981556,-0.8215929150929817,6.4847116
2021-11-24,7.198916,2.273090852256685,4.031967195649147,5.919908
2021-11-25,5.4376316,2.259388748320365,1.6071732483002386,5.3591747
2021-11-26,5.0638084,2.2401338467462066,2.1347882654173214,4.6443763
2021-11-27,3.6488552,2.265111339122636,-0.6480779222979995,4.548056
2021-11-28,4.114698,2.2439917235476488,-1.59962141622929,2.977028
2021-11-29,3.3083813,2.2450324633614565,-0.6177760340698732,3.7487674
2021-11-30,6.678047,2.2319103466118078,0.8781941413163468,6.7109766
2021-12-01,8.518151,2.0958921209055257,1.8392009788404984,6.5340476
2021-12-02,6.678047,2.113057251042314,0.3054801188909302,6.5340476
2021-12-03,4.3361173,2.1134889218029578,-1.9606707789894555,5.9435787
2021-12-04,3.6843116,2.0771427605384614,0.18345533685288373,3.8115342
2021-12-05,2.7758954,2.0794892161054563,-0.7677215568376372,2.455111
2021-12-06,2.395056,2.080350404360545,-2.212460170153217,2.4971604
2021-12-07,3.3895135,2.095889475475219,-2.358683888526012,4.395265
2021-12-08,3.6193578,2.1072960579303825,-1.1556865432851549,5.8440714
2021-12-09,1.2882779,2.050427108981343,-2.2111832928457167,2.5971968
2021-12-10,2.165038,2.0627528550668544,-2.3819728775783426,1.7744374
2021-12-11,2.395056,2.0485884884879626,-2.6829737639988833,2.5245502
2021-12-12,3.5648031,2.0397646961021794,-2.4726840815184046,4.134814
2021-12-13,6.1557646,2.038244178005321,1.0895093692001074,3.868298
2021-12-14,6.3523293,2.0365499519816357,2.996388018190435,4.68175
2021-12-15,7.5622373,2.030895849020425,4.466308709459181,5.5130434
2021-12-16,8.181947,2.0821689783255874,3.3077515439062934,5.8721952
2021-12-17,5.448244,2.060673023216519,0.6988403544600521,5.5777607
2021-12-18,6.5847015,2.07543852364427,2.3531384786827316,5.908537
2021-12-19,7.2712994,2.082308768442461,3.7985827444672102,7.83462
2021-12-20,4.3112636,2.0281859440678245,-1.485652146885955,5.106282
2021-12-21,2.7758954,2.0469427084193956,-3.3606074622143316,3.7537599
2021-12-22,1.4231558,2.005598605765717,-3.671218363088429,4.346028
2021-12-23,2.5916219,1.9884311159447887,-3.6012218335318833,4.939615
2021-12-24,5.4738803,1.9913998144506764,-0.12196975119826448,5.8394094
2021-12-25,0.5477942,2.0047565519821546,-6.876023479315939,3.662035
2021-12-26,0.5477942,1.9642418807399271,-9.505078036598086,4.2096415
2021-12-27,2.1221766,1.94673524991761,-6.564923598468874,5.6711526
2021-12-28,3.9358578,1.9422200139687391,-2.6682945387630896,5.5618343
2021-12-29,5.305513,1.9572434998163377,1.3431973051691655,3.8689585
2021-12-30,9.874839,1.9335117887638422,2.291779736052612,7.9509826
2021-12-31,10.950652,1.9377703668968949,8.533738880381623,10.810737
2022-01-01,10.712721,1.904234254932178,7.955818363997679,8.520755
2022-01-02,10.593113,1.8957939904968453,5.861755549590291,9.761419
2022-01-03,9.262514,1.8973937619570016,6.20973565001417,9.749252
2022-01-04,7.0986967,1.9331668776641344,4.979877429723276,4.682357
2022-01-05,6.0250025,1.9035559495093803,1.6194076204922991,7.069826
2022-01-06,3.866319,1.916579209893645,-2.1842475230279,5.1718993
2022-01-07,3.866319,1.9506746219803446,-2.088239819464783,5.15083
2022-01-08,3.8672311,1.9427047234395438,-0.9890332926362273,4.9653788
2022-01-09,4.470207,1.909423215672082,-1.2704101770481344,5.080876
2022-01-10,4.4167094,1.8101604831125155,-0.6971830350547537,2.846935
2022-01-11,0.31251118,1.8068391450468462,-3.6626232194231614,2.5671027
2022-01-12,3.096294,1.8006128876809284,-3.0315942225527275,3.466091
2022-01-13,6.1494412,1.8217751205354957,0.749923135153594,5.7250223
2022-01-14,7.329195,1.7965080530223503,1.939985830413213,6.884025
2022-01-15,4.0239043,1.7170558529080282,-1.7107607219388115,2.8915398
2022-01-16,5.6637793,1.736436456852232,-1.0890410174702172,4.4965878
2022-01-17,6.7359447,1.7304178018540302,0.7536192610386863,6.788068
2022-01-18,5.0293236,1.730071108607857,-2.3674936521920786,3.3293095
2022-01-19,5.9320364,1.7423583122360913,0.7655284644775726,5.571926
2022-01-20,6.00795,1.7329191539102016,-0.5687974086190488,7.0597315
2022-01-21,4.4108405,1.737292751005865,-2.911853184310405,6.45506
2022-01-22,4.3626447,1.7338759046615695,-1.0302113137189073,3.4625657
2022-01-23,5.9964867,1.7181280976969557,0.9020900622695844,3.2123334
2022-01-24,5.6577454,1.729376346052312,2.2547643379542013,2.1013596
2022-01-25,5.1488323,1.7412703311797568,0.89357739892474,4.334282
2022-01-26,5.789701,1.7389090924547186,0.8494613302482801,5.7440333
2022-01-27,6.7359447,1.7303881841890854,2.1883551462735555,6.85721
2022-01-28,7.106652,1.7400274215636355,1.6340255717262755,6.526214
2022-01-29,8.675191,1.7303881841890854,1.4899046823353856,6.85721
2022-01-30,7.513872,1.7236030677606688,3.9849014977052066,7.250522
2022-01-31,4.3626447,1.716074970272335,0.017752469766177725,3.9260006
2022-02-01,6.5991783,1.7342928194651333,-0.2995815315892605,7.404871
2022-02-02,7.106652,1.7059452087086668,2.5060151119877347,7.616502
2022-02-03,6.4700766,1.715981591597335,-0.08819100733228691,5.9582324
2022-02-04,7.984355,1.7055396123830113,3.9641743058651677,7.245823
2022-02-05,6.7359447,1.700599087528634,1.935787253928857,7.884767
2022-02-06,8.060268,1.6874540054594132,3.35083876381251,8.086786
2022-02-07,7.106652,1.670728900887061,1.5269956930807647,8.290162
2022-02-08,8.604825,1.6851286998821755,1.5012631790170472,7.957883
2022-02-09,9.310149,1.674681757191803,5.662992940689577,7.64289
2022-02-10,8.634276,1.6744372925759154,3.9257974796348374,7.6378436
2022-02-11,5.9895005,1.6356147982265945,1.1183504997255804,8.007514
2022-02-12,5.141998,1.6388481356403735,-2.630488888629544,7.115122
2022-02-13,8.026268,1.6408080467485948,-1.632630885017667,8.113453
2022-02-14,10.0504,1.6079736263657556,2.0188617230830834,8.8248625
2022-02-15,10.613133,1.6080930275100083,3.3219112111912055,9.504216
2022-02-16,11.333218,1.6123536488179142,4.245753240816454,10.028024
2022-02-17,11.6107855,1.6123536488179142,5.654155797788784,10.99222
2022-02-18,11.333218,1.6116013294959337,2.736988063531281,9.827404
2022-02-19,9.284906,1.5762693333050657,4.300004823495245,9.942724
2022-02-20,9.957557,1.574819046366794,1.8191177698263727,9.669025
2022-02-21,10.476051,1.5711875926687537,1.8940183078571948,10.316496
2022-02-22,9.284906,1.58175814395141,2.910943578807135,9.814168
2022-02-23,10.069835,1.574650493156501,3.016074538956427,9.659754
2022-02-24,10.9177685,1.5709864125107358,0.9835988239351225,9.562133
2022-02-25,8.684548,1.5701870808460023,1.3754630073242176,9.662981
2022-02-26,9.33971,1.5587372460705846,0.3875324684757251,8.866096
2022-02-27,8.04735,1.5975044428598362,-4.118572558992972,6.445209
2022-02-28,7.764981,1.5673372655137654,-2.747141332397219,7.0430393
2022-03-01,8.3270035,1.574631718757231,-4.532029504863492,7.63115
2022-03-02,7.9882627,1.576722191569291,-4.1000353325943975,9.278821
2022-03-03,6.8895607,1.5599099027683498,-4.809496585536183,9.480204
2022-03-04,6.0262117,1.5599099027683498,-2.498549194667615,9.480204
2022-03-05,6.8600435,1.576722191569291,-2.768006157682991,9.182081
2022-03-06,5.128437,1.5764925434190844,-3.4181816898440465,9.240625
2022-03-07,9.280623,1.557927073250749,-3.6022252985779035,9.185379
2022-03-08,9.310958,1.5815748800716907,-3.3239580042195565,9.933468
2022-03-09,10.063198,1.5815748800716907,-3.592067837976596,9.933468
2022-03-10,8.787866,1.5549254046509837,-3.42636669160201,9.219294
2022-03-11,8.426533,1.5738727971134518,-3.4587384151415437,9.1980715
2022-03-12,10.365782,1.553652637822158,-2.4048916331582353,10.203195
2022-03-13,11.07131,1.5473155517509478,-2.3738032536157094,10.55445
2022-03-14,11.581879,1.5405022518226008,-1.3578347885992095,10.7484045
2022-03-15,12.683551,1.5508809491942865,0.28024559149492223,11.226223
2022-03-16,11.811209,1.5072750187655144,0.7506290106525126,11.33191
2022-03-17,12.808969,1.5086854756585395,0.8986125657578699,11.663636
2022-03-18,12.004725,1.484067732798426,1.7784821684184733,10.764659
2022-03-19,11.163774,1.484422375060133,-1.5827440333670397,11.112123
2022-03-20,11.60881,1.495081063630876,-1.3054489642336486,10.997742
2022-03-21,11.888767,1.487476110472199,-0.9267139197546577,11.230329
2022-03-22,14.129689,1.4849525425574597,-2.3994532983346817,11.661872
2022-03-23,14.712128,1.5223071303717657,-1.6504545746090464,13.1010275
2022-03-24,13.598675,1.5196504511333526,-2.781916282513728,13.448858
2022-03-25,14.712128,1.5165507204609907,-1.093974543586472,12.906962
2022-03-26,12.625445,1.5070274935032075,1.6454543304000495,12.343004
2022-03-27,14.480822,1.5214094648122816,1.7224239083044175,13.563169
2022-03-28,14.365993,1.5070274935032075,2.4383002425779905,12.712621
2022-03-29,12.001511,1.5073113618798657,2.361762983001839,12.123992
2022-03-30,11.324012,1.50345868089195,0.22230410500181907,11.675542
2022-03-31,8.963867,1.5374768999744162,-1.3651394099922536,11.127096
2022-04-01,9.446521,1.5374768999744162,0.08188018452818913,10.555041
2022-04-02,8.579291,1.541668944276922,-0.9318147878084799,10.773247
2022-04-03,8.949019,1.5115034061823716,-2.949038695874319,11.637183
2022-04-04,9.446521,1.5377454964339117,-0.006116098561317784,10.616366
2022-04-05,10.762458,1.540087703649582,3.086962064860771,11.588879
2022-04-06,13.172872,1.5368036254677933,5.131342648474851,12.378878
2022-04-07,13.921212,1.5368036254677933,7.292808838457395,12.787073
2022-04-08,12.123656,1.5368036254677933,3.8030899935136504,12.271899
2022-04-09,11.952339,1.5319448811165024,2.235533758672783,12.089926
2022-04-10,11.57552,1.5358489148583012,1.3065930527063,12.587802
2022-04-11,13.235656,1.5121265682699567,0.629613421708278,13.943404
2022-04-12,15.517813,1.5097861080748536,-0.8234643409967912,14.001594
2022-04-13,18.035156,1.5160430368231892,4.4279421043385385,14.001594
2022-04-14,15.861088,1.5078470083201667,5.5834403772669585,14.475812
2022-04-15,12.491875,1.5222699982659664,4.22155858769341,12.549326
2022-04-16,13.395095,1.5344951260852235,0.7965012878885522,13.160991
2022-04-17,14.503182,1.5543350675662952,-1.1993042653498707,14.727441
2022-04-18,15.174946,1.5930578867724967,0.25157166731378044,14.914315
2022-04-19,14.066241,1.5755113873297921,2.326479213131574,13.901964
2022-04-20,14.131773,1.5796419662001306,3.161623161483492,14.515684
2022-04-21,13.408627,1.5928631487333773,4.292048189005793,14.621066
2022-04-22,15.298814,1.591642969856419,4.848366931968804,14.901042
2022-04-23,15.72393,1.6026303040301553,5.114356542280132,15.403902
2022-04-24,15.7771015,1.6164747399988593,5.587613882240519,14.540719
2022-04-25,14.312885,1.6131929636176428,3.3631319459088402,15.30164
2022-04-26,15.866758,1.6347445247779029,1.9293307662538535,15.807069
2022-04-27,16.190298,1.6263247866468071,4.124739661098619,16.026598
2022-04-28,17.207378,1.6197515294782505,3.667370341662467,17.184877
2022-04-29,18.421288,1.6349459210223773,2.9030618181838497,17.35234
2022-04-30,18.438684,1.6197515294782505,5.780420044616259,17.448137
2022-05-01,17.217878,1.6197515294782505,5.226925280154938,18.62648
2022-05-02,17.961535,1.6441825603312086,5.067446132540688,18.691927
2022-05-03,17.890575,1.64650483988414,5.066685323679039,18.370544
2022-05-04,18.238434,1.6656075307937317,5.445157009873144,18.629374
2022-05-05,17.890575,1.6423030369284966,7.958165356321432,18.048143
2022-05-06,18.238434,1.6793107190469772,5.157877378126195,18.865738
2022-05-07,20.285233,1.658116888036331,6.717711002892614,18.975994
2022-05-08,18.098091,1.654309761220579,8.300175892062262,18.138407
2022-05-09,20.45335,1.658116888036331,5.46437892063378,20.580814
2022-05-10,23.869242,1.6532230519437738,8.684800088224915,20.30604
2022-05-11,24.094906,1.664507070212553,12.637499748781243,19.83874
2022-05-12,19.427591,1.6674226854052123,11.87237128647968,19.352024
2022-05-13,18.513298,1.7128302938476074,8.460615554846683,19.555017
2022-05-14,19.427591,1.7194029474032255,10.676193764497878,19.209917
2022-05-15,21.328775,1.7432497906151574,6.747498363505556,21.994967
2022-05-16,24.18005,1.7357586643880751,8.522786811312862,20.428259
2022-05-17,21.31974,1.7363936955503168,11.49187004166906,21.678663
2022-05-18,24.187313,1.7579214835107462,9.501626017820406,19.392658
2022-05-19,25.908249,1.7583932006291623,12.678076668182483,20.450823
2022-05-20,23.671843,1.7459072091328942,13.226679474036388,20.34038
2022-05-21,18.994244,1.7499700283429085,10.73520110529255,18.878592
2022-05-22,19.273764,1.7311619755494523,8.950716955432691,21.016438
2022-05-23,21.673698,1.7546195003109957,8.529701227484722,20.260523
2022-05-24,21.019516,1.7610056686305178,12.551003304716982,20.196907
2022-05-25,20.317026,1.7767360214894077,8.462104747244606,20.943544
2022-05-26,19.85161,1.7839916794422905,9.422134581442155,19.252436
2022-05-27,18.531448,1.7854606542891798,11.238942781785275,18.636112
2022-05-28,17.991148,1.7970136268478378,7.482367963544663,18.636112
2022-05-29,18.336443,1.812325889238576,7.280437997373442,20.816017
2022-05-30,18.456564,1.8327037764270386,6.1086204675121305,20.816017
2022-05-31,19.938454,1.8018020291648242,7.368492344072995,22.980043
2022-06-01,20.59523,1.8856853880660378,9.225021449240861,23.647728
2022-06-02,20.063137,1.8865460426719818,8.103086165868406,23.987337
2022-06-03,24.060278,1.8622039231456013,7.468405705985514,25.258013
2022-06-04,23.97387,1.9168034217373335,11.540024613853035,24.251968
2022-06-05,26.355478,1.9414096068173552,8.95459267238562,24.441591
2022-06-06,24.00974,1.940634859308449,13.734959054260298,24.254353
2022-06-07,23.770235,1.948713501535463,11.805825754822806,24.529781
2022-06-08,24.815405,1.9397569754531265,11.602039526905244,25.051924
2022-06-09,24.00974,1.9701497180021572,12.992836098027581,24.47584
2022-06-10,24.00974,1.9697963786262531,11.476554691086758,24.743366
2022-06-11,25.602324,1.9732253338931502,12.085110869634757,24.83531
2022-06-12,25.330875,1.9835371633453758,13.793785060833173,25.279694
2022-06-13,21.485043,2.0262679625873403,11.944249183501313,23.05693
2022-06-14,21.235958,2.016207605956028,9.26442006811264,24.533707
2022-06-15,25.375004,1.9742210980777066,7.770607214281725,26.099014
2022-06-16,24.05387,2.012077718459653,12.282092256809019,24.686655
2022-06-17,25.613132,1.9880060217698592,10.804953772860134,26.270432
2022-06-18,30.667208,2.0137755301125067,14.549690807732915,24.655
2022-06-19,30.26177,2.00442658057136,17.686464665504406,23.632814
2022-06-20,21.28819,1.9897329593111668,11.073704146931663,25.23848
2022-06-21,24.291998,2.0040093110059973,10.199912923372306,24.727879
2022-06-22,26.568583,2.0151904377426555,12.528628617084092,26.197363
2022-06-23,29.011578,2.0231984146895465,12.670073242539361,26.249361
2022-06-24,29.947834,2.0665315967579057,16.487266886894222,24.538935
2022-06-25,27.209156,2.0672374334246744,15.48091962047512,26.233608
2022-06-26,29.011578,2.0807589649931577,14.458317240905764,26.652151
2022-06-27,30.667208,2.12683873172029,16.947866359682294,25.051992
2022-06-28,25.562595,2.144211636958167,14.395261267222235,25.79095
2022-06-29,25.429558,2.1623466334330113,14.479352671282506,25.496508
2022-06-30,26.688272,2.17446792445359,14.752320770740912,26.327251
2022-07-01,24.122433,2.160421619902455,15.324256109604224,24.54157
2022-07-02,25.935118,2.1812306568603588,12.183453643005283,26.34054
2022-07-03,27.816206,2.161896593238536,13.12931107710751,25.368776
2022-07-04,25.429558,2.1545652888672384,13.908223845369434,24.785038
2022-07-05,24.291998,2.166547847751283,13.58799647501099,25.409143
2022-07-06,21.790152,2.1693836664665085,12.101932457370832,24.637354
2022-07-07,21.118626,2.1693836664665085,10.575246669433126,24.48435
2022-07-08,21.823751,2.1510745759808496,11.058983222469694,22.438404
2022-07-09,22.714426,2.16000741901935,11.206952320159736,24.054293
2022-07-10,20.903639,2.1384336359145775,10.832383169679444,22.619139
2022-07-11,23.119864,2.1524016373992385,10.776462553755167,24.897783
2022-07-12,25.720476,2.150116484644783,10.372258568097518,25.340406
2022-07-13,27.158619,2.1745881454492704,12.497776510963142,24.897783
2022-07-14,24.122433,2.2198930251736977,12.473720412478098,24.524609
2022-07-15,21.55428,2.240302914859283,11.264364845927679,22.960505
2022-07-16,22.811989,2.236890970326628,11.702051965141145,22.619139
2022-07-17,23.711906,2.241140172268271,10.036842069858242,24.765165
2022-07-18,27.637486,2.229931343245025,11.09616533310781,26.22558
2022-07-19,30.717745,2.229931343245025,13.741834093664488,26.606422
2022-07-20,30.667208,2.2427372223415984,18.899967809127293,25.483944
2022-07-21,29.91037,2.244975860898753,21.246621669269327,24.45815
2022-07-22,25.562595,2.2414573612092306,16.20168070024087,25.22962
2022-07-23,24.291998,2.2553325336449617,14.236345412801587,25.321564
2022-07-24,27.342112,2.2370495916869046,11.566418188282258,26.148504
2022-07-25,30.49764,2.271863699319863,16.554125284978415,24.480387
2022-07-26,23.817818,2.2922079623855476,15.474320247940035,24.560675
2022-07-27,22.229189,2.2922079623855476,11.667081972563713,24.645882
2022-07-28,24.012018,2.290165002695299,9.120826896110371,26.148504
2022-07-29,26.950607,2.2847273524695155,12.219281680004542,24.758627
2022-07-30,25.613132,2.2890966282655856,14.237464569304581,26.046047
2022-07-31,26.568583,2.291543226068696,13.767869337927209,26.035301
2022-08-01,25.047125,2.2771098758446033,15.288364085944554,24.712341
2022-08-02,27.053137,2.2976033148087023,14.033535817217736,26.105473
2022-08-03,30.769737,2.2912300170400277,14.993235299815069,25.99227
2022-08-04,30.769737,2.3386918337276716,17.58707606291395,25.593132
2022-08-05,26.518045,2.350362251515645,17.52283908028255,24.589127
2022-08-06,23.572256,2.3608077561372878,11.739006883168509,24.09862
2022-08-07,24.394527,2.3784054133273953,10.991544528630005,26.170809
2022-08-08,25.823006,2.3763521008092434,12.45562148205979,26.672066
2022-08-09,26.620575,2.3935838987328193,14.018046106640556,26.02742
2022-08-10,27.689478,2.39412247322856,13.591066855261445,26.686316
2022-08-11,29.06357,2.418684572668229,15.518294441014106,27.04071
2022-08-12,28.577728,2.4218137413770906,15.940571824098189,26.56783
2022-08-13,27.918736,2.4334554061662605,17.286682795968712,27.328442
2022-08-14,30.219929,2.435983149586159,16.58199542891285,26.971992
2022-08-15,28.880333,2.437858361894296,17.587748728705396,26.048237
2022-08-16,29.069948,2.4416359538991834,16.647565229768734,26.714123
2022-08-17,30.0129,2.4390845024718075,17.192684987099515,27.24995
2022-08-18,30.725655,2.445031504324432,18.776858075138673,26.330187
2022-08-19,23.917398,2.443106832825806,17.50264737061245,25.27855
2022-08-20,23.440884,2.4502169302912344,15.183711022124264,25.931185
2022-08-21,24.110939,2.460212574191849,13.291370904166548,26.331781
2022-08-22,23.630703,2.462822149378024,11.734414081571291,26.264065
2022-08-23,24.350445,2.477598732829864,13.034810748840123,25.765947
2022-08-24,26.576492,2.4727656775155564,12.464915874474332,26.274986
2022-08-25,26.696182,2.476720304751802,14.94124019782986,25.367905
2022-08-26,26.299137,2.4748527588821836,16.47177398142038,24.881386
2022-08-27,23.200146,2.4788073861184285,15.815568850921135,23.556879
2022-08-28,23.138578,2.446092879081349,13.524391385725588,22.607985
2022-08-29,22.377108,2.477812763179327,11.474238088724583,23.451218
2022-08-30,22.728483,2.4738497621297766,11.357700592060976,23.818895
2022-08-31,22.541126,2.4828130687318763,11.418443469953704,23.639654
2022-09-01,21.982359,2.4772288249558714,10.624390080833145,23.585032
2022-09-02,22.001629,2.4811569002952103,9.975358396789922,23.546219
2022-09-03,22.495378,2.4588339252933453,11.620094905897599,22.921478
2022-09-04,23.618814,2.4635657477590396,11.784912890568666,23.207666
2022-09-05,23.428007,2.4649696839102138,12.528016954934305,23.001715
2022-09-06,22.306042,2.4743797090371675,12.114541035311436,22.785818
2022-09-07,23.339796,2.491545956984671,11.826851510349877,23.440187
2022-09-08,20.91608,2.4915810871617685,12.082173084206755,23.28948
2022-09-09,23.180876,2.485092022239166,10.666244870573102,23.441921
2022-09-10,21.90646,2.483532536343087,10.533260309982916,23.495163
2022-09-11,21.380539,2.486908124591458,10.48250583804352,23.01928
2022-09-12,21.005444,2.480672676230755,9.308478021172146,22.697271
2022-09-13,21.471699,2.486667914531284,10.597494247448214,21.438221
2022-09-14,19.829924,2.4786193637126037,9.937484961364534,19.72387
2022-09-15,18.925419,2.474970463482204,11.4433669801159,18.915636
2022-09-16,18.220108,2.4834441724714136,9.407134587855726,17.958107
2022-09-17,18.099987,2.4834441724714136,8.919589384650333,18.002466
2022-09-18,17.057863,2.4755937553498617,7.7366986477857065,18.327768
2022-09-19,18.687454,2.4807757039556035,6.4005400180201235,19.929264
2022-09-20,18.754177,2.4856709827983865,6.239283564793279,19.970118
2022-09-21,18.874298,2.4798953557823937,5.145344482381368,20.118397
2022-09-22,18.754177,2.4819486683005456,4.331871197939658,20.317709
2022-09-23,18.874298,2.483560681801005,3.239631005253082,20.187134
2022-09-24,19.318853,2.483264573124148,7.769028365415583,20.296251
2022-09-25,19.499264,2.481211260605996,8.231592642535798,20.093767
2022-09-26,18.240814,2.4904840561918014,7.184139979400687,19.12975
2022-09-27,16.150446,2.4904840561918014,8.472884398412186,18.50306
2022-09-28,15.012501,2.481211260605996,5.05392220612926,17.780794
2022-09-29,15.9494,2.481211260605996,2.6561851445514417,17.663685
2022-09-30,17.159103,2.481211260605996,2.6992828034195373,18.446537
2022-10-01,15.120994,2.4927623513976345,6.83806906012427,16.525614
2022-10-02,16.594471,2.502675262339147,8.387044911435265,17.00844
2022-10-03,16.714592,2.502675262339147,8.223006617264506,16.936962
2022-10-04,17.014776,2.488072339905192,8.524786188054291,17.491291
2022-10-05,17.483232,2.491887992342975,7.883503587768479,17.669916
2022-10-06,17.140804,2.4946709768328956,9.928632755274878,16.672169
2022-10-07,17.339464,2.485111675313851,3.588217762256173,17.30167
2022-10-08,16.195902,2.485560889562982,7.328148950958827,16.66159
2022-10-09,16.366846,2.4857593079764326,3.5239493700037596,15.9295
2022-10-10,16.316023,2.4903188595250425,5.089551668232275,16.03897
2022-10-11,16.15944,2.483743482002038,5.03267131489755,15.815413
2022-10-12,16.053516,2.479501238472168,4.6890563262547404,15.93011
2022-10-13,16.531755,2.474515587572996,4.6238932995686035,15.99982
2022-10-14,16.6275,2.474515587572996,6.287434898885372,15.968219
2022-10-15,16.531755,2.4823440776201897,10.037683599029918,15.891646
2022-10-16,17.618887,2.48153723662735,10.845566975327948,15.731161
2022-10-17,19.14676,2.48015326592234,8.854669006250395,15.505393
2022-10-18,16.346777,2.4655328348717833,9.815761152518377,15.6551
2022-10-19,14.665425,2.467092320767862,7.146464376130217,15.536954
2022-10-20,14.695631,2.4539818488946072,4.038934159693269,15.546013
2022-10-21,15.639721,2.474827407728826,7.012594088221913,15.844546
2022-10-22,16.784445,2.4655007827232285,9.048351684520387,15.8462715
2022-10-23,16.784445,2.4678959240633946,6.312969009819295,15.365061
2022-10-24,17.41171,2.4537942470011473,11.076821506326445,15.402835
2022-10-25,15.747951,2.452155718922321,9.750748416900358,15.304751
2022-10-26,16.12748,2.4456640361276873,4.727776697795278,15.197321
2022-10-27,16.686016,2.441326826624949,6.890391569101896,14.994822
2022-10-28,18.35512,2.4342138780830678,9.362546856641545,15.159767
2022-10-29,16.686016,2.4387686087119493,10.968986698798517,14.651657
2022-10-30,17.628633,2.4387686087119493,10.289165857714615,14.758798
2022-10-31,16.12748,2.4341603755927936,7.954398399317014,14.758798
2022-11-01,15.359697,2.4324601191030797,9.057560289519943,13.462859
2022-11-02,14.231986,2.4014791696156434,6.320200236190173,13.251138
2022-11-03,13.087431,2.4076224060209834,4.217586473766234,13.049134
2022-11-04,11.722421,2.4259631935235806,6.790067572719481,10.995389
2022-11-05,11.392828,2.424161609261761,4.841701701167258,11.323815
2022-11-06,11.392828,2.408101498773753,3.494092038756496,11.422482
2022-11-07,13.482979,2.4056611564238257,6.3584005297837995,11.497911
2022-11-08,13.565364,2.4050100644521675,6.944857604489251,11.452527
2022-11-09,12.729713,2.391857422420393,9.154025221126298,11.396249
2022-11-10,12.145082,2.384128949002563,8.43093194269353,11.048643
2022-11-11,11.906573,2.388315800687155,5.53504723493333,10.523219
2022-11-12,11.841546,2.386166075010871,1.9142240976297318,10.335612
2022-11-13,11.198816,2.3649660615578263,4.093467480351161,10.390372
2022-11-14,11.198816,2.3598049274022403,3.2014577788448118,10.98748
2022-11-15,11.747539,2.367525722690146,3.107466415055076,10.570355
2022-11-16,8.88826,2.3374525626290894,4.9408223803378695,9.856699
2022-11-17,7.3303013,2.3349564812252934,2.0910370772595943,10.003948
2022-11-18,3.9766421,2.3229430653060916,-1.0520546555125092,8.852851
2022-11-19,3.4988134,2.328916604628544,-5.089289242617833,8.728449
2022-11-20,3.4988134,2.326196473960734,-1.8907841909829566,8.384615
2022-11-21,2.3971334,2.315552500247379,-1.9858776627265309,6.4292355
2022-11-22,3.767345,2.2924088062366565,-1.2680881972870814,5.9244037
2022-11-23,6.220792,2.3042457052763,-1.492487120778609,5.2895966
2022-11-24,5.74854,2.285979275082067,-2.2350201574816504,5.016991
2022-11-25,5.74854,2.279124602401551,0.2828566734804525,4.7451572
2022-11-26,7.0712366,2.2737482925469905,3.29378711001247,5.0291038
2022-11-27,6.220792,2.260217209398381,1.1707205058595127,5.392963
2022-11-28,5.8546844,2.2516532478120372,1.9190173932800976,5.3744187
2022-11-29,5.9451046,2.237616840386209,0.44339281365022565,4.4843287
2022-11-30,5.2579727,2.2319266666933313,0.8174377056461637,4.5260334
2022-12-01,2.6948605,2.088318443712029,-2.1517412286224067,3.2916172
2022-12-02,3.09197,2.088787447748526,-1.3675020623376692,4.7449617
2022-12-03,1.6197215,2.1012604808443713,-2.5713734256000924,4.010188
2022-12-04,3.3083813,2.0864217941882477,-1.651981142726811,3.9874477
2022-12-05,4.572531,2.0915175328171416,0.054514043823414404,3.2096283
2022-12-06,3.4332647,2.0936374410935423,0.06325620929917619,3.623891
2022-12-07,4.8533382,2.1151380648123204,0.6142913812694388,4.907594
2022-12-08,3.176843,2.092738312106688,-1.0692964904398226,3.4080281
2022-12-09,2.7758954,2.068493292417796,-1.3590020262542897,1.576716
2022-12-10,1.2882779,2.0719864255795732,-2.716928711754398,2.2251375
2022-12-11,0.5274192,2.0542329984808854,-3.5638235815349892,3.1846833
2022-12-12,0.77846706,2.0315911287580914,-3.1314134405239935,4.7696905
2022-12-13,0.96467817,2.044753063179609,-5.23667669249799,3.9273696
2022-12-14,0.462392,2.053585676103343,-6.132111769153638,2.8470938
2022-12-15,0.462392,2.0625259022652154,-7.796482559201157,2.7506146
2022-12-16,0.462392,2.0638068344974183,-7.688546351583887,3.6436458
2022-12-17,0.462392,2.0638068344974183,-6.131100305910773,3.6854484
2022-12-18,0.6589576,2.045066252874054,-6.0294676810009085,4.9720263
2022-12-19,5.8741407,2.0884480006615287,-4.213742898140704,6.951487
2022-12-20,6.894403,2.061653812954134,1.8078042935934695,5.8771176
2022-12-21,6.8987255,2.035320199482494,2.8823152020673897,5.0082645
2022-12-22,6.8987255,1.9957015453247393,4.638010201736326,4.991266
2022-12-23,5.9710855,2.015526817661669,1.6398518415741528,3.7446826
2022-12-24,6.6825833,2.0118032342403245,1.940820266745873,5.036763
2022-12-25,7.4158535,1.9985627738567753,2.230670220338641,5.0455437
2022-12-26,9.409285,1.9493606037203581,6.185711685036842,7.117983
2022-12-27,6.5507693,1.953012686007532,1.408816327388446,7.2932024
2022-12-28,8.380937,1.9484974500586607,2.185342485873778,7.554992
2022-12-29,10.436414,1.936780654005942,5.371600837859728,9.683884
2022-12-30,9.126138,1.939789224853764,4.577465992101798,9.970527
2022-12-31,12.422735,1.941908316727486,7.813994074499668,10.658073
2023-01-01,12.838365,1.9133560351720789,9.651526617220373,10.37971
2023-01-02,12.555045,1.9052099484970284,9.078842543792614,9.474325
2023-01-03,8.171611,1.9265920974068877,2.2870376805440973,5.6047893
2023-01-04,9.655379,1.924233368074852,3.422896306695367,7.810961
2023-01-05,9.198637,1.924359629377339,4.722690898599703,7.573531
2023-01-06,8.538655,1.9130586925661093,2.263151794705234,5.3938594
2023-01-07,8.306664,1.9700108879506282,4.936074527631408,4.263714
2023-01-08,7.774557,1.9137444571251094,4.971643470728014,5.3635077
2023-01-09,7.5702276,1.9207173739603103,3.5041991644810193,4.8743553
2023-01-10,7.328689,1.8108990877635331,3.719670215226639,5.2628016
2023-01-11,8.599278,1.8186831244049582,2.8953318915114528,6.5046105
2023-01-12,9.268237,1.8136297171525366,4.9324830853200545,7.3877416
2023-01-13,9.268237,1.8199953632490224,6.14188928062581,7.4507103
2023-01-14,8.675191,1.8147798758229894,5.660797480889447,7.3877416
2023-01-15,9.380719,1.7545353559648933,5.1306933501411915,7.296718
2023-01-16,7.0307384,1.7446461317470252,3.075547821626955,6.085575
2023-01-17,6.0160885,1.7343123722572589,0.9076968585848526,6.041949
2023-01-18,2.6260147,1.7455618222069524,-2.192533167626043,1.7060112
2023-01-19,3.096294,1.7374902764255649,-3.8431545840622006,3.669314
2023-01-20,3.277443,1.7480631742631239,-3.550998986478475,2.2186599
2023-01-21,4.334927,1.7438591809324044,-1.4308807914656283,5.672879
2023-01-22,3.096294,1.742335099252962,-0.709740693887337,3.7561162
2023-01-23,3.1870415,1.7203149991686761,-1.535799697735766,2.060276
2023-01-24,2.6260147,1.7468570857163814,-2.8603703395996023,1.5337849
2023-01-25,2.6260147,1.7185218539448186,-2.3954726703011078,2.1429949
2023-01-26,1.2732749,1.747087742967236,-1.8193805856810696,2.071286
2023-01-27,3.7477224,1.7413779815597674,-1.6638512134077121,3.588118
2023-01-28,2.6260147,1.7202580119644975,-3.1174820525673157,2.1298301
2023-01-29,4.334927,1.743655487554912,-1.8805591257914918,5.64308
2023-01-30,6.419519,1.735738844846857,0.963468975629894,7.116284
2023-01-31,6.419519,1.7302221935762714,1.4581744201481515,7.1046314
2023-02-01,6.7359447,1.7320927958135257,1.5864193388311305,7.390866
2023-02-02,6.5991783,1.7245212672728272,1.195178731136524,7.485212
2023-02-03,8.429344,1.7202074351879773,1.4639498894654617,7.884767
2023-02-04,4.684454,1.7122417689874045,0.3411357635027832,4.4077435
2023-02-05,2.6260147,1.7284390647681764,-0.10345216017695424,2.2133982
2023-02-06,2.6260147,1.72028515935088,-0.13399662820109004,2.3431327
2023-02-07,2.245175,1.7092998916124251,-0.3182304782731089,2.3570309
2023-02-08,3.4133494,1.6761155632022071,-0.11153326403902852,3.0843823
2023-02-09,3.9799056,1.6788157071843641,0.2804698443629201,5.0915613
2023-02-10,5.899855,1.678284913888687,0.391148953817237,5.9997444
2023-02-11,8.1021805,1.6421818942714943,0.7067769257134886,8.373943
2023-02-12,7.431855,1.644506456715551,0.022350117043203,5.4598594
2023-02-13,7.565423,1.644506456715551,0.006155372985248597,5.0628805
2023-02-14,5.9670844,1.650046119624168,-0.12826387997648503,5.447439
2023-02-15,9.522152,1.6540064302708797,0.15001095930435415,8.185334
2023-02-16,10.699786,1.6159956437237686,0.4871018047084288,9.101588
2023-02-17,11.333218,1.6155474209764882,1.287550320163744,10.119047
2023-02-18,10.689046,1.61462059981382,1.1556479939869782,9.918427
2023-02-19,8.42538,1.5709268257577622,0.7462800546098878,9.524657
2023-02-20,10.576228,1.575564133319253,1.2613428962119748,9.805291
2023-02-21,11.03297,1.5742406554341417,1.1128220714548585,9.814168
2023-02-22,10.585815,1.5939099739609213,0.5449650820646808,9.744855
2023-02-23,11.338004,1.580358846839656,0.7036516441029672,9.761217
2023-02-24,8.38609,1.565276143446717,1.2883890691948343,9.471109
2023-02-25,6.194519,1.5709321677984613,1.5227236046726107,9.638483
2023-02-26,6.4240384,1.5558785481401554,0.6338535675226149,9.510896
2023-02-27,6.9486475,1.6016888821032904,0.013832775758656268,8.69368
2023-02-28,6.9486475,1.598384806164082,-0.11585083946620056,8.700748
2023-03-01,7.9882627,1.6039487533265864,-3.5857336017201815,8.922723
2023-03-02,6.0262117,1.576057590727584,-3.9495154292693124,9.028865
2023-03-03,7.228303,1.5561751369261454,-2.8109250301213846,9.291909
2023-03-04,7.9562955,1.554902458018808,-0.023525037578796315,9.602856
2023-03-05,7.228303,1.5508817662625296,-1.1520326099430873,10.0299
2023-03-06,7.198786,1.550987683693942,-1.0582472364917717,9.669015
2023-03-07,7.63987,1.5659846104407993,-2.2463813678587057,9.892178
2023-03-08,6.8059797,1.5556943840726198,-2.8121162850719683,9.824627
2023-03-09,5.803098,1.5558403721963416,-0.9086079889365672,9.67892
2023-03-10,9.353411,1.553698925243386,-0.08730190833988516,10.275046
2023-03-11,6.378437,1.572646317705854,-1.042015835946236,9.877578
2023-03-12,8.531637,1.5497291065137873,-1.7386595499671067,11.002799
2023-03-13,13.696201,1.5669986548117283,4.919777037207322,10.918022
2023-03-14,12.635697,1.5628824067841542,1.6686275391719176,11.244939
2023-03-15,9.309567,1.5392757724150028,-0.7852946571433082,11.3928585
2023-03-16,10.243853,1.501386590928615,-3.362564406693534,11.381925
2023-03-17,12.610032,1.5069958898778117,1.2831503565637794,11.975671
2023-03-18,15.279854,1.4822557599502852,3.341833795201927,12.268804
2023-03-19,14.800418,1.478663800464489,3.116843409937987,12.60857
2023-03-20,12.08234,1.4791031909198344,3.2891903864094214,12.19749
2023-03-21,11.591794,1.4816494289861502,4.388668874264321,12.620574
2023-03-22,14.082512,1.4940207164444608,4.924257894964228,12.480296
2023-03-23,14.035043,1.5008787962243229,8.264757286272339,12.5561905
2023-03-24,14.035043,1.5065979738030677,7.784867164265661,12.25278
2023-03-25,12.683081,1.528410839403457,6.3259941459223565,12.106532
2023-03-26,11.752886,1.5101330782988527,4.980534254485539,12.148752
2023-03-27,9.627522,1.5136836411418753,0.2046313360458436,12.43001
2023-03-28,9.771953,1.5101330782988527,-1.461231179522101,12.2656555
2023-03-29,11.696953,1.5074906453479584,-1.0935125139871378,12.332055
2023-03-30,14.4798,1.5073113618798657,5.915771558806688,11.554581
2023-03-31,12.911662,1.5142480353591092,6.187188248079746,14.065066
2023-04-01,10.769884,1.5112348097228758,4.7052680773636695,12.561362
2023-04-02,9.49399,1.541668944276922,1.0503351350558958,10.329281
2023-04-03,8.438431,1.5115034061823716,-1.6768301247852415,11.777097
2023-04-04,8.674907,1.5043901666403419,-3.463735837075345,12.539951
2023-04-05,10.004283,1.5208961989409926,-3.642082658637942,12.94063
2023-04-06,12.2020645,1.499686831226636,-2.291693463299329,13.9876375
2023-04-07,10.249987,1.5099596887723823,-1.649577950419495,13.943404
2023-04-08,13.513837,1.5096906570956106,1.7907653825834524,14.093943
2023-04-09,13.49074,1.5127533764079133,1.1104132690403885,15.022604
2023-04-10,15.517813,1.5121265682699567,2.353253269105135,14.093943
2023-04-11,13.941284,1.512712409402406,5.075419545442021,12.841885
2023-04-12,15.197405,1.5096068246067609,1.3309458900259674,13.794537
2023-04-13,14.179949,1.5152619069112259,4.590862398654788,13.886909
2023-04-14,12.167195,1.5144660805890253,3.3016828619181426,14.067126
2023-04-15,13.201578,1.5204374699701264,5.1454874495214895,14.067126
2023-04-16,13.201578,1.5316755147598473,5.65986883282542,14.001594
2023-04-17,13.201578,1.548178236846282,3.0246490589460704,13.8685465
2023-04-18,14.376083,1.574284907922194,3.2366530178738584,13.510367
2023-04-19,12.609902,1.5870906280115231,2.465215003714308,12.417315
2023-04-20,15.483735,1.5796579996131506,3.5049830591775075,14.55396
2023-04-21,17.04982,1.5784011559497682,6.324878257505168,14.795251
2023-04-22,18.615698,1.594451135455396,6.67542557516186,14.960431
2023-04-23,16.43666,1.6026205254644303,9.18871519648389,15.025434
2023-04-24,15.7771015,1.615248260591261,8.05449464190265,14.2722645
2023-04-25,13.380314,1.616571900446767,5.7530653168049355,14.1492
2023-04-26,13.0732765,1.6120305418511758,2.665790172063341,14.062474
2023-04-27,13.651332,1.6174025675723993,0.852718957667931,15.507149
2023-04-28,17.358137,1.6088785964566916,0.20600033366485082,16.07319
2023-04-29,16.649618,1.6091151143397622,7.138958460514554,15.887095
2023-04-30,15.786036,1.6139294053467186,3.318533363790187,16.108828
2023-05-01,17.890575,1.6151402964705366,1.890315461419915,18.372623
2023-05-02,16.00917,1.6124911607705923,6.255896905260039,17.192097
2023-05-03,16.126596,1.6473809493668985,4.256144631738996,18.655653
2023-05-04,17.733393,1.6649429299520246,1.967370967239086,18.652353
2023-05-05,17.914541,1.640095142024316,6.741712574197561,16.773874
2023-05-06,14.737822,1.6530508394701413,6.175438707840455,17.256742
2023-05-07,16.844824,1.651904202173719,4.952409742709669,17.155313
2023-05-08,16.964945,1.6551877531374461,4.798653176286741,17.136648
2023-05-09,18.189863,1.6560145068154983,6.207607418817159,19.173197
2023-05-10,20.090862,1.651904202173719,8.196131452333134,19.384115
2023-05-11,20.16594,1.656768112179897,9.426135803155148,19.907259
2023-05-12,20.631056,1.6748015648510335,9.405318766875533,19.91806
2023-05-13,20.31049,1.7040730366743955,9.338322857456456,19.87902
2023-05-14,20.1714,1.7311664750211613,6.446484819711683,22.051842
2023-05-15,20.482208,1.7317877280346838,7.964705217081443,21.424883
2023-05-16,17.638638,1.7417234061676101,8.310818285799282,19.165415
2023-05-17,16.682817,1.7445287957648705,5.658151068108774,18.861387
2023-05-18,18.052494,1.749706530928878,4.948980813731194,21.432302
2023-05-19,18.844667,1.7518003638076038,5.350592202653454,19.510578
2023-05-20,20.097574,1.762649053746324,8.39311598870066,19.801464
2023-05-21,24.280617,1.761539844641216,10.685049219784894,20.434404
2023-05-22,24.187313,1.7404209859862618,13.207199800400879,20.275864
2023-05-23,19.230116,1.7652819307205445,11.45751212395463,20.312656
2023-05-24,18.336443,1.756605436515515,7.078211383607158,21.124826
2023-05-25,19.45966,1.751446870134437,7.707316018996272,20.558847
2023-05-26,18.996864,1.7850962255814562,6.925763072493125,19.77365
2023-05-27,20.102657,1.7675734578951556,5.539327777430743,21.854557
2023-05-28,22.156832,1.7698253448066044,7.050803666545843,22.40307
2023-05-29,20.317026,1.8183237136108048,9.452901713332539,20.99027
2023-05-30,21.018099,1.7962634545180252,7.007420911684246,20.732643
2023-05-31,22.840315,1.7969816542477415,8.375339122877428,22.54341
2023-06-01,21.006533,1.8968790347101148,9.699223292676978,22.929956
2023-06-02,19.77201,1.8767050492690882,9.949455397582511,23.548042
2023-06-03,21.64729,1.8521561439609315,7.414936041535436,24.282972
2023-06-04,23.340536,1.8753957372338785,7.403294768483998,25.272814
2023-06-05,25.330875,1.8894021257706008,9.045007290381381,25.265785
2023-06-06,23.150717,1.890040674750447,13.074754856667449,25.447636
2023-06-07,26.926899,1.9296704325366132,12.87835269575837,25.244843
2023-06-08,26.63818,1.9296146425210647,14.48410327445296,24.720919
2023-06-09,26.876362,1.971197017687107,14.449290043098419,24.277346
2023-06-10,27.39679,1.980249662899724,14.162643939843317,23.940603
2023-06-11,26.15508,1.9712882864018524,14.391101928269709,24.342192
2023-06-12,25.79649,1.9864028923676045,14.5792667175828,24.255795
2023-06-13,23.3725,1.9996122203537083,14.375301502774228,23.904518
2023-06-14,23.723352,1.9783648503877296,11.745854252619143,24.509155
2023-06-15,22.186148,1.959220001479095,11.202664447363315,25.875555
2023-06-16,21.235958,1.971289323872158,10.268375717108135,24.945778
2023-06-17,23.432974,1.9525142258202617,10.00153581110315,26.059315
2023-06-18,25.480095,1.9549748801184748,9.472876456903172,26.405968
2023-06-19,27.866743,1.946723933631874,12.580499553674766,26.228466
2023-06-20,26.568583,1.943849520475876,15.508572293776222,26.197363
2023-06-21,27.816206,1.9571644845508032,16.222498243346067,25.332909
2023-06-22,27.816206,1.9950798363856292,14.88242730005754,25.336163
2023-06-23,21.877094,1.9940223224946627,13.709558131487864,24.879345
2023-06-24,24.291998,2.042664087759797,12.058881270955744,25.35937
2023-06-25,25.613132,2.036770938926178,14.24925967893974,26.623577
2023-06-26,28.96104,2.0616332393924557,14.652691635534442,25.787697
2023-06-27,22.342789,2.0781467599267875,12.750762604778956,23.38756
2023-06-28,22.34378,2.1195417685223763,11.617584765376645,24.509914
2023-06-29,24.342535,2.1320118321630153,10.42394870028215,26.505783
2023-06-30,23.622793,2.1587158551667684,14.414149679799294,26.165388
2023-07-01,24.486242,2.154188064156248,13.026068631531121,24.293444
2023-07-02,22.35403,2.1400282540253963,13.711477534929553,22.676363
2023-07-03,22.34378,2.145081112794631,12.605585253763238,23.110157
2023-07-04,22.977,2.145081112794631,12.097533108340901,23.188545
2023-07-05,23.72155,2.1400282540253963,10.365792835415084,23.182106
2023-07-06,23.382437,2.1735101015177998,11.87223266719803,25.259327
2023-07-07,26.688272,2.1797993663836293,11.376939608845124,26.428833
2023-07-08,29.011578,2.1779619062602875,11.871144856341338,26.388382
2023-07-09,29.960907,2.1658450746127014,14.548327453977098,26.357279
2023-07-10,27.586948,2.1493611547187212,17.112588599847275,25.409143
2023-07-11,29.011578,2.1662130380738955,13.873799374797386,26.436995
2023-07-12,26.588171,2.1286212913513847,19.109571387450472,23.386744
2023-07-13,25.047125,2.1586719836752475,14.10536165820978,24.89453
2023-07-14,25.771013,2.246955228537975,12.691213495887668,26.207462
2023-07-15,30.667208,2.2476474344592687,15.834981934457783,25.325602
2023-07-16,27.228046,2.255269217583583,17.644471676637252,24.56153
2023-07-17,26.112608,2.255269217583583,15.928431987977014,23.650602
2023-07-18,24.291998,2.2555990097305703,13.193984007926995,25.524311
2023-07-19,25.935118,2.2555095744036864,12.217800797586069,25.890488
2023-07-20,23.572256,2.260744335927787,12.3464794158924,25.009697
2023-07-21,22.424276,2.248336531149401,11.250562391749234,25.96714
2023-07-22,22.950298,2.260744335927787,11.570837787524258,24.494944
2023-07-23,26.989054,2.2793512750866447,13.983939160472719,24.480387
2023-07-24,26.908346,2.274770017157004,14.452447306977987,24.203606
2023-07-25,23.039156,2.2850120623912225,12.806579630023524,24.398304
2023-07-26,22.37374,2.3084583051864875,11.630645030124569,24.516472
2023-07-27,22.749218,2.305692614824889,10.927796573152046,24.675085
2023-07-28,23.039156,2.3084583051864875,13.151518448772011,24.162258
2023-07-29,23.971785,2.310959620908636,12.97188392208534,24.99073
2023-07-30,24.057323,2.302825126252301,13.610777743201243,24.480387
2023-07-31,22.197964,2.3074031705760705,12.024922770424478,23.099464
2023-08-01,22.197964,2.3002170936768334,14.088517576710412,22.833292
2023-08-02,22.855991,2.3088216474725964,13.37622528389367,22.644915
2023-08-03,22.741314,2.3114201302531443,15.632042181785483,21.615253
2023-08-04,23.572256,2.344174536077109,13.465250397927806,24.561634
2023-08-05,23.015766,2.3691105618120303,11.356638476675297,26.018538
2023-08-06,21.310013,2.373962895978118,12.42982102982932,25.023432
2023-08-07,20.643145,2.3701512189893323,11.586016318191248,21.094921
2023-08-08,21.209482,2.3701512189893323,11.340932426637428,22.41799
2023-08-09,21.959717,2.374059679352478,10.033808565359273,25.238297
2023-08-10,22.062246,2.3836292400497645,8.843551746723204,27.114597
2023-08-11,25.665125,2.3901139244305774,9.975998471347339,27.196575
2023-08-12,25.429558,2.402621507653918,14.253259666689853,26.418013
2023-08-13,25.98711,2.4142631724430874,14.147472602771181,27.147522
2023-08-14,28.790913,2.4205641573468535,15.135476989967735,27.236134
2023-08-15,29.150656,2.4167909158629857,17.330170234061736,26.536201
2023-08-16,26.740265,2.4272173707449607,16.29260532055581,27.328442
2023-08-17,25.562595,2.422498572731489,14.754162530524741,26.315968
2023-08-18,27.645395,2.421884643365014,15.54162073854797,27.490257
2023-08-19,29.968817,2.4219140892813797,15.801344966758297,26.264065
2023-08-20,27.217066,2.431024696568061,17.362270491504773,25.765947
2023-08-21,26.576492,2.441020340468676,15.380194998302585,26.376247
2023-08-22,24.794962,2.4390251517093233,14.958299802700267,26.547857
2023-08-23,25.943027,2.454451871870446,13.002647147628426,26.413881
2023-08-24,27.217066,2.4463917310713326,14.162831435753342,26.259146
2023-08-25,27.874653,2.455132929688463,16.606783184808577,25.497784
2023-08-26,24.302837,2.454109638387391,16.86376706494097,24.02187
2023-08-27,22.357838,2.451055761213483,13.682710686159464,23.544874
2023-08-28,21.568336,2.4532310853172263,11.388569052247405,23.254663
2023-08-29,19.95949,2.4532310853172263,11.510630590829924,23.08846
2023-08-30,21.854183,2.451914736777934,10.655239548216208,22.36861
2023-08-31,20.768894,2.4464178800069467,10.530738862697843,22.150253
2023-09-01,22.747753,2.4558835782169117,10.003733863486941,23.437546
2023-09-02,22.728483,2.466265129353175,9.451766431194034,23.976442
2023-09-03,22.001629,2.4564035072489405,11.021358357884996,23.533997
2023-09-04,23.900618,2.475946682375716,10.03153286964152,24.022005
2023-09-05,26.126665,2.4624722618572505,11.885061448399089,24.044107
2023-09-06,26.900194,2.471873649362984,12.010695512298526,23.801632
2023-09-07,26.919464,2.46092788373017,12.723155977036098,23.427923
2023-09-08,27.424826,2.4563491612928017,13.213886559084683,23.680191
2023-09-09,28.083818,2.4592444950707644,12.746049430057337,23.675901
2023-09-10,28.493761,2.4682640959151882,13.029418084464258,23.829233
2023-09-11,28.381863,2.4700801982674805,13.316627470497206,23.24057
2023-09-12,27.251453,2.4660071652547484,14.0235731927357,22.56084
2023-09-13,22.270369,2.4353772269215757,14.55119128270372,21.409203
2023-09-14,20.632494,2.4605764618441084,9.911293538555064,20.42995
2023-09-15,22.364786,2.4621768758989426,9.953922954377667,20.125378
2023-09-16,24.10257,2.4621768758989426,11.882450854762084,19.883791
2023-09-17,25.353912,2.4717508817095526,12.262568172349454,20.102455
2023-09-18,25.508036,2.441514324546648,15.407695136408979,19.872986
2023-09-19,20.68247,2.459713329029944,14.94296947397564,19.071499
2023-09-20,23.660858,2.4581942337188676,13.51602013522825,19.406416
2023-09-21,25.585844,2.4563061483664312,13.178572877767976,19.29269
2023-09-22,20.660128,2.4559678780682015,14.323124309217693,19.29269
2023-09-23,19.504652,2.451623120596577,11.340723172326875,19.929264
2023-09-24,19.877392,2.470610187077841,7.843232342689421,20.486221
2023-09-25,21.659838,2.461208799572108,7.940418926686647,20.53822
2023-09-26,22.776754,2.480012514424565,9.978600571969334,20.61722
2023-09-27,23.193771,2.480012514424565,11.966075606543658,20.042292
2023-09-28,23.027786,2.482540231039673,12.13086333520257,19.033144
2023-09-29,22.588488,2.465109214279963,12.439859979382803,18.765034
2023-09-30,17.865976,2.4574999786088916,10.710213796256834,18.387197
2023-10-01,18.803453,2.465109214279963,11.223237782025198,17.61182
2023-10-02,22.126245,2.462768285468187,11.181230765086552,17.764015
2023-10-03,21.764494,2.467278872488074,13.434384586357098,16.93509
2023-10-04,17.254892,2.467278872488074,10.4649299916228,16.74455
2023-10-05,17.04506,2.454751199613573,10.602991506318242,17.004242
2023-10-06,17.140804,2.4578262045942756,9.374498384033242,16.606907
2023-10-07,16.977713,2.4623557058592547,12.012868614019869,16.439543
2023-10-08,16.366846,2.461208799572108,7.483704839760403,16.654453
2023-10-09,15.01489,2.467862245421576,7.066729414475256,15.99982
2023-10-10,17.027267,2.453250206963367,8.522454880201149,16.003082
2023-10-11,20.029797,2.4589692288736886,12.46636292065234,15.539304
2023-10-12,17.666454,2.4538405390564164,11.167733073078722,16.048004
2023-10-13,18.087248,2.4446076011438596,9.447660414997934,15.517982
2023-10-14,17.467016,2.453675645908317,10.418405459573663,14.385323
2023-10-15,13.558069,2.453675645908317,6.370608185963882,15.153505
2023-10-16,13.623601,2.4426935825181237,3.6659158354591996,15.785467
2023-10-17,13.794545,2.457552797645435,2.6768108020140295,15.851447
2023-10-18,14.430139,2.4403157476771833,0.6093843207178047,15.7253685
2023-10-19,12.283906,2.428921521914527,5.39713849230018,14.49087
2023-10-20,11.998881,2.4406750722240154,5.310646499124006,14.489556
2023-10-21,16.784445,2.4428969595336034,5.9482131946953345,15.035694
2023-10-22,15.967246,2.4436924867569823,7.249784829741065,15.177971
2023-10-23,15.7821,2.442089525864059,6.862960922543069,15.4547415
2023-10-24,14.520683,2.4436924867569823,7.922224093675476,14.313754
2023-10-25,14.727153,2.4417429185432895,7.045295345829829,14.022668
2023-10-26,13.390267,2.4237683119875575,7.5388802892665865,14.204339
2023-10-27,13.390267,2.423104550473579,7.455902824250857,13.832318
2023-10-28,14.210841,2.4083168988696944,7.043106273613004,14.208725
2023-10-29,15.747951,2.385927818428949,6.962111876027956,13.690304
2023-10-30,15.6278305,2.395034535973223,9.29542838439252,14.102742
2023-10-31,14.446128,2.379266272791642,9.395820116278587,13.655348
2023-11-01,14.4246645,2.390334623890638,6.058630484071576,13.026106
2023-11-02,13.606346,2.37767735873254,7.441831811907765,12.442357
2023-11-03,12.350908,2.385024449783543,7.124902884135862,12.104977
2023-11-04,11.931494,2.3764463401696556,5.787008421816235,11.4613905
2023-11-05,12.26344,2.3764463401696556,7.814813666188307,11.119108
2023-11-06,12.414336,2.380489019444622,8.322661164164474,10.72207
2023-11-07,11.711367,2.365056889903177,6.291124764609627,11.380209
2023-11-08,11.51785,2.3578510070589336,5.591424522803565,11.371225
2023-11-09,11.51785,2.34439467582335,4.963260069230663,10.990398
2023-11-10,11.085999,2.338613567754041,6.088969872555275,10.542264
2023-11-11,9.980124,2.3580351098977945,2.7268227898865613,9.654669
2023-11-12,9.805194,2.345769362323407,3.7246106245061457,9.896262
2023-11-13,11.011387,2.334744426972885,1.3496924925287708,10.314473
2023-11-14,12.107507,2.333561121151603,8.509163818191475,10.688659
2023-11-15,10.641298,2.321567425906051,5.298318039499521,10.468835
2023-11-16,9.364972,2.287572998928799,4.075211727717573,10.3831415
2023-11-17,7.254388,2.2863317249271833,1.820960245535594,9.742775
2023-11-18,6.4714584,2.290101181653016,0.7375565511472777,8.328687
2023-11-19,10.09844,2.2907774385069186,3.160255103346018,9.720213
2023-11-20,8.954039,2.29141806403799,6.845559816036651,7.8680534
2023-11-21,7.619403,2.250819898788062,0.5300760471812298,8.231927
2023-11-22,2.8075342,2.260777273761647,-4.168642799880263,5.7017856
2023-11-23,9.587225,2.2396688250364845,0.5591443517118284,8.802952
2023-11-24,7.4559765,2.2315603958360684,2.792570842773561,7.996729
2023-11-25,4.728316,2.228072567703307,0.15810804396365086,5.3977566
2023-11-26,2.8409226,2.2335062122883445,-3.1571886738876556,4.8349795
2023-11-27,2.8409226,2.245918054323356,-2.7599959023541567,4.3418536
2023-11-28,2.361604,2.2006474795387887,-2.519771594435386,4.182565
2023-11-29,2.9036794,2.196014013367994,-2.627511432112761,4.783053
2023-11-30,0.462392,2.2024445762203135,-5.269288021875513,2.1953325
2023-12-01,0.462392,2.2024445762203135,-7.282107367765328,2.0622494
2023-12-02,0.5274192,2.210780562354364,-6.63783774354214,3.0231237
2023-12-03,1.0962167,2.2100536756643985,-6.228239821972546,3.7728481
2023-12-04,1.4848436,2.203047213110432,-5.073369450242862,3.9281988
2023-12-05,2.0269191,2.1845734914959163,-3.5413640928814916,4.4455533
2023-12-06,2.6948605,2.182392810268218,-1.3553605231082217,3.5690224
2023-12-07,2.6298332,2.1763081726182545,-2.6164502060425585,2.4932277
2023-12-08,2.711131,2.1152738542190965,-1.9833653944170075,4.395265
2023-12-09,4.846405,2.096685286631567,-0.09145249400264799,3.7051668
2023-12-10,7.3800645,2.099314937946521,2.03528456504771,5.26868
2023-12-11,8.358188,2.0951358769487483,4.520661324121953,5.8124757
2023-12-12,6.220792,2.1183102543957086,2.8435483935390793,3.099589
2023-12-13,5.4376316,2.098246355853541,2.0867498816769965,4.119024
2023-12-14,4.7148666,2.100467281207528,0.8978674669530644,3.9273696
2023-12-15,5.9451046,2.088335124071202,-0.5428645862125414,4.8637094
2023-12-16,7.9264574,2.0808254541991698,3.3957667974776946,7.119921
2023-12-17,8.470466,2.0808254541991698,4.999246216600325,7.352424
2023-12-18,7.756452,2.0832609479400452,3.439657521977532,7.05244
2023-12-19,7.195386,2.0832609479400452,4.084012925318737,7.0290565
2023-12-20,7.2712994,2.032203764081688,3.3635059537151015,7.7217455
2023-12-21,8.630429,2.0443754650311257,4.724345732699272,8.01266
2023-12-22,6.0341063,2.0319910429164296,2.328852441062644,8.099361
2023-12-23,4.6684523,2.0157782292424278,0.815416319449775,7.90857
2023-12-24,9.6726265,2.0315491628836915,1.325003536339171,7.90857
2023-12-25,9.6726265,2.0304212249341584,6.870759004834166,7.90857
2023-12-26,9.6726265,2.0268842750577685,6.100600833332998,7.8052216
2023-12-27,6.076853,2.011300836563383,2.0081377551547677,5.894184
2023-12-28,9.485197,1.9978062072459342,4.213315227727907,8.284686
2023-12-29,10.242897,2.0261531702617352,6.432224146339838,9.63492
2023-12-30,9.126138,1.9930445312036116,3.749327428636739,9.635053
2023-12-31,8.113742,1.9996548138281713,1.89608411493517,7.473823
2024-01-01,8.171958,1.9814258360654986,3.3756144393720255,7.4731016
2024-01-02,8.71104,1.9428499822980094,2.025962457005085,7.63148
2024-01-03,10.22565,1.9231280143099663,7.450513396849053,10.152641
2024-01-04,8.370484,1.914711199542086,1.326744317023972,7.22696
2024-01-05,3.3036182,1.9431355311121667,-0.5316486078159803,5.2640004
2024-01-06,3.5303988,1.9188746731405157,-1.1952961832205977,5.6339397
2024-01-07,1.2168965,1.905880780958157,-4.097962098951256,4.7298884
2024-01-08,0.97306216,1.891047708397534,-8.130512901859895,4.674124
2024-01-09,0.31251118,1.8999790695752394,-10.823914562578437,1.7283055
2024-01-10,0.31251118,1.833608860635621,-9.782599604197728,2.3479986
2024-01-11,1.2200495,1.8288239802750066,-7.228471969881183,3.928778
2024-01-12,2.6049461,1.8343435553624574,-2.5470260601737396,4.862914
2024-01-13,4.4108405,1.8333013249710952,-0.016897678671710104,7.1852207
2024-01-14,4.726349,1.8372502097637575,0.626700527917337,7.296718
2024-01-15,4.158973,1.821136527924153,0.040206703771869634,7.296718
2024-01-16,2.4854367,1.800549374917427,-4.447813147898134,3.669314
2024-01-17,1.088511,1.796119793303932,-6.474050853887589,3.672342
2024-01-18,1.138397,1.7882432406131155,-5.063624771687603,2.7569778
2024-01-19,3.8529456,1.7823661125370034,-7.767571562072763,6.3642325
2024-01-20,4.074921,1.8004778059312372,-1.9871834461299818,6.45506
2024-01-21,4.334927,1.7786272440809399,-6.516633077272011,5.5030704
2024-01-22,8.997356,1.8136139723419862,1.163941602935882,7.0597315
2024-01-23,7.890262,1.8087351582939473,3.0183099917274023,6.9011683
2024-01-24,9.638327,1.792719130722197,4.080159861763434,7.250522
2024-01-25,8.429344,1.792719130722197,4.3669084944728755,6.735561
2024-01-26,8.921444,1.7601024998825885,1.2981647587893859,6.092568
2024-01-27,7.513872,1.7601024998825885,2.1805042585509415,6.6448536
2024-01-28,5.9964867,1.7406635646371746,-3.078961692390078,3.3138645
2024-01-29,7.081644,1.7446111653239538,-1.2362561739446711,3.8272703
2024-01-30,7.4527493,1.7486604428299937,-1.2919169734947769,3.6542327
2024-01-31,8.353432,1.7539585873922885,2.602878594943316,5.7889333
2024-02-01,8.060268,1.7816619004429115,2.4747839360516237,6.8573503
2024-02-02,8.429344,1.7739408830237768,2.7780415966266663,7.0689807
2024-02-03,9.638327,1.7803171994972478,6.161596946490189,7.726204
2024-02-04,8.429344,1.785165247608687,4.764657899968633,7.884767
2024-02-05,9.268237,1.7699537170234414,6.628520740128688,8.075558
2024-02-06,9.638327,1.7417458869632907,7.105732301761227,7.9967804
2024-02-07,9.268237,1.7104038984557186,1.8395904889825632,8.185133
2024-02-08,5.0832877,1.7420829962937046,-1.302317688250123,4.0646887
2024-02-09,8.127302,1.7095038476779358,0.46772777449951075,7.3998218
2024-02-10,9.729695,1.6916838976546653,5.648335627801263,7.018909
2024-02-11,8.519193,1.6573426747406192,5.079380338907103,8.226399
2024-02-12,8.043251,1.6615788618383243,4.802071245825459,8.238268
2024-02-13,8.043251,1.6615788618383243,2.490101354762658,8.302878
2024-02-14,8.316041,1.6474765530088653,0.9102717617654745,8.211417
2024-02-15,12.074682,1.650676766726035,6.302219537667106,9.235699
2024-02-16,12.244942,1.6573418772964632,5.510706840070067,9.879691
2024-02-17,11.257305,1.6573418772964632,4.666233594803433,9.007625
2024-02-18,10.613133,1.6499046856706627,0.9037437308572072,8.812124
2024-02-19,9.881644,1.6065639297661705,5.3287493016790615,9.59664
2024-02-20,9.993922,1.6018382039437313,4.689974931527767,9.087054
2024-02-21,10.957058,1.5980653199025745,4.709684822669822,9.635644
2024-02-22,11.144487,1.6063278953723015,6.442162905442809,9.688063
2024-02-23,11.2285385,1.6000334366070597,5.7361221507251425,9.737744
2024-02-24,10.9177685,1.5963189108180544,-0.3954982365409201,9.585532
2024-02-25,11.224806,1.6075147886522618,-0.27186115845219394,9.690561
2024-02-26,10.9177685,1.5956396005174744,-1.5412095730866788,9.544854
2024-02-27,8.015383,1.595378869760134,1.3240690424509038,9.650289
2024-02-28,7.764981,1.5986623884934852,1.0338148211121343,9.27391
2024-02-29,10.276798,1.594908735989067,-1.889907149654996,9.752847
2024-03-01,11.976306,1.5908446713897786,1.9858079758662273,9.803635
2024-03-02,11.703636,1.588212929908928,4.425991308169522,9.918122
2024-03-03,11.976306,1.5858461343578303,4.740420362783649,10.093081
2024-03-04,11.976306,1.5832729229470295,4.803025007506328,9.91565
2024-03-05,9.280623,1.5811661784713773,2.451604258269465,9.8427725
2024-03-06,8.395486,1.584413632914848,-2.3335950421570066,9.480204
2024-03-07,9.280623,1.5869868443256485,-0.09026314279492365,9.185379
2024-03-08,8.734228,1.5770484383976338,-3.2060749352646587,9.5537615
2024-03-09,10.376453,1.5694738215940327,-0.9476816989821373,10.070012
2024-03-10,12.551646,1.5673136881939604,2.3188566816718925,9.842496
2024-03-11,13.13349,1.565122919011973,6.948288574903012,11.085873
2024-03-12,13.398281,1.6144113037884285,1.2384067199620006,11.837369
2024-03-13,12.726555,1.560961660599512,2.8965150992434743,11.49844
2024-03-14,13.87111,1.567298149141743,5.619090732588196,11.549499
2024-03-15,15.170477,1.5333059614072142,5.668959488326542,11.87962
2024-03-16,12.610032,1.542007091066703,6.123726696863985,11.843379
2024-03-17,9.704771,1.52436188289434,1.2336360757957667,11.733852
2024-03-18,8.755472,1.5206282238543969,-3.3827076112882137,11.83928
2024-03-19,10.448874,1.5206282238543969,-3.602587765103201,11.83928
2024-03-20,14.609825,1.5887429500438228,-0.3636499782032585,13.209562
2024-03-21,13.887064,1.529624893042938,5.539873822018276,12.464591
2024-03-22,12.73055,1.536057972736265,5.483692907212205,12.407418
2024-03-23,10.667852,1.5406068679185345,4.024337047826778,12.568891
2024-03-24,10.356474,1.540453510459504,1.13258529855272,12.208518
2024-03-25,11.174246,1.5379704829174448,2.865907900717781,12.595717
2024-03-26,13.06064,1.5422066700151498,-0.04585046863004383,13.0625725
2024-03-27,15.632111,1.54273326166469,4.196409198330494,13.6055975
2024-03-28,13.82031,1.5489923244973665,7.287332399794293,13.136874
2024-03-29,14.4798,1.534874788381154,4.641337476405489,13.842175
2024-03-30,18.891455,1.528701824709367,6.20181013214368,14.244873
2024-03-31,17.12634,1.555513749476526,6.009032117085954,14.291941
2024-04-01,15.235839,1.5387982362241641,6.754114847587234,14.186975
2024-04-02,13.652519,1.5633743760173247,7.085166294511717,11.4998865
2024-04-03,12.004248,1.534874788381154,6.29541743346757,11.89829
2024-04-04,13.948067,1.5379803731767994,6.340772470526658,11.373265
2024-04-05,16.225115,1.5423120450056644,7.652495889832816,12.668849
2024-04-06,20.342787,1.539631460296554,9.033462512619199,14.067126
2024-04-07,20.732012,1.5396465821140444,10.874542605251449,14.067126
2024-04-08,21.835226,1.5242513043439314,10.602534401042218,14.671185
2024-04-09,21.708128,1.5343477158587284,11.379900270284251,13.499052
2024-04-10,15.081924,1.5343477158587284,7.40625938736926,13.856283
2024-04-11,15.7995205,1.5301115287610234,5.162153693031686,14.303452
2024-04-12,18.035156,1.5456037559981681,8.635207707755294,14.045945
2024-04-13,19.126554,1.5448717545101291,10.208461662579744,13.239136
2024-04-14,15.699911,1.5522915479175166,9.81565306782478,12.559844
2024-04-15,14.370282,1.5504493039253757,6.172183427707423,14.034484
2024-04-16,12.562433,1.5698187522764402,3.8057910660899896,12.407584
2024-04-17,13.028247,1.5607402274916387,2.1069054649413372,13.935425
2024-04-18,13.263145,1.5665498987249589,0.6563747397678208,14.189198
2024-04-19,12.04773,1.5682923640472306,3.749076349179682,14.414392
2024-04-20,12.121073,1.5682923640472306,1.9905549197951524,14.563011
2024-04-21,12.570914,1.579383077608914,-0.7211634594667675,14.708131
2024-04-22,11.78006,1.5767288699207858,-1.5534867549087483,15.855866
2024-04-23,12.543755,1.6582659542170615,-1.6109442198193369,15.9533415
2024-04-24,13.513642,1.5892117030794966,-0.1435664861910011,15.044336
2024-04-25,12.83927,1.593215122655305,0.3629890530964639,14.684787
2024-04-26,15.641525,1.60386758590443,1.8346543195862317,15.226451
2024-04-27,18.813124,1.5934165188997798,3.367696944346676,16.608456
2024-04-28,21.708282,1.600001297533251,8.048940992415112,15.887095
2024-04-29,19.918234,1.5983565258616783,10.152396290179343,17.629225
2024-04-30,23.287508,1.605334430640648,9.155437352782638,15.857676
2024-05-01,22.907904,1.6146515346012495,12.647736810888436,16.83278
2024-05-02,22.29979,1.6226578638567752,12.741010183385628,16.749268
2024-05-03,20.637444,1.6183486275286643,12.749466542455469,17.63247
2024-05-04,18.42433,1.6326890674944035,9.68594324664703,18.344023
2024-05-05,18.710787,1.6313994683752782,10.242897073128427,17.204233
2024-05-06,17.821192,1.6178028906289168,7.717148522783645,18.199064
2024-05-07,16.966806,1.6435894573930543,6.773847149223451,18.226536
2024-05-08,18.32421,1.6353963340984063,6.84407909325097,20.618443
2024-05-09,18.90021,1.6933560890023505,4.379289061993685,21.551844
2024-05-10,21.017967,1.723633332419799,7.3248458920004955,21.958633
2024-05-11,19.015146,1.6926551827676763,9.162204378444523,20.718937
2024-05-12,19.647219,1.716010727847388,8.591805343051167,19.653252
2024-05-13,21.921406,1.7357901993224338,9.193578047957438,19.639235
2024-05-14,22.576433,1.7523715606299106,10.624642928878771,19.266953
2024-05-15,23.33156,1.7673324761436757,12.539909663737326,19.204418
2024-05-16,23.425793,1.7698455613920843,13.195333696571328,18.979372
2024-05-17,23.645311,1.7637049414947417,12.927503760059794,19.327158
2024-05-18,20.609068,1.7539218488156059,11.182183296558193,20.76349
2024-05-19,20.766436,1.7800457004968098,9.156109734928187,22.215553
2024-05-20,21.743256,1.7895339147862195,9.434157792015196,22.299091
2024-05-21,23.93623,1.7649624718395214,11.740884517733033,20.260523
2024-05-22,23.524387,1.7649624718395214,14.213246622544816,20.233562
2024-05-23,21.70097,1.7534208448603963,12.417623047765609,20.875551
2024-05-24,22.388689,1.7639632915533958,10.822951263245269,20.937765
2024-05-25,22.876574,1.8137856221035815,11.988639850741642,22.093138
2024-05-26,24.076212,1.787820777073264,11.197658819411426,22.319025
2024-05-27,22.805614,1.7986922321167715,13.4054138190724,22.087786
2024-05-28,19.273764,1.8266546213535324,11.78407648228546,20.956903
2024-05-29,21.58279,1.8593875673379956,8.4575631955049,20.573042
2024-05-30,21.31585,1.8523800864027131,11.31608973422069,22.373404
2024-05-31,22.376183,1.8523800864027131,11.443377695061688,23.06244
2024-06-01,24.548481,1.8646029041976764,12.915941792711845,23.756882
2024-06-02,23.116354,1.8862257173205417,12.74775127271339,22.822525
2024-06-03,21.350462,1.935021649680382,10.778868032712218,23.488905
2024-06-04,21.727997,1.9125993938315922,11.185528292648424,25.213787
2024-06-05,21.946932,1.9464866112438888,10.231087884334157,23.96816
2024-06-06,21.727997,1.9537634390457483,9.954128235586921,25.380438
2024-06-07,21.645374,1.9337855737941119,9.316914296250232,25.150906
2024-06-08,24.00974,1.979285070374237,9.880899314589712,24.255795
2024-06-09,21.809772,2.001098390370899,10.122754440135736,23.838657
2024-06-10,20.975763,1.9770033643298608,8.19132084827765,24.323751
2024-06-11,20.102135,1.9984382852266172,8.80179847997564,22.268343
2024-06-12,20.672583,2.0204215752158023,8.0217155990643,24.15413
2024-06-13,20.8237,1.987506778115123,7.769208285525996,24.756039
2024-06-14,21.99106,2.0075647916669808,6.843383905281702,24.880102
2024-06-15,22.57501,2.021352548758352,11.813585466925481,24.127438
2024-06-16,24.10303,1.98911047495445,8.933473730509524,25.225403
2024-06-17,24.342535,1.98911047495445,11.806923115972722,25.70234
2024-06-18,26.568583,1.9771626924709704,12.035495600679644,26.197363
2024-06-19,21.474087,1.975683676916308,12.158318324916992,25.295837
2024-06-20,23.622793,1.971827625016759,8.814454073719642,26.21556
2024-06-21,26.688272,1.9934058619067145,12.41194501275848,26.390282
2024-06-22,23.166819,1.9848941753972191,14.448056631961052,23.26038
2024-06-23,23.119864,2.0333645320893945,12.36537344039903,24.618387
2024-06-24,24.10303,2.052443384720921,11.673293618009648,26.548948
2024-06-25,26.078747,2.083260849824088,12.433131978147447,25.79095
2024-06-26,28.96104,2.1173259973996297,14.74032531494435,25.787697
2024-06-27,27.866743,2.1362260167797644,16.990564098264016,26.237303
2024-06-28,26.950607,2.1275168044886668,16.77517740154312,24.927832
2024-06-29,29.011578,2.1762348821687287,12.528769140023273,26.352982
2024-06-30,26.672474,2.1548782896750125,16.03010479739987,24.116522
2024-07-01,22.749218,2.1756498039481005,13.514427114232841,25.196001
2024-07-02,20.510109,2.1548782896750125,11.169744488270197,23.631262
2024-07-03,21.28819,2.1455303349263413,10.272089056173549,25.004738
2024-07-04,21.207483,2.1485580722226834,10.037353427914056,24.521564
2024-07-05,22.579653,2.1592622919152964,9.638770299277635,24.619543
2024-07-06,28.474895,2.1638403362390664,11.992669052968049,23.35458
2024-07-07,23.572256,2.151153908312847,12.436863403992707,24.670185
2024-07-08,25.613132,2.1899746163638962,11.547288442568153,26.316912
2024-07-09,29.048126,2.1762009592566294,14.279915360785065,25.603655
2024-07-10,29.011578,2.1762009592566294,18.669875392469645,25.51672
2024-07-11,26.129284,2.198910493040678,15.042947924944063,26.244076
2024-07-12,26.950607,2.204409034476512,14.358201031971443,25.460762
2024-07-13,24.052492,2.2109039443036727,12.05582036251792,24.655628
2024-07-14,25.613132,2.259849446996467,13.608918775572715,26.270344
2024-07-15,28.525736,2.2599919743981594,13.795019856881735,26.270344
2024-07-16,27.158619,2.231684401009784,16.63679800873422,25.489517
2024-07-17,24.56695,2.2483262587421744,14.68921398567388,24.533594
2024-07-18,26.129284,2.273274914112105,13.233470527255168,26.40371
2024-07-19,27.866743,2.275294634606685,13.10029183565712,26.674736
2024-07-20,29.011578,2.2692070977567127,15.917066252129356,26.254488
2024-07-21,30.087229,2.2722132834768862,16.87772676531621,25.620523
2024-07-22,24.122433,2.269394984320417,17.183579867866737,24.560675
2024-07-23,26.688272,2.287404571385728,13.03862820970766,26.191607
2024-07-24,23.791916,2.293044434725313,13.787836932970365,24.422066
2024-07-25,23.762444,2.3282128116541467,11.87065436942912,26.035301
2024-07-26,24.342535,2.3282128116541467,12.140265588713508,26.06157
2024-07-27,24.342535,2.3301357392835147,14.648950772618033,26.263859
2024-07-28,23.10171,2.3181811871965534,12.858821640864374,24.143867
2024-07-29,24.052492,2.311354329828333,11.869217094587613,24.805603
2024-07-30,26.568583,2.323642789483736,11.57860636629951,26.350794
2024-07-31,27.866743,2.318784475770972,13.77735986340057,26.152514
2024-08-01,26.620575,2.3263376932657587,15.504543668193659,26.018538
2024-08-02,23.484966,2.314703794389164,14.079157767825576,25.838253
2024-08-03,25.149654,2.3474309650086997,13.051241672056605,26.058084
2024-08-04,23.711906,2.3429544953310786,14.547937012659386,25.129272
2024-08-05,23.382437,2.3641888952254453,12.452100578911963,25.18663
2024-08-06,25.149654,2.374508239359324,14.43118716787033,26.389406
2024-08-07,27.918736,2.3773589622989073,14.052803682169465,26.70551
2024-08-08,24.291998,2.3665475928241095,14.92245572520497,25.865177
2024-08-09,25.562595,2.3527906141524597,13.009185744886917,25.414022
2024-08-10,25.562595,2.3698300245758537,13.721392341361724,25.417276
2024-08-11,25.562595,2.3951667312060914,14.232488438309879,26.315968
2024-08-12,26.740265,2.4034763307501503,12.306902757151402,27.281498
2024-08-13,28.96104,2.3934304881282147,13.960502692045036,26.312714
2024-08-14,30.1174,2.386362728402567,16.6338099916271,26.218285
2024-08-15,27.689478,2.413017935111456,17.070573014920082,27.403322
2024-08-16,28.688383,2.4205692156656005,15.966164771598944,26.275642
2024-08-17,27.874653,2.4261807675797806,16.677362882559184,27.210403
2024-08-18,26.034664,2.4219043879835533,15.092051574132327,25.241478
2024-08-19,23.667824,2.4384159371014418,13.748815782743314,25.411251
2024-08-20,27.217066,2.4368564512053625,13.26349755917368,26.35805
2024-08-21,22.892616,2.429815378741112,16.02235301658958,22.69601
2024-08-22,24.247915,2.451533244364882,12.181255175515698,25.392185
2024-08-23,28.446411,2.4218738263131376,14.582378599224896,23.353533
2024-08-24,30.073317,2.423218669157283,16.925697504171712,24.253279
2024-08-25,24.748774,2.426364778437016,17.029677271345896,23.209732
2024-08-26,25.171215,2.4504907320319833,13.25256089328005,24.569193
2024-08-27,26.126665,2.438557555766826,13.050003039094623,23.818895
2024-08-28,28.527363,2.424948790184678,13.99273629407525,23.559933
2024-08-29,30.275826,2.4460066425414473,18.285708814231107,23.397543
2024-08-30,26.084368,2.413273856128991,17.581099794988894,23.053417
2024-08-31,23.200146,2.457936441248113,12.41993331202066,23.506445
2024-09-01,24.613447,2.452208828695313,12.131113958736961,23.477482
2024-09-02,26.126665,2.4564035072489405,11.888028235418613,23.515509
2024-09-03,29.51899,2.4624722618572505,15.625040371223836,23.81961
2024-09-04,30.233528,2.4341942951188353,17.06457430453795,23.136065
2024-09-05,28.931538,2.4427364572246284,18.488387645777525,21.443447
2024-09-06,27.874561,2.441285956286385,17.17248282997598,22.702103
2024-09-07,29.53826,2.4578820952919744,15.34769036431819,23.440187
2024-09-08,29.53826,2.4452614856484605,18.094234648813973,23.427828
2024-09-09,23.907955,2.4367072338490168,14.59571069944948,22.33087
2024-09-10,20.91063,2.438523336201309,12.624132525872419,21.660378
2024-09-11,19.202623,2.438523336201309,12.480184191770139,21.074932
2024-09-12,19.091022,2.4660071652547484,7.810064543382611,21.46027
2024-09-13,18.294395,2.438523336201309,7.331378380864596,20.025434
2024-09-14,18.807877,2.4564139841358696,9.149705911584157,18.229162
2024-09-15,18.807877,2.452697154577004,8.414779954084509,18.567122
2024-09-16,19.89297,2.4401694817025033,10.45921042665562,18.768148
2024-09-17,23.024115,2.444660433826381,11.024887953438345,19.645144
2024-09-18,24.041002,2.447244150569487,11.280441052322923,19.947367
2024-09-19,22.770405,2.451623120596577,11.618253998591552,19.960629
2024-09-20,21.925386,2.451623120596577,10.82837462496203,19.823414
2024-09-21,22.501455,2.4666421482791354,8.861371985193427,19.90138
2024-09-22,22.592466,2.470610187077841,8.61895193297643,20.187134
2024-09-23,22.831972,2.474683220090573,9.29386491934443,20.024227
2024-09-24,19.451796,2.465109214279963,11.030783904558373,19.078045
2024-09-25,18.867207,2.459242151737451,11.397554579350487,19.024025
2024-09-26,18.886856,2.454751199613573,12.38498141230432,17.971907
2024-09-27,18.281572,2.4709957020469395,12.58001105036475,16.895344
2024-09-28,16.67723,2.467278872488074,9.45871105924541,17.703499
2024-09-29,16.831575,2.462768285468187,4.832116412571559,18.586258
2024-09-30,16.67723,2.459242151737451,6.593135644853563,18.233944
2024-10-01,15.242512,2.459242151737451,7.183201875769234,17.184305
2024-10-02,14.91564,2.4563061483664312,6.740147740763742,17.446306
2024-10-03,15.552354,2.459242151737451,7.062009076190694,17.466793
2024-10-04,16.463783,2.4526710386151604,7.751916128781595,17.754797
2024-10-05,16.006485,2.475939481411833,6.09825104225598,17.449375
2024-10-06,15.327087,2.470610187077841,6.467197778126931,17.278229
2024-10-07,16.439499,2.4645892852479343,6.238123564845224,16.126375
2024-10-08,17.971188,2.4649669116436135,9.661406251899981,15.011227
2024-10-09,18.069715,2.453821746772004,10.66635166019261,15.278788
2024-10-10,17.020222,2.4634926162419384,11.547600917598611,14.743063
2024-10-11,14.530615,2.4538405390564164,5.816575430396068,16.048004
2024-10-12,14.754017,2.449870040187032,1.787953298186567,15.962267
2024-10-13,14.331174,2.453675645908317,8.140573317863124,14.499412
2024-10-14,14.444175,2.4387759863190954,5.35681971957558,15.677005
2024-10-15,13.794545,2.458936768350445,3.48186964401446,15.783135
2024-10-16,15.360249,2.4374394421913954,4.478334556080102,14.875223
2024-10-17,16.236897,2.426790193155368,6.810151343782059,15.129588
2024-10-18,16.411804,2.442447076436342,7.3670712491783545,15.737406
2024-10-19,16.784445,2.4361674701061853,7.859531897102481,15.708762
2024-10-20,15.967246,2.4439800104355145,8.504000856903716,15.592511
2024-10-21,16.411804,2.4407438302417166,10.629407618021846,15.502756
2024-10-22,15.857871,2.430938419154462,8.336488085822717,15.188636
2024-10-23,15.355396,2.4441092463586394,4.911605983476916,14.313788
2024-10-24,15.4204235,2.438847584765327,5.22116745328557,15.043009
2024-10-25,15.682923,2.4309913099796603,6.0185943275324965,14.993952
2024-10-26,15.682923,2.427177583486311,4.9152751922549935,15.23901
2024-10-27,15.747951,2.4090429918760274,6.438387299635299,15.159767
2024-10-28,15.747951,2.4083168988696944,6.756495621517428,14.46638
2024-10-29,15.257474,2.4090429918760274,9.673795653436413,14.409864
2024-10-30,15.4204235,2.391093886383528,9.889178067613233,14.409864
2024-10-31,14.995971,2.38375722491552,7.1069002107723955,13.820881
2024-11-01,13.522295,2.382992836160706,8.26809382302741,12.98664
2024-11-02,13.087431,2.3975318717701546,4.92793479286079,12.424213
2024-11-03,11.0998745,2.4035077738146056,0.5516963375664163,11.096031
2024-11-04,10.882764,2.4010291996383004,4.137163505378634,10.767895
2024-11-05,10.770282,2.3965778387665613,4.22146592016024,10.342881
2024-11-06,9.742948,2.393209970703302,1.8970297881799958,10.714238
2024-11-07,8.789329,2.3858786042590925,2.492695008537044,9.986403
2024-11-08,9.637969,2.3509507485797263,2.6489196836775157,10.331314
2024-11-09,9.870221,2.3440542289681296,0.5700245417096355,10.62403
2024-11-10,6.5204473,2.3532179843320007,-2.186252722783233,10.00059
2024-11-11,9.266113,2.3437204150756745,0.5290631177016127,9.869592
2024-11-12,7.7140207,2.341017622823824,1.3195708514658762,10.158111
2024-11-13,9.918012,2.3392969299569244,1.962501952964601,9.869592
2024-11-14,10.157969,2.326183191326447,1.4163799611538304,10.820196
2024-11-15,9.47725,2.28583082580024,2.836050816042293,10.188015
2024-11-16,8.947791,2.289064122323079,3.7803812693677217,9.908588
2024-11-17,8.958575,2.2945856402393185,4.3459102227841235,9.613909
2024-11-18,7.1284094,2.2907774385069186,3.2126916415175715,9.762381
2024-11-19,9.540922,2.283913565217891,1.978839672428431,8.6262
2024-11-20,5.1433563,2.2577015581735767,0.772965892264815,8.21847
2024-11-21,4.148789,2.2440467519670504,0.06646794715152904,6.252996
2024-11-22,4.1068773,2.2353214288394456,-0.6264881270680212,5.908361
2024-11-23,5.8741407,2.2315603958360684,-1.04171710957191,7.6482244
2024-11-24,10.219068,2.2304796565643663,3.159386600717777,7.4514413
2024-11-25,11.363623,2.211504379114391,9.280359896330944,6.9089427
2024-11-26,8.6770935,2.245217581979382,4.813506222820058,5.2453322
2024-11-27,7.520723,2.2006474795387887,2.93758091744075,5.455629
2024-11-28,8.943052,2.205100909069426,4.697448973829216,7.327674
2024-11-29,5.4428606,2.213190079438899,1.4496754425803262,4.0963607
2024-11-30,5.1264343,2.216001290440539,-0.23742027599666127,3.814965
2024-12-01,3.7386978,2.213190079438899,-3.3170229634299693,3.4597247
2024-12-02,5.4376316,2.202249523066457,-1.5136330559002067,3.9491606
2024-12-03,6.16765,2.2057177466724003,2.1963077790222245,3.5690224
2024-12-04,5.1264343,2.2008259118720046,1.9013257408413837,3.6992495
2024-12-05,5.036676,2.1807704750738464,0.49370006274887857,4.4932833
2024-12-06,7.14577,2.167425439719737,1.9468592038221297,4.195659
2024-12-07,6.1353755,2.119146159014746,3.6767382768536736,4.2011805
2024-12-08,4.846405,2.0938611802035147,2.551818906308603,3.7644157
2024-12-09,5.3884783,2.095158195599077,1.2296359813222013,4.5186377
2024-12-10,3.7550743,2.086598643427041,0.03331383567463053,4.9242077
2024-12-11,4.114698,2.10933156145695,-0.2921776996828296,3.3635702
2024-12-12,3.1118157,2.1040396723302432,-1.1336736983623474,3.6390204
2024-12-13,4.179725,2.1036245730240153,-1.7005355099864996,4.266215
2024-12-14,4.3361173,2.079790508494218,-2.6008893689737436,6.3188086
2024-12-15,8.371448,2.0903309588347194,1.8958275116132741,7.9033566
2024-12-16,9.399796,2.0960848930998077,6.8163572933734216,8.09415
2024-12-17,8.943052,2.088223209539556,6.31005553446362,7.83462
2024-12-18,9.5113125,2.0832609479400452,3.462487747605741,7.063147
2024-12-19,10.29498,2.04379896748217,7.050601419871729,7.616717
2024-12-20,7.048754,2.0386215307660374,3.472312692091832,8.023284
2024-12-21,7.048754,2.0053774866390044,2.157272188951306,8.166265
2024-12-22,7.756452,2.0066589696250654,2.259332160522714,7.0254383
2024-12-23,5.9595428,2.0127402652858164,0.43103314351087896,7.054694
2024-12-24,5.1492105,2.024137902807227,-0.0704816497519749,5.0376325
2024-12-25,5.2118363,2.0436286869165654,-1.036457901634491,4.0836473
2024-12-26,5.833942,2.0221566763395193,2.4209585587760674,3.480591
2024-12-27,5.326468,2.0176414403906477,1.8363217428495018,3.5760512
2024-12-28,3.7674882,2.016910335594614,-1.6858361525010856,4.450621
2024-12-29,3.6281338,1.9996548138281713,-3.0298641196439293,6.139109
2024-12-30,5.9946713,1.9970751024499005,-0.12769103505259682,9.955771
2024-12-31,4.99179,1.9642591291031881,-0.2665998175480224,8.887223
2025-01-01,8.733532,2.0015245105087556,1.146746072243876,10.737401
2025-01-02,8.3571415,1.9293524025785724,1.2727203798574953,10.806398
2025-01-03,4.9981627,1.951148761277695,-0.21229317684900817,9.735247
2025-01-04,3.5303988,1.9374363971923199,-2.4897619640271005,5.7495937
2025-01-05,3.3036182,1.9265375927055612,-1.3530812641461258,5.3635077
2025-01-06,9.579467,1.903607561522771,3.7140405028644796,7.083068
2025-01-07,7.530925,1.9078399300630238,2.1212573770471534,7.4825077
2025-01-08,5.9320364,1.8707822265568375,0.586472539034169,6.0473313
2025-01-09,3.096294,1.890470122172994,-0.42593314710152974,4.242406
2025-01-10,3.8529456,1.8151896315768616,-0.4016694990354326,6.7913322
2025-01-11,3.4640648,1.833831790221795,-0.8004896288114285,7.270457
2025-01-12,2.9024897,1.8209424852489282,-2.3197348105048574,4.662739
2025-01-13,0.5376178,1.8193317294893023,-7.266336195689228,2.099737
2025-01-14,3.513346,1.8161996912172835,-6.664171855555609,4.628616
2025-01-15,5.0293236,1.8030557734356598,0.5772793649921795,3.9110913
2025-01-16,3.7477224,1.7982778911802797,0.10184185176808747,3.2427108
2025-01-17,3.6161842,1.7882432406131155,-1.8564279679295064,2.3304968
2025-01-18,0.7497699,1.802520371759434,-3.5574171555285874,2.124618
2025-01-19,4.559045,1.792818249575809,-3.8549835956006016,2.0728133
2025-01-20,4.776449,1.7882432406131155,-1.3487036160131272,2.882362
2025-01-21,2.6260147,1.7801833947933894,-3.088757857805315,2.5047855
2025-01-22,4.897785,1.8040224493284627,-3.8007358391072357,3.7633655
2025-01-23,5.9320364,1.784172487048362,-0.4747507176041541,6.085575
2025-01-24,7.8143497,1.7742034021835722,0.25398675217582234,5.6811056
2025-01-25,10.081559,1.778859164344159,5.29519336076826,4.750199
2025-01-26,8.659701,1.7744204637006404,3.6060758276466007,3.9327211
2025-01-27,9.562414,1.759058541377686,3.334865273071445,5.9157662
2025-01-28,7.5650263,1.738296383106261,4.007448728523608,2.9412827
2025-01-29,8.487,1.7488473524216588,3.3186822663601783,5.5335298
2025-01-30,7.3191814,1.738296383106261,1.2177819933818546,3.5094323
2025-01-31,6.523265,1.7502197189362245,0.8345758081528203,5.135935
2025-02-01,4.776449,1.7675706009517935,-0.20052152634626452,3.0910943
2025-02-02,4.559045,1.7772727231354186,-1.5102959102393285,3.5882542
2025-02-03,4.559045,1.777859041466613,-3.0295521149011195,4.1744943
2025-02-04,4.559045,1.7680519076503765,-4.962551629790103,4.033727
2025-02-05,4.75545,1.7498362305577237,-4.440951909123593,3.8854353
2025-02-06,5.0015564,1.7075115683282411,-0.6189479374931492,2.742721
2025-02-07,4.470207,1.7095038476779358,-2.051252297444557,4.4919243
2025-02-08,6.2162805,1.7095038476779358,-1.5619438674375408,5.6851397
2025-02-09,4.868124,1.69708322220275,-3.7216438706441783,5.7705674
2025-02-10,5.345952,1.7041045231298515,-3.028554797806792,6.9959426
2025-02-11,4.692347,1.6602355251708105,-3.7050723670926624,7.7538023
2025-02-12,3.8911777,1.6615788618383243,-4.376256440699145,7.665292
2025-02-13,1.6110555,1.654662259663569,-3.380755254045936,7.4070506
2025-02-14,3.2740946,1.6447961379318152,-4.654288651805477,7.3139687
2025-02-15,4.5568714,1.6982502642881236,-4.402028726962274,8.43529
2025-02-16,3.8149889,1.7092151110507339,-6.957530021630716,8.667339
2025-02-17,2.8542254,1.7098585906006782,-7.425004024731899,8.810765
2025-02-18,3.8149889,1.7121998340566524,-10.234749674387274,8.673002
2025-02-19,5.1677265,1.6184781991148014,-10.185510867740796,8.669148
2025-02-20,5.8423877,1.6018382039437313,-8.331770754963983,8.9488
2025-02-21,9.993922,1.598841628437387,-1.4331288064441834,9.137476
2025-02-22,10.586968,1.6063278953723015,-0.6553698952784028,9.595557
2025-02-23,10.586968,1.6038059455756422,0.9227649796392559,9.030946
2025-02-24,12.035393,1.5963189108180544,-1.2889439815891492,9.0528145
2025-02-25,11.537617,1.605528687787175,4.318340969255569,9.560526
2025-02-26,9.615891,1.601966464432693,2.0052685622223283,9.586793
2025-02-27,9.840998,1.5956396005174744,1.5846656136512678,9.660193
2025-02-28,7.2873898,1.6006484893585715,-1.7355244850030456,9.396792
2025-03-01,8.3270035,1.592074793820926,0.40433999038419355,8.946284
2025-03-02,9.110618,1.5906855321954443,-0.8965179869371731,9.300327
2025-03-03,10.217711,1.590786141319729,0.8550397808694692,9.375826
2025-03-04,10.858682,1.5811661784713773,-2.7264562612290026,9.185379
2025-03-05,12.286148,1.5783510050054497,-1.4746971054539282,9.446271
2025-03-06,12.9579115,1.5832729229470295,-2.7203283204664386,9.692403
2025-03-07,13.2712345,1.6303649457969325,-2.171619224026119,9.943297
2025-03-08,12.989527,1.584413632914848,-1.851919649084068,10.057115
2025-03-09,12.61917,1.6235045542501862,0.007672384270769328,9.832917
2025-03-10,12.891547,1.6163722866716939,-0.014682035372722169,9.5281105
2025-03-11,12.042148,1.6163722866716939,0.3660216580169573,9.941289
2025-03-12,10.966734,1.620318918837701,1.2850996732632902,10.888615
2025-03-13,10.464089,1.6144113037884285,-0.5981253453065412,11.456564
2025-03-14,10.833165,1.6085859160192313,-2.272881083599967,10.901337
2025-03-15,10.399948,1.558830331840353,-0.14011506970242404,11.4918585
2025-03-16,9.98082,1.5513980294299452,-1.7001310297093326,11.725903
2025-03-17,8.234025,1.537770903968998,-2.2730979004749186,11.627322
2025-03-18,9.99757,1.552235063423453,-4.909790776554487,12.301603
2025-03-19,12.156101,1.5765066222902162,-4.509756339190944,12.1723385
2025-03-20,13.583568,1.580453254456223,-3.6977131309981486,12.337413
2025-03-21,14.495591,1.51878128257437,-2.056216105282055,12.438981
2025-03-22,12.900809,1.5576994805925737,2.540544688444953,12.098375
2025-03-23,13.040392,1.536057972736265,3.6853283498512623,12.440184
2025-03-24,13.775112,1.5965548483531573,3.422153568615,13.109542
2025-03-25,13.205535,1.5264403093610188,2.7931221207900867,12.531118
2025-03-26,11.308368,1.5426316701016844,3.855538037878601,12.795477
2025-03-27,12.356939,1.5321102585003528,0.47809960581184896,13.644718
2025-03-28,14.500166,1.5321102585003528,-0.25009811911441204,13.471592
2025-03-29,13.494509,1.5354013800306945,1.847500837130192,12.441374
2025-03-30,11.518368,1.534874788381154,1.1338208822677078,11.116325
2025-03-31,11.963405,1.5387982362241641,3.538367294648245,11.259544
2025-04-01,12.963304,1.5381730747219637,-0.027583883459378455,12.302617
2025-04-02,14.205889,1.5393248278737044,1.0425492720982685,12.2445
2025-04-03,15.291641,1.5277112653102434,1.3279819558929598,12.539951
2025-04-04,15.982579,1.58478038323254,3.905642939950227,12.568812
2025-04-05,11.896306,1.5379803731767994,2.5282260191866963,11.053969
2025-04-06,10.366416,1.534970273112314,-1.2115314552132732,13.71016
2025-04-07,14.09148,1.5397330518595596,1.3035202063214735,14.32176
2025-04-08,14.312082,1.593058687227412,0.3909044373483592,14.95015
2025-04-09,14.475693,1.534772715945263,3.6224155400539795,14.093943
2025-04-10,15.081924,1.5343477158587284,2.57079339987356,12.893704
2025-04-11,13.574175,1.5484652519749407,4.575787899479387,12.474666
2025-04-12,16.722328,1.5510632291110906,6.81542029298955,14.608052
2025-04-13,19.627779,1.5381086266457875,6.297660546224701,13.817841
2025-04-14,18.096724,1.5330351738589036,8.0248441343681,14.666799
2025-04-15,19.209026,1.5500646249299996,9.688205535250296,12.503288
2025-04-16,20.88096,1.539927892324044,10.35038452239384,13.935425
2025-04-17,21.647345,1.5625524970616371,12.544368694057226,13.991938
2025-04-18,15.483735,1.565694889137904,8.55277859251146,14.067126
2025-04-19,12.818109,1.5607402274916387,5.832868910803126,14.199102
2025-04-20,17.103575,1.6209625152736802,3.346460656066003,14.915428
2025-04-21,17.060406,1.624909147439687,6.775632471297765,15.2363825
2025-04-22,17.12255,1.595273996244001,6.788566314179173,15.553665
2025-04-23,17.12951,1.638576932327108,6.493833684034471,15.865613
2025-04-24,15.890102,1.5948089005852366,7.829081181832913,15.367109
2025-04-25,15.824571,1.5981038322315682,5.530584225606392,15.034414
2025-04-26,15.45744,1.603026969602416,4.372320165377696,15.182053
2025-04-27,16.341057,1.6020215721861177,3.643732021429817,15.408241
2025-04-28,19.659016,1.6513710773438397,3.5131684127347653,17.417355
2025-04-29,20.744986,1.5934165188997798,5.454475012284002,16.177656
2025-04-30,21.110563,1.650852028195121,7.713113051000285,17.117268
2025-05-01,22.226633,1.6563110843057385,7.674434233670631,19.022438
2025-05-02,23.56168,1.607119240279563,10.408641262338454,17.333973
2025-05-03,18.167475,1.6078092465276685,8.824414929857959,18.406485
2025-05-04,16.637417,1.6226125663813313,7.201911935523155,16.71813
2025-05-05,15.924686,1.6184540122951294,3.919065442920086,17.316652
2025-05-06,17.217878,1.6133006262165144,2.3624313749836467,18.09654
2025-05-07,16.966806,1.6248253457508746,5.214468091521814,17.848198
2025-05-08,16.96131,1.6639189324125616,4.960529475927862,19.823126
2025-05-09,18.395168,1.6855888055619332,3.8675387558425327,22.029087
2025-05-10,17.793245,1.646086397341311,7.086030026201547,20.30604
2025-05-11,18.465942,1.6778949497649187,5.353030990148675,20.30604
2025-05-12,18.465942,1.6928396492738702,5.27212249046815,20.30604
2025-05-13,19.861038,1.7719021751142399,4.576540264402298,22.076437
2025-05-14,20.748539,1.7333756585553246,7.621457049468104,19.266953
2025-05-15,17.148159,1.7523715606299106,6.725010018039169,19.260479
2025-05-16,17.518517,1.7686758128111895,6.24225237989482,19.473766
2025-05-17,17.638592,1.762289054035218,8.254846400438417,19.127771
2025-05-18,17.871027,1.7650482781622554,5.1159585808107995,19.455423
2025-05-19,18.400112,1.749049102123679,8.022429627020308,20.08834
2025-05-20,21.743256,1.7556846216423114,6.246111117178227,22.189285
2025-05-21,20.63731,1.7640795534608766,11.048245147839658,19.839035
2025-05-22,17.871027,1.763692432271738,8.077837164929644,19.819859
2025-05-23,16.925198,1.7670233779163123,4.958360604257089,20.312656
2025-05-24,18.996864,1.746280326539754,4.85419178440849,20.407106
2025-05-25,18.1069,1.7599733615144533,8.804123164564576,20.318853
2025-05-26,19.94529,1.8021583049032457,9.809824042822372,20.816017
2025-05-27,20.232033,1.8018711650281023,7.414972698909785,20.143631
2025-05-28,18.808348,1.8235959173268028,11.259630249092982,19.65798
2025-05-29,18.808348,1.8594837887270166,9.236615459310151,20.369339
2025-05-30,22.371483,1.8709597514878715,10.89059101151945,20.276619
2025-05-31,23.834948,1.862721419362402,11.583725010977783,22.877583
2025-06-01,25.273249,1.8541233174513163,12.647625878862645,23.6848
2025-06-02,22.346056,1.8395417613241438,12.314711171659354,24.400078
2025-06-03,24.815405,1.8469137618714904,9.328165384886377,24.681974
2025-06-04,25.566452,1.925227837339,13.46518401634762,23.969034
2025-06-05,23.289999,1.9413445509245388,13.221936252449527,24.174065
2025-06-06,22.06489,1.9419082781304629,12.457438337253805,22.163164
2025-06-07,23.289999,1.984693994046778,11.916694811630375,23.96816
2025-06-08,20.904743,1.9727764298260542,11.60141201230968,22.02883
2025-06-09,20.379034,1.9815205424364652,8.796170912071615,22.629793
2025-06-10,21.538385,2.001098390370899,9.054714803172248,24.053001
2025-06-11,21.320032,1.9906785810419532,9.622104568109524,22.534729
2025-06-12,23.340536,1.984634852063896,7.523252718984028,24.557035
2025-06-13,23.783724,2.0232323421143312,9.971236461205978,23.573103
2025-06-14,26.827429,2.0098312720008025,11.831545938820035,24.164282
2025-06-15,29.672241,2.0096192285648184,14.575432293646092,24.426996
2025-06-16,22.254835,2.003295716484237,12.248531066922892,22.652256
2025-06-17,26.568583,1.98911047495445,11.118694079868522,25.454706
2025-06-18,26.518045,2.00377412967635,13.557369870790254,24.955477
2025-06-19,23.001808,1.9765977244469162,12.66517159247977,22.608095
2025-06-20,24.10303,1.9712368073103435,9.711373916175413,25.217756
2025-06-21,27.866743,1.971827625016759,10.289880912623879,26.349537
2025-06-22,30.717745,1.9934058619067145,13.741526770607017,25.792292
2025-06-23,26.525742,1.9763731146742605,17.119304163846877,22.705706
2025-06-24,22.88713,2.0055996955772804,13.226389133611642,22.797222
2025-06-25,24.85911,2.0125865850693674,15.637648107709882,22.919014
2025-06-26,28.96104,2.071650718566969,13.875825360314032,25.276337
2025-06-27,23.001808,2.064295291620096,13.780504670887506,22.960579
2025-06-28,26.753181,2.104279707692083,12.661789555059489,24.690655
2025-06-29,26.588171,2.1000776091037348,16.86357607543519,22.74687
2025-06-30,26.078747,2.163668772694208,12.27860540703887,25.397314
2025-07-01,29.960907,2.1977413666206886,12.757057287744132,26.357279
2025-07-02,30.717745,2.1857080606130843,16.524425939931767,25.936949
2025-07-03,26.067287,2.1361404352203914,17.846805098230167,22.954065
2025-07-04,24.787052,2.181193204463504,13.34952302599591,25.57026
2025-07-05,27.586948,2.1485580722226834,11.899756067525871,24.821651
2025-07-06,28.394491,2.154492381490395,15.99871103671492,24.722725
2025-07-07,24.21129,2.177924558315139,14.99397233032673,25.117811
2025-07-08,22.633718,2.157474125765176,11.806774769927522,23.589727
2025-07-09,22.714426,2.1498860444681385,12.496812800323392,23.26686
2025-07-10,23.382437,2.143632531320381,12.488417126019947,24.897783
2025-07-11,23.88656,2.1498860444681385,11.557493655966779,24.174717
2025-07-12,21.011292,2.1394405236582896,11.623468113499225,25.325602
2025-07-13,22.963774,2.204409034476512,12.033376048117159,25.76629
2025-07-14,26.129284,2.2484014385444517,11.705936365974054,26.463263
2025-07-15,23.711906,2.258876972950945,14.10160979088459,25.368818
2025-07-16,24.012018,2.2557267890656925,11.73499578260601,25.598295
2025-07-17,21.790152,2.2229415199515694,11.712461151308453,24.769318
2025-07-18,24.342535,2.273274914112105,12.377685792981223,26.385511
2025-07-19,26.688272,2.275294634606685,13.764959861183737,26.493372
2025-07-20,27.786036,2.270970199821428,14.154061430156677,25.827875
2025-07-21,24.21129,2.2555744507861797,13.725995918584015,25.072676
2025-07-22,22.86959,2.2480197954620467,12.640150637606265,24.140755
2025-07-23,22.731281,2.2626313864825325,13.553946362947613,22.795021
2025-07-24,24.342535,2.287404571385728,14.516837401921727,25.62495
2025-07-25,24.291998,2.314204205675878,14.615476682702589,25.377563
2025-07-26,23.432974,2.3282128116541467,14.167564892005071,26.066404
2025-07-27,24.342535,2.3280824267653624,13.272301668537882,26.101116
2025-07-28,23.10171,2.3181811871965534,13.452054008883815,24.247524
2025-07-29,22.278671,2.3181811871965534,12.733109331171432,23.759186
2025-07-30,23.119864,2.3137757305965003,11.484650284826577,25.266733
2025-07-31,22.37374,2.305368019944445,11.759083752373165,24.59676
2025-08-01,22.913237,2.3124067284675625,12.543011940370075,25.22642
2025-08-02,23.119864,2.320562558751161,12.403613489398552,25.035923
2025-08-03,21.725042,2.2987204886465045,12.546009369756735,24.451912
2025-08-04,24.052492,2.323799386956785,12.520078107990717,24.46173
2025-08-05,21.994514,2.3385585001370126,14.237403263867723,24.451912
2025-08-06,22.514544,2.3502276998615224,11.305638983099106,24.302574
2025-08-07,25.665125,2.3773589622989073,10.452807248774135,26.342365
2025-08-08,26.620575,2.3700180130480293,13.662586962416318,26.089123
2025-08-09,27.918736,2.370435206346592,12.635803422000627,26.886873
2025-08-10,24.057323,2.354532787281019,13.387849356581512,24.837656
2025-08-11,25.665125,2.3935234876667146,10.78906755125011,26.859764
2025-08-12,27.689478,2.4030502351405976,11.724689157302095,27.297338
2025-08-13,30.0129,2.400063736809583,15.28462648475351,27.19952
2025-08-14,30.769737,2.4057042826411843,15.94221328882291,27.297338
2025-08-15,30.769737,2.4050380780325917,18.137647797273775,26.56783
2025-08-16,25.485802,2.3903117442390127,15.641988758426358,25.391586
2025-08-17,23.119864,2.422416373803103,11.566932030714984,26.315968
2025-08-18,24.794962,2.416430529052023,11.328554857265777,27.499628
2025-08-19,26.576492,2.4226053859425383,11.883489932641538,26.434654
2025-08-20,25.003042,2.4381017129631117,13.434534626898728,25.241478
2025-08-21,24.00841,2.4384159371014418,12.335330883213139,25.44673
2025-08-22,21.445087,2.429377050339442,11.195853632412675,23.729004
2025-08-23,20.773561,2.4311236609303757,10.502087414947619,23.50268
2025-08-24,21.430004,2.423218669157283,8.478211435117341,24.40532
2025-08-25,21.430004,2.4397022188421644,9.910137644331947,25.003298
2025-08-26,23.233658,2.446417699019251,8.742402262745758,24.829388
2025-08-27,26.786509,2.4401087314087695,12.667596489312118,23.314228
2025-08-28,23.532936,2.443988259177466,15.87228787944321,22.269104
2025-08-29,21.709633,2.4517378279796356,13.948808355464545,22.526363
2025-08-30,23.772442,2.441551822867406,12.36097075418764,22.478779
2025-08-31,25.4932,2.4575539600009786,11.140554321576268,23.28964
2025-09-01,26.246355,2.470846158486435,13.602397399210757,23.492521
2025-09-02,22.728483,2.470846158486435,13.438762222072942,23.492521
2025-09-03,23.900618,2.470846158486435,11.661916516733037,23.492521
2025-09-04,26.767239,2.478474398990824,14.450971166945411,23.492521
2025-09-05,21.568336,2.478474398990824,13.67571413263978,23.492521
2025-09-06,22.357838,2.478474398990824,11.216928483201393,23.495163
2025-09-07,23.180876,2.475370534967664,9.59469739216295,23.495163
2025-09-08,23.320526,2.470791812530296,10.30684472359982,23.495163
2025-09-09,24.655745,2.470791812530296,11.305152818209702,23.495163
2025-09-10,23.585213,2.470791812530296,12.7312067006291,23.495163
2025-09-11,23.132729,2.4726079148825884,11.146118648649503,22.907087
2025-09-12,21.149994,2.4726079148825884,11.205729644813905,22.42667
2025-09-13,21.739893,2.4726079148825884,9.475819731399831,21.554699
2025-09-14,19.691496,2.4726079148825884,11.014027195032412,20.31795
2025-09-15,21.316542,2.4742785983246605,9.08400493802208,20.173878
2025-09-16,19.691496,2.4742785983246605,12.067791353206157,19.863554
2025-09-17,19.691496,2.4742785983246605,9.77638617919998,19.863554
2025-09-18,20.417068,2.4742785983246605,11.637166023936897,20.006395
2025-09-19,22.831972,2.4752166986343846,13.56906978140089,20.006395
2025-09-20,25.353912,2.477210936705681,12.415235188126266,20.006395
2025-09-21,24.92135,2.477210936705681,14.109108512092245,20.006395
2025-09-22,18.754177,2.477210936705681,9.227281744585357,20.006395
2025-09-23,18.874298,2.477210936705681,5.171966229126026,20.006395
2025-09-24,18.874298,2.477210936705681,5.790982438389207,19.962769
2025-09-25,18.838842,2.482540231039673,6.594736640796673,19.962769
2025-09-26,18.339106,2.482540231039673,8.278669781541993,19.962769
2025-09-27,18.210981,2.482540231039673,9.003430250043426,19.342665
2025-09-28,17.699404,2.482540231039673,6.884501523122584,18.64333
2025-09-29,17.699404,2.482540231039673,7.7714402773002265,18.58439
2025-09-30,17.699404,2.482540231039673,5.025370419893343,18.58439
2025-10-01,17.542593,2.482540231039673,7.020331001611378,17.392347
2025-10-02,17.616644,2.482540231039673,6.843799422988283,17.392347
2025-10-03,17.616644,2.482540231039673,2.5796160666274277,17.451286
2025-10-04,17.616644,2.482540231039673,6.2019445999094325,17.451286
2025-10-05,17.502556,2.482540231039673,7.432310408092167,17.451286
2025-10-06,17.502556,2.482540231039673,7.732069026759204,16.989937
2025-10-07,17.339464,2.477210936705681,8.413470186203591,16.989937
2025-10-08,17.027267,2.477210936705681,10.360080206837747,16.67124
2025-10-09,17.027267,2.479409562881108,9.550897782898973,15.819083
2025-10-10,17.027267,2.4654161915505246,10.121484777604756,15.819083
2025-10-11,17.027267,2.4643968233465734,10.402875816407166,15.819083
2025-10-12,16.71394,2.4643968233465734,9.194510555299063,15.819083
2025-10-13,16.6275,2.461464484965553,7.03529231977746,15.819083
2025-10-14,16.6275,2.461464484965553,4.232684090094364,15.652378
2025-10-15,16.6275,2.461464484965553,6.574870139233473,15.565578
2025-10-16,16.6275,2.461464484965553,7.705722169553301,15.565578
2025-10-17,16.6275,2.460080514260543,7.615416965753018,15.565578
2025-10-18,16.442522,2.4524817322643404,3.543037880889478,15.565578
2025-10-19,16.442522,2.4524817322643404,0.1115518094499306,15.565578
2025-10-20,16.442522,2.4524817322643404,1.9644020263278135,15.565578
2025-10-21,16.442522,2.4524817322643404,6.212714692142917,15.652697
2025-10-22,16.442522,2.4537271425849805,7.9810700192253545,15.562942
2025-10-23,16.442522,2.4537271425849805,8.370166195234303,15.189573
2025-10-24,16.223225,2.4537271425849805,7.593566344487579,15.016583
2025-10-25,16.223225,2.448882240593325,5.700113531495691,15.016583
2025-10-26,16.223225,2.4381306320296963,4.273161034323481,15.016583
2025-10-27,16.223225,2.4347421671945004,3.948384516648413,14.884405
2025-10-28,16.223225,2.422679218911833,5.460835888336929,14.884405
2025-10-29,16.223225,2.422679218911833,5.45736981182865,14.337872
2025-10-30,16.223225,2.422679218911833,7.289948875066938,14.337872
2025-10-31,16.223225,2.416017673274526,2.8996948062766745,14.337872
2025-11-01,15.390415,2.416017673274526,4.537238903378212,13.0743685
2025-11-02,15.034787,2.409937807091546,7.569260877694495,12.337728
2025-11-03,15.034787,2.4118941918122934,6.228315959881186,12.042231
2025-11-04,14.490351,2.410647095864641,7.120055644063005,11.047293
2025-11-05,14.160758,2.410647095864641,4.563694162362504,10.573631
2025-11-06,14.160758,2.403717160816597,3.2359266952128256,10.451663
2025-11-07,14.160758,2.3974574161853495,2.666898170735711,10.451663
2025-11-08,14.160758,2.3901260497411396,-0.33946243780096275,10.451663
2025-11-09,14.160758,2.3732751856795784,2.3241341945898473,10.451663
2025-11-10,13.8539295,2.3648556010529216,5.060499102896693,10.120747
2025-11-11,13.8539295,2.3648556010529216,4.783859913534473,9.978374
2025-11-12,13.8539295,2.3553580317965954,3.1909016538908435,9.978374
2025-11-13,13.8539295,2.352655239544745,5.725656360733679,9.978374
2025-11-14,13.8539295,2.3509345466778457,6.998005779249407,9.978374
2025-11-15,13.8539295,2.34110926527474,3.4083120081069276,9.978374
2025-11-16,13.173208,2.2943381615570884,3.63864869296709,8.998153
2025-11-17,11.861708,2.2906897986944132,1.938563849734094,8.373826
2025-11-18,11.665043,2.28767361625708,-0.29129053482682643,7.978265
2025-11-19,11.665043,2.28767361625708,0.3243158892149953,7.978265
2025-11-20,11.665043,2.28767361625708,-0.17842675063744906,7.69071
2025-11-21,11.239246,2.274676432030078,-3.4650474697459392,6.8303747
2025-11-22,11.119825,2.253773032841541,-4.704434023754497,5.1548443
2025-11-23,11.007152,2.2490257603735593,-4.72918996110949,5.1548443
2025-11-24,11.007152,2.2421252799329787,-3.297115849256591,5.1548443
2025-11-25,11.007152,2.2410445406612762,-0.09559291570267714,4.541586
2025-11-26,11.007152,2.236377951361615,-1.87167429725453,4.242998
2025-11-27,11.007152,2.241490762178773,-0.9665357919102524,4.242998
