date,TX_C_city_mean,TN_C_city_mean,ERA5_t2m_max_C,ERA5_t2m_min_C,FG_ms_city_mean,PP_hPa_city_mean,NDVI_city,day_sin,day_cos,month
2020-01-01,4.678571428571429,-2.9654761904761906,3.718567,0.21429443,2.783783783783784,1033.1696969696968,0.4951833,0.017201575418260506,0.9998520419557735,1
2020-01-02,5.921428571428572,-4.25,3.5474243,-3.1270752,2.686486486486486,1027.1363636363635,0.4951833,0.03439806061360801,0.9994082116062598,1
2020-01-03,7.252380952380953,1.0750000000000002,6.6934204,0.6359863,4.87027027027027,1017.9454545454544,0.4951833,0.051584366869408364,0.9986686402879997,1
2020-01-04,5.9,1.3214285714285714,5.1173706,2.6992798,6.281081081081082,1019.2636363636364,0.4951833,0.06875540848113941,0.9976335468520451,1
2020-01-05,3.9047619047619055,-1.6380952380952385,3.3859863,-0.88879395,3.1918918918918924,1031.845454545455,0.4951833,0.08590610426133272,0.9963032375991965,1
2020-01-06,5.922619047619048,0.9904761904761904,5.2417603,3.2477417,3.135135135135136,1027.7242424242424,0.4951833,0.10303137904317879,0.9946781061893646,1
2020-01-07,5.069047619047619,-1.5452380952380953,4.60791,-1.3847656,3.086486486486486,1023.8757575757576,0.4951833,0.1201261651823505,0.9927586335250793,1
2020-01-08,8.21547619047619,3.1261904761904766,7.9991455,3.048767,4.633333333333334,1022.939393939394,0.4951833,0.13718540405660057,0.9905453876091833,1
2020-01-09,9.870238095238095,6.810714285714286,10.003754,7.1079407,3.638888888888889,1017.4454545454544,0.4951833,0.1542040475626894,0.988039023376751,1
2020-01-10,10.942857142857145,4.8047619047619055,10.432556,8.052734,4.808108108108109,1013.2454545454548,0.4951833,0.17117705961019986,0.985240282501282,1
2020-01-11,6.601190476190477,1.83452380952381,5.6405334,3.6057434,4.132432432432433,1028.448484848485,0.4951833,0.18809941761179758,0.9821499931752291,1
2020-01-12,6.404761904761905,0.7726190476190475,6.5416565,1.4378662,5.237837837837837,1021.8,0.4951833,0.20496611396949532,0.9787690698649216,1
2020-01-13,7.497619047619047,1.7904761904761908,7.513855,4.6553345,3.821621621621623,1019.6909090909091,0.4951833,0.22177215755648186,0.975098513039961,1
2020-01-14,10.09404761904762,2.020238095238095,9.770508,3.7690735,5.24864864864865,1011.781818181818,0.4951833,0.23851257519407648,0.9711394088771653,1
2020-01-15,13.03452380952381,7.1035714285714295,11.411102,8.820465,5.375675675675676,1013.687878787879,0.4951833,0.2551824131233728,0.9668929289391521,1
2020-01-16,10.733333333333334,1.7476190476190478,9.756653,5.1637573,2.994594594594594,1026.042424242424,0.4951833,0.2717767384711357,0.9623603298276545,1
2020-01-17,8.782142857142858,0.4404761904761904,6.9033813,2.8300781,3.475675675675676,1021.0,0.4951833,0.2882906407095177,0.9575429528116719,1
2020-01-18,6.910714285714286,1.9857142857142855,7.102722,4.9732056,3.791891891891892,1021.0363636363636,0.4951833,0.3047192331091634,0.9524422234305676,1
2020-01-19,4.9976190476190485,1.044047619047619,5.5828247,3.0051575,2.443243243243244,1032.2666666666669,0.4951833,0.321057654185271,0.9470596510722283,1
2020-01-20,4.748809523809524,-1.6428571428571428,3.658905,-0.35394287,2.502702702702703,1044.8666666666666,0.4951833,0.3373010691361842,0.9413968285264122,1
2020-01-21,5.5773809523809526,-1.3964285714285716,4.7619934,0.20440674,3.913513513513514,1040.1727272727271,0.4951833,0.3534446712740877,0.9354554315134164,1
2020-01-22,5.170238095238095,0.2464285714285714,5.7344055,1.6234741,4.072972972972973,1032.3060606060606,0.4951833,0.3694836834473831,0.9292372181882051,1
2020-01-23,5.413095238095239,-1.717857142857143,4.67276,1.8328857,2.2702702702702706,1032.9272727272728,0.4951833,0.38541335945432564,0.9227440286201427,1
2020-01-24,3.6821428571428574,-3.2511904761904766,3.2438965,-2.146637,2.8783783783783785,1023.3909090909092,0.4951833,0.4012289854475009,0.9159777842484877,1
2020-01-25,1.4119047619047622,-0.5142857142857143,2.130188,-0.06951904,3.021621621621622,1021.7333333333336,0.4951833,0.4169258813287287,0.908940487313808,1
2020-01-26,1.679761904761905,-1.5880952380952378,3.0524597,-1.9880371,2.3972972972972983,1019.4666666666668,0.4951833,0.4324994021339788,0.901634220265486,1
2020-01-27,8.697619047619046,0.2761904761904762,7.020813,0.6977844,3.6000000000000005,1011.2969696969697,0.4951833,0.44794493940789115,0.8940611451454876,1
2020-01-28,8.3,2.6654761904761908,8.0720825,3.9647522,5.429729729729728,994.681818181818,0.4951833,0.4632579225674917,0.88622350294858,1
2020-01-29,6.020238095238096,2.1654761904761903,5.081909,2.2427979,6.6891891891891895,999.6636363636364,0.4951833,0.4784338202547012,0.8781236129591848,1
2020-01-30,8.013095238095238,2.2273809523809525,6.652649,2.9304504,5.683783783783784,1006.9151515151516,0.4951833,0.49346814167723735,0.8697638720650646,1
2020-01-31,11.65952380952381,6.328571428571429,10.018463,6.9540405,5.870270270270271,1002.1545454545454,0.4951833,0.5083564379375122,0.8611467540480452,1
2020-02-01,12.715476190476192,7.607142857142858,11.338806,9.724976,5.324324324324325,1002.1515151515154,0.4951833,0.5230943033491326,0.8522748088519838,2
2020-02-02,8.823809523809524,5.201190476190478,7.9499817,5.704071,4.954054054054054,1004.760606060606,0.4951833,0.5376773767406141,0.8431506618282,2
2020-02-03,9.542857142857144,5.190476190476191,9.221985,5.118866,3.921621621621622,1006.760606060606,0.4951833,0.5521013427459208,0.8337770129585915,2
2020-02-04,6.623809523809525,2.9714285714285715,6.047699,3.892212,5.086486486486487,1005.1696969696968,0.4951833,0.5663619330814524,0.8241566360566663,2
2020-02-05,5.221428571428572,0.7214285714285713,4.2368164,1.4010315,4.781081081081082,1026.9363636363637,0.4951833,0.580454927809098,0.8142923779467267,2
2020-02-06,5.972619047619047,1.6392857142857145,5.423065,2.0513306,4.6378378378378375,1028.2606060606065,0.4951833,0.5943761565849831,0.804187157621448,2
2020-02-07,6.405952380952381,3.684523809523809,6.257324,4.7213745,2.22972972972973,1029.3121212121214,0.4951833,0.6081214998935418,0.7938439653781019,2
2020-02-08,8.71860465116279,0.4755813953488372,7.842865,1.774353,3.4666666666666663,1024.221212121212,0.4951833,0.6216868902665479,0.7832658619336791,2
2020-02-09,13.158139534883723,4.297674418604651,11.795319,3.9725952,6.602564102564102,1011.8696969696972,0.4951833,0.6350683134867438,0.7724559775191742,2
2020-02-10,13.484883720930233,3.3337209302325586,12.643372,5.3632812,7.866666666666667,989.8909090909092,0.4951833,0.6482618097757122,0.7614175109532997,2
2020-02-11,6.57093023255814,2.1348837209302327,6.470337,2.6684875,8.151282051282049,994.4969696969696,0.4951833,0.6612634749656386,0.7501537286959042,2
2020-02-12,6.4581395348837205,2.21046511627907,5.616455,2.7515259,7.761538461538461,1005.751515151515,0.4951833,0.6740694616546161,0.7386679638813748,2
2020-02-13,5.774418604651163,0.6348837209302327,5.6536255,0.92456055,4.61025641025641,1010.4090909090908,0.4951833,0.6866759803451553,0.726963615332308,2
2020-02-14,6.289534883720932,0.8325581395348838,6.4613647,1.1021729,2.0846153846153848,1013.8878787878788,0.4951833,0.6990793005655562,0.7150441465537444,2
2020-02-15,10.222093023255814,0.9151162790697674,9.290497,3.0742188,3.9256410256410255,1021.7030303030302,0.4951833,0.7112757519738152,0.7029130847082615,2
2020-02-16,16.209302325581394,7.1139534883720925,15.860718,6.9157104,6.923076923076923,1008.3878787878788,0.4951833,0.7232617254437388,0.6905740195722293,2
2020-02-17,12.681395348837212,6.258139534883721,15.571228,8.299011,6.3,1010.2272727272727,0.4951833,0.7350336741329413,0.6780306024735382,2
2020-02-18,8.70232558139535,4.098837209302325,8.297852,6.1062317,6.148717948717949,1016.4909090909092,0.4951833,0.746588114532413,0.6652865452111116,2
2020-02-19,7.104651162790698,3.088372093023256,7.1648865,4.518738,5.466666666666667,1013.460606060606,0.4951833,0.7579216274973472,0.6523456189565257,2
2020-02-20,7.695348837209302,0.458139534883721,7.1966553,0.598999,4.438461538461539,1017.2575757575758,0.4951833,0.7690308592589181,0.6392116531380588,2
2020-02-21,7.834883720930232,3.5755813953488373,7.626465,3.829895,6.251282051282051,1017.2303030303032,0.4951833,0.7799125224167177,0.6258885343075018,2
2020-02-22,11.913953488372094,5.138372093023255,10.624268,4.9384766,7.374358974358974,1015.9666666666668,0.4951833,0.7905633969115482,0.612380204990065,2
2020-02-23,9.80813953488372,3.8232558139534887,8.615173,6.057678,6.025641025641025,1008.709090909091,0.4951833,0.8009803309782905,0.5986906625177214,2
2020-02-24,8.066279069767443,2.993023255813954,8.2229,3.8491821,5.376923076923077,1014.1242424242424,0.4951833,0.8111602420785621,0.5848239578463322,2
2020-02-25,10.542352941176471,3.150588235294118,9.454773,6.5622864,5.523076923076922,996.8636363636364,0.4951833,0.8211001178128892,0.5707841943569036,2
2020-02-26,5.477647058823529,1.0270588235294118,4.6260986,2.0880127,3.861538461538462,993.790909090909,0.4951833,0.8307970168121247,0.5565755266413303,2
2020-02-27,5.957647058823531,0.6458823529411766,5.468384,1.5448608,3.2,1000.9060606060604,0.4951833,0.8402480696078469,0.5422021592729844,2
2020-02-28,7.784705882352941,0.0564705882352941,7.0389404,-0.046020508,4.31025641025641,1010.0636363636364,0.4951833,0.8494504794814806,0.527668345562516,2
2020-02-29,11.318823529411764,0.9623529411764709,11.854675,1.7175293,5.333333333333333,999.609090909091,0.4951833,0.8584015232918917,0.512978386299228,2
2020-03-01,10.522352941176472,3.4200000000000004,10.741394,4.6311646,4.6692307692307695,996.2424242424242,0.4951833,0.8670985522812081,0.4981366284784055,3
2020-03-02,9.130232558139536,2.797674418604651,8.699219,4.017029,3.020512820512821,994.0818181818184,0.4951833,0.8755389928586302,0.4831474640149687,3
2020-03-03,6.610588235294118,1.2164705882352942,6.8529663,3.0128784,2.930769230769231,997.918181818182,0.4951833,0.8837203473619977,0.4680153284438345,3
2020-03-04,8.354651162790697,-0.1569767441860465,8.02771,1.8012695,3.128205128205128,1009.0333333333332,0.4951833,0.8916401947968874,0.45274469960737107,3
2020-03-05,10.327906976744186,-0.458139534883721,9.670471,-0.9220886,3.1538461538461533,1004.4090909090908,0.4951833,0.8992961915530253,0.4373400963303323,3
2020-03-06,7.4837209302325585,2.88953488372093,8.770874,3.4552307,3.671794871794872,993.5454545454544,0.4951833,0.9066860720977985,0.4218060770826634,3
2020-03-07,6.880232558139536,0.9790697674418608,6.9396973,3.5671997,4.541025641025643,1009.5060606060608,0.4951833,0.9138076496466615,0.4061472386305789,3
2020-03-08,10.260465116279072,-0.4744186046511628,9.91452,0.90527344,3.502564102564104,1016.4363636363636,0.4951833,0.9206588168102428,0.3903682146763026,3
2020-03-09,10.34367816091954,3.272413793103449,10.1918335,5.955414,2.830769230769232,1010.9060606060608,0.4951833,0.9272375462179537,0.374473674486883,3
2020-03-10,10.767816091954025,2.19080459770115,10.488342,2.9506836,5.253846153846153,1007.0212121212122,0.4951833,0.9335418911179212,0.35846832151248087,3
2020-03-11,12.813793103448278,6.950574712643679,11.870117,7.9782104,5.353846153846153,1006.469696969697,0.4951833,0.9395699859530622,0.342356891994542,3
2020-03-12,13.37241379310345,3.624137931034482,12.482788,7.7023315,6.966666666666667,1005.4878787878788,0.4951833,0.945320046913132,0.3261441535642696,3
2020-03-13,9.440229885057471,2.01264367816092,9.344269,4.75531,6.6282051282051295,1010.030303030303,0.4951833,0.9507903724625832,0.3098349038318025,3
2020-03-14,8.02528735632184,-2.52183908045977,6.512207,-1.4257507,2.312820512820513,1023.6636363636364,0.4951833,0.9559793438440766,0.2934339689665273,3
2020-03-15,12.020689655172417,-1.2862068965517242,11.04895,0.32583618,4.753846153846153,1021.3242424242424,0.4951833,0.9608854255574977,0.27694620226893646,3
2020-03-16,16.301149425287353,1.742528735632184,15.2265625,2.663025,3.015384615384616,1018.6636363636364,0.4951833,0.9655071658143364,0.2603764827344581,3
2020-03-17,15.057471264367816,1.4114942528735632,14.371826,3.4750366,2.3358974358974365,1026.6636363636364,0.4951833,0.969843196967294,0.24372971360968387,3
2020-03-18,17.1,4.205747126436782,15.484985,4.7765503,3.597435897435897,1025.9212121212122,0.4951833,0.9738922359149924,0.22701082094141847,3
2020-03-19,14.579310344827586,5.375862068965517,12.778687,8.372864,2.3615384615384616,1024.878787878788,0.4951833,0.9776530844816641,0.2102247521189836,3
2020-03-20,9.34367816091954,3.98735632183908,9.909576,6.1898804,2.487179487179488,1025.9818181818182,0.4951833,0.981124629771712,0.19337647441020586,3
2020-03-21,7.097701149425289,-1.2252873563218392,6.5752563,2.0638428,4.43076923076923,1030.6060606060605,0.4951833,0.984305844499033,0.17647097349152166,3
2020-03-22,6.096551724137932,-3.682758620689655,4.7061157,-1.5175476,3.47948717948718,1036.530303030303,0.4951833,0.9871957872910085,0.15951325197263655,3
2020-03-23,6.152873563218392,-5.6816091954023,4.705353,-3.4759521,2.474358974358974,1039.9151515151516,0.4951833,0.9897936029670716,0.14250832791617088,3
2020-03-24,8.044827586206898,-5.565517241379311,5.8103943,-3.2659607,2.764102564102564,1037.748484848485,0.4951833,0.992098522791769,0.12546123335273648,3
2020-03-25,9.796551724137933,-3.875862068965518,6.7496033,-2.0683594,3.5789473684210527,1033.278787878788,0.4951833,0.9941098647022418,0.10837701279187609,3
2020-03-26,11.163218390804598,-2.4241379310344837,8.798248,-0.9968872,3.4743589743589745,1028.6242424242423,0.4951833,0.9958270335100595,0.09126072172931188,3
2020-03-27,16.22528735632184,1.1896551724137934,13.454376,1.8580017,2.98974358974359,1023.7848484848486,0.4951833,0.9972495210773451,0.07411742515094437,3
2020-03-28,14.54137931034483,0.0954022988505747,13.297974,1.7089844,3.223076923076923,1019.7999999999998,0.4951833,0.998376906467142,0.056952196034039754,3
2020-03-29,5.460919540229885,-2.8045977011494254,5.1438293,2.1634521,4.817948717948718,1022.3636363636366,0.4951833,0.9992088560679753,0.03977011384605572,3
2020-03-30,4.366666666666668,-5.242528735632185,3.5785522,-2.5950928,3.202564102564103,1027.318181818182,0.4951833,0.9997451236925734,0.022576263041545485,3
2020-03-31,5.498850574712644,-3.7735632183908048,4.3198547,-1.9953613,2.4307692307692306,1029.5121212121212,0.4951833,0.9999855506507186,0.005375731557583884,3
2020-04-01,9.60919540229885,-3.716091954022989,8.025818,-2.3086548,3.88421052631579,1021.0757575757576,0.4951833,0.9999300657962057,-0.011826390691832589,4
2020-04-02,10.789655172413791,2.0287356321839085,9.145264,1.0340881,4.4692307692307685,1011.248484848485,0.4951833,0.9995786855478958,-0.029025013321975237,4
2020-04-03,10.995402298850577,2.495402298850575,9.60733,4.2524414,4.951282051282052,1011.3090909090909,0.4951833,0.9989315138848577,-0.046215046983708354,4
2020-04-04,12.555172413793104,0.3241379310344828,10.795441,2.850647,1.9102564102564104,1024.578787878788,0.4951833,0.9979887423155984,-0.06339140486951038,4
2020-04-05,16.47241379310345,-0.4505747126436782,14.706421,1.2323608,3.605128205128205,1029.6090909090908,0.4951833,0.9967506498213929,-0.08054900421874167,4
2020-04-06,21.666666666666668,3.2781609195402304,18.629822,6.1568604,3.8,1024.2303030303033,0.4951833,0.9952176027737294,-0.09768276782171598,4
2020-04-07,19.594252873563217,4.887356321839081,17.580688,7.4921875,3.028205128205128,1029.1757575757576,0.4951833,0.9933900548258936,-0.11478762552212701,4
2020-04-08,22.368965517241374,3.4885057471264367,19.87146,6.5069885,2.1897435897435904,1028.0424242424242,0.4951833,0.9912685467787256,-0.13185851571739118,4
2020-04-09,18.34712643678161,3.3000000000000003,16.353638,7.460449,3.276923076923077,1022.9545454545456,0.4951833,0.9888537064205885,-0.1488903868564548,4
2020-04-10,15.836781609195404,0.8793103448275862,14.085144,5.2684937,2.1461538461538465,1026.227272727273,0.4951833,0.986146248341595,-0.16587819893463143,4
2020-04-11,15.897701149425286,-0.1850574712643677,13.6813965,3.9777832,1.5692307692307692,1026.448484848485,0.4951833,0.9831469737221499,-0.1828169249850199,4
2020-04-12,23.41379310344828,1.4827586206896557,20.86792,4.3482056,2.623076923076923,1016.4242424242426,0.4951833,0.9798567700958665,-0.1997015525660636,4
2020-04-13,12.582758620689658,2.0586206896551724,9.648254,6.77594,4.910256410256411,1013.5363636363636,0.4951833,0.9762766110869321,-0.21652708524481437,4
2020-04-14,10.767816091954025,-0.3114942528735632,9.244568,2.7464905,4.358974358974359,1020.8757575757576,0.4951833,0.9724075561219968,-0.23328854407545518,4
2020-04-15,15.65287356321839,3.317241379310345,14.093048,4.954773,4.715384615384616,1021.5727272727272,0.4951833,0.9682507501166718,-0.2499809690726521,4
2020-04-16,18.64137931034483,2.4735632183908045,16.714874,6.9368896,3.17948717948718,1016.7878787878788,0.4951833,0.9638074231367307,-0.26659942067929354,4
2020-04-17,17.094252873563217,2.639080459770115,15.24881,7.241455,2.0333333333333337,1017.7333333333332,0.4951833,0.9590788900341131,-0.28313898122818354,4
2020-04-18,17.603448275862068,1.5160919540229885,15.56543,6.053528,2.758974358974359,1018.5151515151516,0.4951833,0.9540665500578387,-0.2995947563972602,4
2020-04-19,13.96896551724138,3.1586206896551725,12.416504,5.425934,4.13846153846154,1022.0272727272728,0.4951833,0.9487718864399473,-0.31596187665790293,4
2020-04-20,15.63218390804598,1.1896551724137931,14.279083,5.493225,3.9615384615384617,1026.2939393939396,0.4951833,0.9431964659565866,-0.33223549871590435,4
2020-04-21,17.355172413793106,3.775862068965517,15.9953,6.64093,4.641025641025641,1026.2272727272727,0.4951833,0.9373419384643772,-0.3484108069446808,4
2020-04-22,18.65977011494253,3.39425287356322,17.836182,7.8547974,3.443589743589744,1026.1030303030304,0.4951833,0.9312100364121947,-0.3644830148102912,4
2020-04-23,21.25977011494253,2.980459770114943,19.501312,8.899048,1.9,1022.8484848484852,0.4951833,0.9248025743285089,-0.38044736628785164,4
2020-04-24,21.87701149425288,4.564367816091954,20.670807,8.429169,3.474358974358975,1009.530303030303,0.4951833,0.9181214482844364,-0.39629913726891813,4
2020-04-25,15.3,5.919540229885057,13.945496,8.362091,3.7,1009.4848484848484,0.4951833,0.9111686353326631,-0.41203363695942635,4
2020-04-26,18.0183908045977,2.8609195402298853,15.854645,8.176453,1.9615384615384612,1011.0909090909092,0.4951833,0.9039461929224011,-0.42764620926777464,4
2020-04-27,22.30689655172414,1.774712643678161,21.376343,8.164398,1.994871794871796,1008.5636363636364,0.4951833,0.8964562582905575,-0.44313223418263453,4
2020-04-28,22.62183908045977,6.675862068965518,22.103485,10.361145,2.5743589743589745,1004.2939393939394,0.4951833,0.8887010478292915,-0.45848712914008766,4
2020-04-29,17.024137931034485,8.027586206896553,17.324432,9.902893,2.3999999999999995,1004.6545454545457,0.4951833,0.8806828564301475,-0.47370635037968,4
2020-04-30,18.34367816091954,7.686206896551725,17.651184,9.850037,3.292307692307692,1004.3666666666668,0.4951833,0.8724040568049612,-0.48878539428899265,4
2020-05-01,17.521839080459767,7.866666666666668,16.98941,11.986694,3.82051282051282,1001.5060606060604,0.4951833,0.8638670987837349,-0.503719798736334,5
2020-05-02,14.974712643678163,5.844827586206897,15.412933,9.979187,3.415384615384616,1004.6272727272728,0.4951833,0.8550745085896932,-0.518505144391157,5
2020-05-03,14.936781609195402,5.488505747126437,14.766235,8.090515,3.243589743589744,1014.9939393939396,0.4951833,0.8460288880917339,-0.533137056031809,5
2020-05-04,13.333333333333334,3.355172413793104,12.129181,9.414093,2.138461538461539,1017.0151515151516,0.4951833,0.8367329140344921,-0.5476112038402312,5
2020-05-05,12.275862068965518,2.004597701149425,12.152374,5.6629333,3.4666666666666672,1018.5939393939396,0.4951833,0.8271893372462497,-0.5619233046832195,5
2020-05-06,16.873563218390803,3.6505747126436794,15.674835,5.355774,4.083333333333333,1021.678787878788,0.4951833,0.8174009818249189,-0.5760691233798758,5
2020-05-07,16.760919540229885,5.1000000000000005,15.6073,7.9465637,3.2500000000000004,1021.9545454545456,0.4951833,0.8073707443023492,-0.5900444739548627,5
2020-05-08,21.459770114942533,4.13448275862069,20.05835,7.1000366,2.23421052631579,1018.1909090909091,0.4951833,0.7971015927871943,-0.6038452208771035,5
2020-05-09,23.11149425287357,5.196551724137931,21.437897,9.775909,1.8184210526315787,1015.3151515151516,0.4951833,0.7865965660866021,-0.6174672802835514,5
2020-05-10,24.74827586206897,8.439080459770116,24.521332,13.173157,2.4157894736842107,1006.7666666666664,0.4951833,0.7758587728069828,-0.6309066211876704,5
2020-05-11,13.84367816091954,0.8724137931034484,15.677277,6.448639,4.457894736842105,1006.7727272727273,0.4951833,0.7648913904341225,-0.6441592666722685,5
2020-05-12,11.773563218390809,-0.4919540229885058,11.749451,3.4429321,3.723684210526316,1015.2454545454548,0.4951833,0.753697664392914,-0.6572212950663319,5
2020-05-13,14.46551724137931,3.5804597701149423,14.013367,4.823181,2.4333333333333336,1012.857575757576,0.4951833,0.742280907086982,-0.6700888411055113,5
2020-05-14,14.309195402298853,2.279310344827586,13.75708,6.060913,2.802564102564103,1016.4757575757576,0.4951833,0.7306444969184916,-0.6827580970759147,5
2020-05-15,15.758620689655173,0.1517241379310345,15.105774,4.548279,3.0666666666666678,1018.7272727272727,0.4951833,0.7187918772884232,-0.6952253139408722,5
2020-05-16,16.55632183908046,5.685057471264368,14.684723,8.390106,3.846153846153845,1020.4969696969696,0.4951833,0.7067265555776158,-0.7074868024503348,5
2020-05-17,18.636781609195403,7.279310344827586,17.473297,10.063904,3.782051282051282,1020.318181818182,0.4951833,0.6944521021088763,-0.719538934232584,5
2020-05-18,21.525287356321844,8.898850574712645,20.597656,11.603638,3.5846153846153848,1020.5272727272728,0.4951833,0.6819721490904629,-0.7313781428679254,5
2020-05-19,20.00574712643678,8.486206896551723,17.922485,12.275391,3.3461538461538463,1019.3242424242426,0.4951833,0.6692903895412567,-0.7430009249440493,5
2020-05-20,20.455172413793104,6.808045977011494,19.373627,10.270142,2.361538461538461,1021.7333333333336,0.4951833,0.6564105761979381,-0.7544038410927472,5
2020-05-21,21.27126436781609,4.802298850574712,20.485992,8.955322,2.0179487179487188,1023.9121212121214,0.4951833,0.6433365204044917,-0.765583517007675,5
2020-05-22,22.403448275862072,7.620689655172414,22.907196,12.932068,3.2076923076923074,1021.5848484848484,0.4951833,0.6300720909843687,-0.7765366444428655,5
2020-05-23,19.35977011494253,8.77816091954023,19.292297,14.033691,3.48974358974359,1019.1909090909088,0.4951833,0.6166212130956382,-0.7872599821916922,5
2020-05-24,17.157471264367818,8.005747126436782,16.84198,11.066162,4.087179487179487,1023.4575757575756,0.4951833,0.6029878670694714,-0.7977503570459932,5
2020-05-25,14.512643678160922,8.8,14.77948,10.466217,3.915384615384616,1027.1151515151516,0.4951833,0.5891760872322963,-0.8080046647350754,5
2020-05-26,20.310344827586206,6.544827586206898,18.828766,8.842834,2.335897435897436,1033.7909090909093,0.4951833,0.5751899607119775,-0.8180198708443174,5
2020-05-27,22.55057471264368,5.682758620689656,20.554565,10.282928,2.189743589743589,1032.078787878788,0.4951833,0.5610336262283677,-0.8277930117131022,5
2020-05-28,19.877011494252876,8.579310344827586,18.690857,12.066071,3.8,1029.5818181818183,0.4951833,0.5467112728685939,-0.8373211953118121,5
2020-05-29,20.54712643678161,6.074712643678161,19.22107,9.852478,2.6769230769230776,1028.809090909091,0.4951833,0.5322271388474397,-0.8466016020976267,5
2020-05-30,18.518390804597704,7.482758620689655,17.036072,10.953003,3.907692307692307,1024.7303030303033,0.4951833,0.5175855102531889,-0.8556314858488706,5
2020-05-31,22.471264367816094,8.420689655172414,21.252258,10.419098,4.348717948717948,1021.9212121212122,0.4951833,0.5027907197793043,-0.8644081744776648,5
2020-06-01,24.20919540229885,7.291954022988507,23.178131,11.300354,3.443589743589744,1023.3848484848484,0.52913123,0.4878471454423119,-0.8729290708206411,6
2020-06-02,26.810344827586214,8.345977011494254,25.751465,12.827362,2.758974358974359,1017.7000000000002,0.52913123,0.47275920928627757,-0.881191653407483,6
2020-06-03,25.468965517241383,9.611494252873564,24.08899,15.072632,2.182051282051282,1006.9151515151516,0.52913123,0.4575313760742512,-0.8891934772070711,6
2020-06-04,24.041379310344823,10.936781609195402,25.103088,15.761871,3.092307692307692,996.3757575757576,0.52913123,0.44216815196707204,-0.8969321743510065,6
2020-06-05,18.23333333333333,10.404597701149426,18.605804,13.069,4.053846153846154,994.248484848485,0.52913123,0.42667408318992467,-0.9044054548343001,6
2020-06-06,19.07356321839081,7.897701149425289,18.58841,11.610901,4.330769230769231,1000.8,0.52913123,0.4110537546870351,-0.9116111071930239,6
2020-06-07,19.2632183908046,7.977011494252873,19.33731,10.445618,2.47948717948718,1007.0666666666666,0.52913123,0.3953117887649151,-0.9185469991587165,6
2020-06-08,21.49425287356322,8.066666666666668,19.668274,12.139404,1.8974358974358971,1012.9060606060608,0.52913123,0.37945284372454435,-0.925211078289358,6
2020-06-09,22.10344827586207,9.978160919540231,21.343689,12.881531,2.387179487179487,1016.0727272727272,0.52913123,0.36348161248290634,-0.9316013725767187,6
2020-06-10,21.917241379310347,11.375862068965516,21.220947,13.92926,3.2589743589743594,1014.4575757575756,0.52913123,0.3474028211842774,-0.9377159910299093,6
2020-06-11,21.04827586206897,13.778160919540229,20.518616,15.09903,2.425641025641025,1011.0818181818184,0.52913123,0.3312212278016865,-0.9435531242349544,6
2020-06-12,27.528735632183903,13.72873563218391,26.582214,15.570465,2.607692307692308,1011.1727272727276,0.52913123,0.31494162072895193,-0.9491110448902284,6
2020-06-13,31.37011494252874,16.45402298850575,29.003113,19.758362,3.0657894736842106,1010.9090909090908,0.52913123,0.2985688173637202,-0.9543881083175908,6
2020-06-14,25.25057471264368,14.940229885057471,24.88498,20.467346,3.3210526315789477,1011.9969696969696,0.52913123,0.2821076626819194,-0.9593827529490743,6
2020-06-15,25.366666666666667,12.513793103448275,24.468933,16.79181,2.5307692307692307,1014.1515151515154,0.52913123,0.26556302780405594,-0.9640935007889755,6
2020-06-16,26.430232558139537,11.611627906976748,26.209595,14.768555,1.6487179487179486,1014.160606060606,0.52913123,0.24893980855376657,-0.9685189578512204,6
2020-06-17,28.44883720930233,13.251162790697672,27.6734,16.469635,2.005128205128205,1011.4363636363636,0.52913123,0.23224292400907015,-0.9726578145718654,6
2020-06-18,25.256976744186044,15.951162790697673,26.73468,21.266235,2.866666666666667,1009.8151515151516,0.52913123,0.21547731504673012,-0.976508846196619,6
2020-06-19,20.08139534883721,15.532558139534888,19.948486,17.310669,3.033333333333334,1012.0333333333336,0.52913123,0.19864794288017112,-0.9800709131432666,6
2020-06-20,19.916279069767445,14.951162790697676,17.324524,16.202698,4.55897435897436,1015.8484848484848,0.52913123,0.18175978759137534,-0.9833429613388902,6
2020-06-21,22.679069767441863,13.325581395348838,20.095215,15.527344,3.4128205128205127,1018.121212121212,0.52913123,0.16481784665719793,-0.9863240225317866,6
2020-06-22,25.71279069767442,11.59186046511628,24.878052,14.674225,3.217948717948718,1020.6454545454546,0.52913123,0.14782713347053048,-0.9890132145779883,6
2020-06-23,24.49418604651163,11.159302325581397,23.381653,14.096008,2.8717948717948727,1024.542424242424,0.52913123,0.13079267585675922,-0.9914097417023038,6
2020-06-24,25.232558139534884,10.515116279069767,24.624725,14.348694,2.438461538461538,1024.7545454545452,0.52913123,0.11371951458594969,-0.9935128947338007,6
2020-06-25,27.73720930232558,16.647674418604655,26.688965,18.85431,3.221052631578947,1021.621212121212,0.52913123,0.0966127018812031,-0.9953220513156602,6
2020-06-26,28.826744186046515,15.381395348837213,27.69513,18.834717,2.5026315789473688,1016.1939393939394,0.52913123,0.07947729992362097,-0.9968366760893436,6
2020-06-27,31.153488372093022,15.027906976744188,30.148468,17.992188,2.35,1009.990909090909,0.52913123,0.062318379354325076,-0.998056320853012,6
2020-06-28,28.0546511627907,16.424418604651162,28.307587,21.75708,2.952631578947369,1011.5484848484848,0.52913123,0.04514101777397193,-0.9989806246941579,6
2020-06-29,24.113953488372093,12.906976744186046,23.763855,18.327942,2.197435897435898,1011.430303030303,0.52913123,0.02795029824021032,-0.999609314096404,6
2020-06-30,23.47906976744186,12.559302325581395,23.81073,17.35205,4.566666666666667,1008.2969696969698,0.52913123,0.01075130776352193,-0.9999422030204416,6
2020-07-01,24.338372093023256,16.046511627906977,20.84436,18.272766,3.5051282051282056,1006.8424242424244,0.52913123,-0.00645086419810515,-0.9999791929590823,7
2020-07-02,25.020930232558143,15.12674418604651,23.365845,17.702423,2.938461538461539,1009.0424242424244,0.52913123,-0.023651127245231586,-0.9997202729664083,7
2020-07-03,23.59186046511628,14.309302325581395,22.062988,16.367584,3.443589743589744,1014.2060606060606,0.52913123,-0.04084439154329611,-0.9991655196610109,7
2020-07-04,25.594186046511627,13.574418604651164,25.89383,17.162659,4.320512820512819,1014.4212121212122,0.52913123,-0.05802556932878035,-0.9983150972033183,7
2020-07-05,27.206976744186047,18.009302325581398,26.218475,18.229797,4.966666666666667,1009.7151515151515,0.52913123,-0.07518957641475855,-0.9971692572470178,7
2020-07-06,21.734883720930235,12.2546511627907,20.241028,16.535645,5.258974358974359,1010.0121212121212,0.52913123,-0.09233133369539122,-0.9957283388645872,7
2020-07-07,21.06744186046512,10.747674418604651,19.060303,13.981934,4.0769230769230775,1017.2272727272727,0.52913123,-0.10944576864891556,-0.993992768446958,7
2020-07-08,18.251162790697677,11.587209302325585,18.044952,13.4592285,2.8487179487179493,1015.3818181818184,0.52913123,-0.12652781683868314,-0.9919630595773397,7
2020-07-09,20.709302325581397,11.918604651162791,19.711792,14.67511,2.6307692307692307,1013.7666666666668,0.52913123,-0.1435724234118113,-0.9896398128792412,7
2020-07-10,25.944186046511632,11.716279069767442,25.295105,16.60962,3.6538461538461537,1009.7,0.52913123,-0.16057454459499376,-0.9870237158387383,7
2020-07-11,20.82790697674419,9.362790697674418,19.347473,12.892822,3.0589743589743583,1021.2121212121216,0.52913123,-0.17752914918703497,-0.984115542601034,7
2020-07-12,21.537209302325586,8.011627906976743,19.574951,12.17218,2.764102564102564,1026.078787878788,0.52913123,-0.19443122004766195,-0.9809161537413774,7
2020-07-13,24.46705882352941,8.620000000000001,22.376404,12.980774,1.8384615384615388,1023.678787878788,0.52913123,-0.2112757555821793,-0.9774264960104055,7
2020-07-14,28.44705882352941,10.588235294117649,26.710114,14.797028,2.507692307692308,1014.9484848484848,0.52913123,-0.2280577712215198,-0.9736476020539838,7
2020-07-15,19.361627906976747,13.023255813953488,18.269836,16.567993,2.1076923076923078,1012.2242424242424,0.52913123,-0.24477230089725957,-0.9695805901076308,7
2020-07-16,21.09767441860465,11.505813953488373,20.936035,13.155273,2.369230769230769,1015.0454545454544,0.52913123,-0.2614143985111562,-0.965226663665613,7
2020-07-17,21.782558139534885,10.203488372093023,20.369568,12.873932,2.412820512820513,1018.3,0.52913123,-0.2779791393987801,-0.9605871111248129,7
2020-07-18,27.30697674418605,11.253488372093026,24.744904,13.426666,1.4184210526315792,1019.3727272727274,0.52913123,-0.2944616217868012,-0.9556633054034704,7
2020-07-19,30.20116279069768,13.729069767441864,28.973206,17.131592,1.7729729729729733,1016.0060606060608,0.52913123,-0.3108569682435036,-0.9504567035349151,7
2020-07-20,24.852325581395352,12.546511627906977,24.412537,19.234283,2.781578947368421,1015.353125,0.52913123,-0.3271603271220951,-0.9449688462364056,7
2020-07-21,22.98720930232558,10.775581395348835,21.469849,15.496735,2.910526315789474,1020.8,0.52913123,-0.34336687399638804,-0.939201357453208,7
2020-07-22,22.39186046511628,9.088372093023256,20.653564,13.561768,2.467567567567568,1021.6125,0.52913123,-0.3594718130884232,-0.9331559438780432,7
2020-07-23,23.339534883720933,11.713953488372091,21.398743,14.625885,1.8270270270270272,1017.0757575757576,0.52913123,-0.3754703786876202,-0.9268343944460494,7
2020-07-24,27.93837209302325,11.06279069767442,26.454742,14.967102,3.526315789473685,1010.4,0.52913123,-0.3913578365610259,-0.9202385798054075,7
2020-07-25,26.67674418604651,12.72906976744186,24.50412,16.233398,1.9078947368421053,1011.9090909090908,0.52913123,-0.4071294853542516,-0.9133704517637858,7
2020-07-26,24.227906976744183,14.256976744186046,23.154572,18.784729,2.631578947368421,1010.6,0.52913123,-0.4227806579826773,-0.9062320427107697,7
2020-07-27,26.184883720930237,12.431395348837208,25.30307,16.090485,1.928947368421053,1016.0151515151516,0.52913123,-0.4383067230125192,-0.898825465016444,7
2020-07-28,27.911627906976744,15.861627906976748,26.504333,19.471588,4.047368421052632,1008.9727272727272,0.52913123,-0.45370308603134424,-0.8911529104063088,7
2020-07-29,23.71744186046512,11.47093023255814,22.31195,16.780334,3.9289473684210527,1016.5090909090908,0.52913123,-0.46896519100763184,-0.8832166493127127,7
2020-07-30,24.32906976744186,9.506976744186046,22.57074,14.4627075,2.8394736842105264,1019.9636363636364,0.52913123,-0.48408852163897587,-0.8750190302029955,7
2020-07-31,26.94186046511628,10.708139534883722,25.151611,14.372803,2.402631578947368,1018.7757575757576,0.52913123,-0.4990686026885319,-0.8665624788845385,7
2020-08-01,30.25581395348837,11.804651162790698,28.855316,16.415344,2.3657894736842104,1016.1272727272728,0.52913123,-0.5139010013093103,-0.8578494977869301,8
2020-08-02,24.316279069767447,16.34767441860465,25.18985,18.78897,2.042105263157895,1012.530303030303,0.52913123,-0.5285813283559292,-0.8488826652214553,8
2020-08-03,22.65813953488372,12.67558139534884,22.734253,17.028961,2.710526315789474,1011.7575757575758,0.52913123,-0.5431052396834317,-0.8396646346181327,8
2020-08-04,23.03372093023256,10.427906976744186,21.702911,15.033844,2.3026315789473686,1013.7,0.52913123,-0.5574684374327892,-0.8301981337405212,8
2020-08-05,27.81627906976744,9.274418604651164,27.212341,15.647369,2.167567567567568,1018.2909090909092,0.52913123,-0.5716666713027052,-0.8204859638785327,8
2020-08-06,30.123255813953488,12.760465116279072,29.161804,18.748047,2.358974358974359,1021.2696969696972,0.52913123,-0.5856957398073508,-0.8105309990194823,8
2020-08-07,32.79186046511629,15.479069767441858,31.11731,20.944489,2.0526315789473686,1021.7787878787876,0.52913123,-0.5995514915196489,-0.8003361849976323,8
2020-08-08,35.3860465116279,18.039534883720933,34.836884,23.216217,1.9000000000000004,1019.809375,0.52913123,-0.6132298262997502,-0.7899045386224707,8
2020-08-09,35.382558139534886,18.644186046511628,34.130005,24.395569,2.194871794871794,1017.759375,0.52913123,-0.6267266965083301,-0.7792391467859886,8
2020-08-10,30.754651162790697,19.351162790697675,32.2341,23.728577,2.2578947368421054,1017.6272727272726,0.52913123,-0.6400381082043503,-0.7683431655492202,8
2020-08-11,32.1093023255814,17.747674418604653,31.641907,21.869934,3.181081081081081,1019.3454545454546,0.52913123,-0.65316012232693,-0.7572198192083127,8
2020-08-12,31.305882352941172,16.678823529411765,30.805237,20.927795,2.9815789473684204,1019.187878787879,0.52913123,-0.666088855860977,-0.7458723993404063,8
2020-08-13,30.50588235294118,16.591764705882355,31.171692,21.654938,2.368421052631579,1014.978125,0.52913123,-0.6788204829862355,-0.734304263829602,8
2020-08-14,28.355294117647052,18.04235294117647,25.89972,21.121582,2.026315789473684,1012.9424242424242,0.52913123,-0.6913512362094071,-0.722518835873311,8
2020-08-15,30.048837209302327,16.3953488372093,29.623474,20.419617,1.873684210526316,1014.1454545454546,0.52913123,-0.7036774074790128,-0.7105196029692745,8
2020-08-16,30.749411764705886,16.492941176470588,30.017242,21.575256,2.871052631578947,1014.1875,0.52913123,-0.7157953492826642,-0.6983101158835584,8
2020-08-17,31.06744186046512,15.474418604651165,30.124023,21.014038,2.5921052631578942,1010.0718750000002,0.52913123,-0.7277014757264236,-0.6858939875998223,8
2020-08-18,25.412790697674417,16.66511627906977,21.899841,20.057312,2.3763157894736846,1009.1545454545454,0.52913123,-0.7393922635959241,-0.673274892250183,8
2020-08-19,26.35348837209303,14.653488372093024,25.144714,17.866455,2.018421052631579,1010.3424242424244,0.52913123,-0.7508642533989489,-0.6604565640279754,8
2020-08-20,31.051162790697678,14.53953488372093,30.538025,18.197662,2.2769230769230773,1010.4606060606062,0.52913123,-0.7621140503891487,-0.6474427960827475,8
2020-08-21,35.282558139534885,18.140697674418607,34.645935,21.416992,2.671794871794872,1010.6242424242424,0.52913123,-0.7731383255706026,-0.6342374393978054,8
2020-08-22,26.405813953488373,16.75,26.016357,22.728271,2.830769230769232,1012.6484848484848,0.52913123,-0.7839338166829201,-0.620844401650647,8
2020-08-23,24.9046511627907,14.874418604651169,23.80191,19.671356,3.915384615384617,1013.5575757575758,0.52913123,-0.7944973291665992,-0.6072676460566135,8
2020-08-24,23.098837209302328,13.517441860465116,22.069122,17.079254,3.4256410256410263,1013.7545454545456,0.52913123,-0.8048257371083452,-0.593511190196115,8
2020-08-25,22.98372093023256,12.037209302325582,22.753845,15.434235,2.851282051282051,1012.1484848484848,0.52913123,-0.8149159841660791,-0.5795791048257612,8
2020-08-26,20.66395348837209,15.366279069767442,19.454529,16.77237,6.028205128205128,1003.4090909090912,0.52913123,-0.8247650844733614,-0.5654755126737576,8
2020-08-27,19.810465116279072,11.195348837209304,19.827515,16.34961,5.287179487179488,1011.621212121212,0.52913123,-0.8343701235229538,-0.5512045872199277,8
2020-08-28,22.52558139534884,11.318604651162792,23.306458,12.709717,2.805128205128205,1005.9212121212122,0.52913123,-0.8437282590292712,-0.5367705514607103,8
2020-08-29,23.4093023255814,13.770930232558142,22.82547,16.58078,2.6794871794871797,1003.8454545454546,0.52913123,-0.8528367217694595,-0.522177676659508,8
2020-08-30,22.756976744186048,12.25813953488372,22.349335,16.790985,2.0512820512820515,1007.9090909090908,0.52913123,-0.8616928164028522,-0.5074302810827518,8
2020-08-31,21.937209302325584,12.186046511627907,20.678436,15.229126,2.6384615384615384,1014.0848484848484,0.52913123,-0.8702939222685674,-0.49253272872205434,8
2020-09-01,19.073255813953487,9.33372093023256,18.75354,12.789246,2.266666666666667,1017.9363636363636,0.52910936,-0.8786374941610001,-0.4774894280028391,9
2020-09-02,19.011627906976745,9.873255813953488,18.700317,12.559601,2.4589743589743587,1016.6121212121212,0.52910936,-0.886721063082993,-0.46230483047981086,9
2020-09-03,22.545348837209303,11.243023255813954,22.17221,13.266998,3.264102564102565,1018.2696969696972,0.52910936,-0.8945422369764496,-0.4469834295196741,9
2020-09-04,22.85813953488372,15.027906976744188,21.92627,15.016418,3.2410256410256406,1018.9969696969696,0.52910936,-0.9020987014301837,-0.43152975897147144,9
2020-09-05,17.99069767441861,11.993023255813954,17.768463,15.224915,2.507692307692309,1016.1696969696968,0.52910936,-0.9093882203647925,-0.4159483918249421,9
2020-09-06,19.361627906976747,9.359302325581396,18.88385,12.232697,3.0128205128205128,1017.857575757576,0.52910936,-0.9164086366943458,-0.4002439388573056,9
2020-09-07,19.90232558139535,9.208139534883722,18.106903,11.120636,2.4,1022.2969696969697,0.52910936,-0.9231578729647039,-0.38442104726885545,9
2020-09-08,22.703488372093027,9.463953488372097,20.41632,11.631897,3.743589743589745,1023.6575757575756,0.52910936,-0.9296339319682695,-0.3684843993077793,9
2020-09-09,25.251162790697677,12.969767441860466,23.476074,16.774597,3.5025641025641026,1020.0030303030304,0.52910936,-0.9358348973349941,-0.35243871088460327,9
2020-09-10,19.76744186046512,8.463953488372095,18.718536,13.219147,2.87948717948718,1020.1121212121212,0.52910936,-0.9417589340994617,-0.33628873017668287,9
2020-09-11,22.406976744186046,7.438372093023255,21.729858,12.977783,1.7384615384615387,1018.3515151515152,0.52910936,-0.9474042892438845,-0.32003923622313857,9
2020-09-12,25.966279069767445,8.28953488372093,25.72992,12.07962,3.1282051282051277,1017.6121212121212,0.52910936,-0.9527692922168511,-0.30369503751065885,9
2020-09-13,24.461627906976748,10.226744186046512,23.851013,13.551514,2.648717948717949,1024.5666666666666,0.52910936,-0.9578523554276669,-0.28726097055059635,9
2020-09-14,29.532558139534885,10.911627906976744,28.162292,14.896118,1.7210526315789476,1026.6272727272728,0.52910936,-0.9626519747161487,-0.2707418984477642,9
2020-09-15,30.940697674418605,13.931395348837212,29.686981,17.6315,2.338461538461538,1021.6515151515152,0.52910936,-0.9671667297977312,-0.2541427094613622,9
2020-09-16,29.32906976744186,13.863953488372095,27.385681,16.958618,2.7184210526315797,1016.8939393939394,0.52910936,-0.97139528468375,-0.23746831555846842,9
2020-09-17,19.07906976744186,6.561627906976744,18.055542,14.772583,3.430769230769232,1026.6242424242423,0.52910936,-0.9753363880767837,-0.2207236509605022,9
2020-09-18,20.180232558139537,3.283720930232558,18.957947,8.299622,1.617948717948718,1029.4545454545455,0.52910936,-0.9789888737409319,-0.20391367068311472,9
2020-09-19,21.513953488372096,3.926744186046512,20.829102,8.77179,2.2384615384615385,1024.1,0.52910936,-0.9823516608469237,-0.18704334906991657,9
2020-09-20,23.194186046511632,6.291860465116278,21.793488,10.554138,2.3631578947368426,1020.1121212121212,0.52910936,-0.9854237542919524,-0.17011767832049052,9
2020-09-21,24.89186046511628,6.345348837209303,23.729248,10.069611,1.8025641025641024,1017.9545454545456,0.52910936,-0.9882042449941422,-0.15314166701312007,9
2020-09-22,26.49418604651163,8.68953488372093,25.828186,12.090027,1.8615384615384616,1011.4636363636364,0.52910936,-0.9906923101615609,-0.13612033862266704,9
2020-09-23,26.752325581395347,11.733720930232558,26.542114,14.511475,1.9461538461538457,1005.3484848484848,0.52910936,-0.9928872135356962,-0.11905873003404988,9
2020-09-24,22.324418604651164,11.434883720930234,21.848877,15.741577,3.076923076923077,1003.9030303030302,0.52910936,-0.994788305609327,-0.10196189005174576,9
2020-09-25,16.182558139534883,9.704651162790698,15.047516,13.177856,2.335897435897436,998.0575757575758,0.52910936,-0.9963950238187231,-0.08483487790576538,9
2020-09-26,12.37325581395349,7.460465116279071,12.320587,10.851135,3.692307692307693,995.0,0.52910936,-0.9977068927101168,-0.06768276175455162,9
2020-09-27,12.476744186046512,6.419767441860466,13.453339,8.34613,2.1615384615384614,1003.178787878788,0.52910936,-0.9987235240803972,-0.050510617185222886,9
2020-09-28,18.03837209302326,7.38953488372093,17.495941,9.180176,2.141025641025641,1011.2121212121212,0.52910936,-0.9994446170919858,-0.033323525711631344,9
2020-09-29,18.655813953488373,8.098837209302326,17.50882,12.154785,1.3820512820512818,1015.8030303030304,0.52910936,-0.9998699583618592,-0.016126573270657762,9
2020-09-30,19.14651162790698,6.432558139534884,17.47992,9.164459,1.2769230769230766,1016.2181818181816,0.52910936,-0.9999994220246925,0.001075151282798226,9
2020-10-01,17.21744186046512,6.732558139534884,16.065125,9.414612,1.7923076923076928,1008.178787878788,0.52910936,-0.999832969770105,0.018276557681691223,10
2020-10-02,17.39767441860465,10.511627906976743,17.459534,12.436707,3.582051282051282,1001.8484848484848,0.52910936,-0.9993706508539969,0.03547255575312556,10
2020-10-03,21.6093023255814,12.306976744186048,22.05545,13.728851,4.225641025641026,994.9545454545456,0.52910936,-0.9986126020839734,0.052658056924614005,10
2020-10-04,18.802325581395348,7.343023255813954,18.28659,11.086029,2.8564102564102565,997.7484848484848,0.52910936,-0.9975590477788613,0.06982797572987089,10
2020-10-05,16.138372093023257,6.818604651162792,15.92038,9.342926,2.51025641025641,1004.0333333333336,0.52910936,-0.9962102997023297,0.0869772313136861,10
2020-10-06,16.186046511627907,8.824418604651164,14.434174,10.05484,3.848717948717949,1003.021212121212,0.52910936,-0.9945667569706337,0.1041007489354256,10
2020-10-07,16.020930232558143,10.02906976744186,14.682404,10.507477,3.3461538461538463,1006.7545454545456,0.52910936,-0.9926289059345095,0.121193461470736,10
2020-10-08,15.03953488372093,8.758139534883721,15.247925,9.826782,4.361538461538462,1015.3515151515152,0.52910936,-0.9903973200352558,0.1382503109109819,10
2020-10-09,15.32093023255814,10.472093023255816,15.490662,11.768524,2.8256410256410263,1016.2727272727273,0.52910936,-0.9878726596350429,0.15526624985999563,10
2020-10-10,13.163953488372092,4.609302325581395,12.824249,9.77475,3.089473684210527,1016.6848484848484,0.52910936,-0.9850556718215013,0.172236243027682,10
2020-10-11,12.053488372093025,3.330232558139535,11.493591,6.206421,2.6210526315789475,1017.9060606060608,0.52910936,-0.981947190186646,0.18915526872004093,10
2020-10-12,12.096511627906976,3.061627906976745,11.35553,6.2575684,2.028947368421053,1017.2727272727273,0.52910936,-0.9785481345802031,0.20601832032517084,10
2020-10-13,11.993023255813954,1.5302325581395348,12.049713,3.8740234,2.0578947368421048,1015.4454545454548,0.52910936,-0.9748595108374125,0.22282040779479959,10
2020-10-14,10.434883720930234,8.822093023255814,10.316132,9.592102,6.02051282051282,1009.6515151515154,0.52910936,-0.9708824104813836,0.23955655912092708,10
2020-10-15,10.958139534883722,9.076744186046511,11.573212,10.095306,4.376923076923077,1015.0909090909092,0.52910936,-0.9666180104000972,0.2562218218071163,10
2020-10-16,11.437209302325584,7.516279069767443,11.227722,8.325256,3.0512820512820515,1019.5363636363636,0.52910936,-0.9620675724981452,0.27281126433401914,10
2020-10-17,11.509302325581396,6.138372093023257,11.436584,8.020203,1.8512820512820516,1018.5636363636364,0.52910936,-0.957232443323312,0.28931997761869527,10
2020-10-18,10.681395348837212,5.730232558139535,9.943298,7.778839,4.256410256410256,1017.1060606060606,0.52910936,-0.9521140536681102,0.3057430764672831,10
2020-10-19,11.822093023255816,4.034883720930233,11.888763,6.335266,2.5307692307692307,1021.5121212121212,0.52910936,-0.9467139181463862,0.3220757010206104,10
2020-10-20,12.4046511627907,3.177906976744186,12.902618,5.8016663,3.315384615384616,1016.7575757575758,0.52910936,-0.9410336347451197,0.3383130181923076,10
2020-10-21,15.259302325581396,9.919767441860468,16.450745,9.842957,3.47948717948718,1009.457575757576,0.52910936,-0.9350748843515574,0.3544502230989869,10
2020-10-22,19.54767441860465,12.537209302325584,19.58368,14.169373,4.015384615384615,1010.9212121212122,0.52910936,-0.9288394302558068,0.3704825404820963,10
2020-10-23,16.315116279069766,10.317441860465117,17.155792,12.865784,2.2025641025641027,1011.3878787878788,0.52910936,-0.9223291176290545,0.3864052261209853,10
2020-10-24,16.81511627906977,9.52674418604651,15.790161,11.228302,3.235897435897436,1012.548484848485,0.52910936,-0.9155458729775467,0.40221356823680365,10
2020-10-25,16.91395348837209,8.787209302325582,17.111359,10.658417,3.543589743589744,1008.6181818181818,0.52910936,-0.9084917035725082,0.41790288888678667,10
2020-10-26,13.309302325581394,8.495348837209303,14.002228,9.737579,2.18974358974359,1003.7515151515152,0.52910936,-0.9011686968561569,0.4334685453485363,10
2020-10-27,12.786046511627903,7.055813953488372,11.958954,6.7247925,3.5846153846153848,1008.009090909091,0.52910936,-0.8935790198239952,0.4489059314938798,10
2020-10-28,13.667441860465118,7.865116279069769,13.160156,9.078552,4.076923076923077,1009.3151515151516,0.52910936,-0.8857249183835637,0.4642104791518923,10
2020-10-29,12.109302325581396,7.351162790697675,11.544281,9.649231,4.453846153846153,1011.6393939393942,0.52910936,-0.8776087166898392,0.4793776594606945,10
2020-10-30,13.502325581395349,7.3313953488372094,13.205627,7.908203,3.807692307692309,1015.7636363636362,0.52910936,-0.8692328164574792,0.49440298420761813,10
2020-10-31,15.11046511627907,11.252325581395349,14.704651,12.800781,2.643589743589744,1020.6545454545457,0.52910936,-0.8605996962501181,0.5092820071573356,10
2020-11-01,14.727906976744183,10.13953488372093,14.631653,9.856384,3.3000000000000003,1014.5575757575758,0.52910936,-0.8517119107469189,0.5240103253675756,11
2020-11-02,20.00581395348837,13.788372093023256,19.30542,14.77533,4.325641025641026,1009.6909090909091,0.52910936,-0.8425720899866032,0.5385835804920232,11
2020-11-03,15.259302325581398,8.61279069767442,17.060883,10.597717,3.030769230769231,1019.7848484848486,0.52910936,-0.8331829385891785,0.5529974600700271,11
2020-11-04,11.347674418604653,3.4802325581395355,11.025757,6.9652405,3.294871794871796,1028.4212121212122,0.52910936,-0.8235472349556007,0.5672476988027229,11
2020-11-05,10.883720930232558,1.9720930232558136,10.367126,4.8075256,3.428205128205128,1035.7848484848485,0.52910936,-0.8136678304455991,0.5813300798152042,11
2020-11-06,10.19186046511628,7.2662790697674415,11.245758,8.580688,2.9179487179487174,1033.8757575757577,0.52910936,-0.8035476485339116,0.5952404359043674,11
2020-11-07,12.272093023255817,1.8255813953488376,11.284729,6.222107,2.2512820512820517,1028.7303030303033,0.52910936,-0.7931896839451843,0.6089746507720486,11
2020-11-08,10.340697674418603,0.5465116279069768,9.364685,2.220459,1.8025641025641028,1025.5848484848484,0.52910936,-0.7825970017677834,0.6225286602431057,11
2020-11-09,6.455813953488373,4.145348837209304,7.807312,4.8378906,3.0589743589743588,1027.857575757576,0.52910936,-0.7717727365467836,0.6358984534680745,11
2020-11-10,5.958139534883722,3.627906976744186,7.1127014,5.2061768,2.8897435897435897,1029.4757575757576,0.52910936,-0.7607200913564104,0.6490800741100398,11
2020-11-11,6.68139534883721,4.122093023255814,7.3779907,4.7979736,1.9615384615384623,1027.4636363636364,0.52910936,-0.7494423368521954,0.6620696215153815,11
2020-11-12,10.416279069767445,5.065116279069768,9.772491,6.6833496,2.8282051282051284,1021.1666666666666,0.52910936,-0.7379428103031386,0.6748632518680403,11
2020-11-13,11.615116279069769,4.388372093023255,10.86908,6.882202,2.428205128205128,1019.4151515151516,0.52910936,-0.7262249146041543,0.6874571793269664,11
2020-11-14,14.593023255813954,7.644186046511628,13.146362,9.260681,2.4153846153846152,1018.121212121212,0.52910936,-0.7142921172691032,0.699847677146407,11
2020-11-15,14.26279069767442,6.765116279069767,13.674286,8.728912,3.843589743589743,1013.469696969697,0.52910936,-0.7021479494046978,0.7120310787787131,11
2020-11-16,12.595348837209302,6.947674418604652,11.783966,8.205933,3.805128205128205,1011.7727272727273,0.52910936,-0.6897960046655887,0.7240037789593305,11
2020-11-17,11.466279069767443,7.465116279069767,10.85376,8.910614,3.974358974358975,1022.2272727272727,0.52910936,-0.6772399381909491,0.7357622347736527,11
2020-11-18,12.43837209302326,7.638372093023257,12.285828,9.1631775,3.653846153846154,1023.9,0.52910936,-0.6644834655228552,0.7473029667054296,11
2020-11-19,11.52325581395349,3.630232558139535,11.520081,8.384155,5.530769230769232,1015.4363636363636,0.52910936,-0.6515303615068021,0.75862255966641,11
2020-11-20,6.274418604651163,-0.9744186046511628,6.125183,2.653717,3.5435897435897434,1029.3757575757577,0.52910936,-0.6383844591746642,0.7697176640069211,11
2020-11-21,6.837209302325583,-1.052325581395349,6.317169,-0.058929443,4.464102564102564,1030.878787878788,0.52910936,-0.6250496486104377,0.7805849965070866,11
2020-11-22,9.89186046511628,5.137209302325582,9.419922,6.50119,4.874358974358974,1022.5818181818184,0.52910936,-0.6115298757991053,0.7912213413483807,11
2020-11-23,8.847674418604653,1.9488372093023256,8.496674,5.9969482,4.1000000000000005,1024.3636363636365,0.52910936,-0.5978291414589552,0.801623551065242,11
2020-11-24,7.436046511627907,-0.5906976744186048,7.144806,2.820465,2.88974358974359,1025.7909090909093,0.52910936,-0.5839514998576998,0.8117885474764613,11
2020-11-25,4.2267441860465125,-1.402325581395349,4.6748047,0.5095825,2.5487179487179485,1020.4303030303032,0.52910936,-0.5699010576127624,0.8217133225960589,11
2020-11-26,6.9697674418604665,-0.5790697674418605,7.055664,1.2884216,2.7384615384615385,1020.1696969696968,0.52910936,-0.5556819724760489,0.8313949395234058,11
2020-11-27,6.833720930232559,2.5616279069767445,6.2361145,3.922699,1.546153846153846,1021.9424242424244,0.52910936,-0.5412984521036173,0.8408305333122887,11
2020-11-28,5.033720930232558,0.0209302325581395,5.105774,2.2511292,1.5666666666666669,1024.8030303030305,0.52910936,-0.5267547528105542,0.8500173118187018,11
2020-11-29,4.566279069767441,-1.361627906976744,5.016327,0.07626343,2.3230769230769237,1026.3636363636365,0.52910936,-0.5120551783114646,0.8589525565270845,11
2020-11-30,2.818604651162791,-0.6453488372093024,3.047577,0.7293701,2.528205128205128,1024.1666666666667,0.52910936,-0.4972040784469378,0.8676336233547726,11
2020-12-01,3.5930232558139537,-0.6046511627906977,4.381836,1.1126404,2.684615384615385,1017.030303030303,0.3254564,-0.4822058478963526,0.8760579434344281,12
2020-12-02,2.177906976744186,-3.394186046511628,1.5898132,-2.135498,2.312820512820513,1020.4787878787878,0.3254564,-0.46706492487743034,0.8842230238742036,12
2020-12-03,0.8965116279069768,-2.8058139534883724,0.47805786,-2.3515625,3.938461538461538,1008.0848484848484,0.3254564,-0.451785789832884,0.8921264484954345,12
2020-12-04,3.9627906976744183,-2.476744186046512,3.1188354,-1.5469666,3.5589743589743583,996.3878787878788,0.3254564,-0.4363729641045924,0.8997658785476209,12
2020-12-05,7.4186046511627906,-0.2732558139534883,5.8391724,0.68084717,2.66923076923077,999.7363636363638,0.3254564,-0.42083100859565564,0.9071390534005044,12
2020-12-06,10.251162790697675,1.713953488372093,10.375336,3.0168152,3.4692307692307693,1002.2515151515152,0.3254564,-0.4051645224207563,0.9142437912130223,12
2020-12-07,8.515116279069767,2.544186046511628,8.926697,4.5737305,4.097435897435898,1001.4,0.3254564,-0.3893781415452015,0.9210779895789526,12
2020-12-08,6.594186046511628,1.0511627906976744,7.2019043,2.9026794,3.0564102564102567,1007.2727272727276,0.3254564,-0.37347653741307074,0.9276396261490467,12
2020-12-09,2.862790697674418,0.6930232558139536,4.3500366,2.55365,3.371794871794872,1010.8727272727274,0.3254564,-0.3574644155648614,0.9339267592294762,12
2020-12-10,0.8651162790697675,-0.9686046511627908,0.39144897,-0.52130127,3.084615384615385,1010.1181818181818,0.3254564,-0.34134651424503615,0.9399375283564133,12
2020-12-11,1.654651162790698,-0.9744186046511628,1.5864258,-0.6525879,3.592307692307692,1004.6181818181818,0.3254564,-0.3251276029999093,0.9456701548465688,12
2020-12-12,2.961627906976744,-0.1011627906976744,3.8532104,1.1729736,3.0615384615384618,1001.6878787878788,0.3254564,-0.30881248126625377,0.9511229423235357,12
2020-12-13,4.273255813953488,1.8360465116279068,3.7167969,1.2384033,1.4923076923076923,1010.3303030303032,0.3254564,-0.29240597695107734,0.9562942772197719,12
2020-12-14,7.729069767441861,2.0348837209302326,6.4319763,3.7385254,3.1358974358974363,1013.757575757576,0.3254564,-0.27591294500296043,0.9611826292540837,12
2020-12-15,7.505813953488372,3.019767441860465,7.5910034,3.0965881,3.1641025641025644,1012.9060606060608,0.3254564,-0.2593382659754056,0.9657865518844574,12
2020-12-16,9.046511627906977,4.217441860465116,7.6712646,7.1740723,2.2769230769230773,1019.5121212121212,0.3254564,-0.2426868445825954,0.9701046827361175,12
2020-12-17,7.925581395348839,2.5093023255813955,7.403137,2.4786987,3.641025641025641,1020.418181818182,0.3254564,-0.22596360824801906,0.974135744004672,12
2020-12-18,8.555813953488371,0.8465116279069769,7.0770264,4.3030396,2.905128205128205,1024.0,0.3254564,-0.20917350564635637,0.9778785428342386,12
2020-12-19,6.820930232558139,-0.2267441860465116,6.1602173,2.2601929,3.330769230769232,1021.0333333333336,0.3254564,-0.19232150523909483,0.9813319716704275,12
2020-12-20,5.554651162790698,0.7918604651162792,5.2334595,1.5319214,3.002564102564102,1021.0272727272728,0.3254564,-0.17541259380427843,0.9844950085880858,12
2020-12-21,7.153488372093023,2.4058139534883725,6.6089478,3.473816,3.2282051282051283,1021.3878787878788,0.3254564,-0.15845177496083632,0.9873667175937016,12
2020-12-22,13.430232558139537,4.905813953488373,12.262268,5.0549316,5.056410256410256,1010.2818181818184,0.3254564,-0.14144406768794202,0.9899462489023779,12
2020-12-23,10.208139534883722,5.054651162790697,9.213623,5.278961,2.1815789473684206,1012.687878787879,0.3254564,-0.12439450483979998,0.9922328391893008,12
2020-12-24,10.382558139534884,2.963953488372093,9.831299,3.6223755,4.463157894736842,1004.6848484848488,0.3254564,-0.10730813165636247,0.9942258118156161,12
2020-12-25,3.7906976744186047,0.1941860465116279,3.9302368,2.0159302,3.502631578947369,1016.75625,0.3254564,-0.09019000427034513,0.9959245770286599,12
2020-12-26,2.4453488372093024,-1.5546511627906976,2.453186,-0.46725464,3.960526315789473,1019.9375,0.3254564,-0.07304518821104743,0.9973286321364752,12
2020-12-27,2.6372093023255814,0.5186046511627908,2.8822327,0.9327698,6.752631578947369,1000.8375,0.3254564,-0.05587875690537313,0.9984375616565666,12
2020-12-28,4.402325581395349,0.7418604651162791,3.7515259,1.4214478,3.75,984.678125,0.3254564,-0.03869579017652689,0.9992510374388481,12
2020-12-29,4.332558139534884,-0.3209302325581395,3.6865845,0.2753296,3.1105263157894742,987.29375,0.3254564,-0.021501372740813793,0.999768818762748,12
2020-12-30,5.163953488372093,-0.7755813953488372,3.8153076,0.41400146,3.2868421052631582,1000.63125,0.3254564,-0.004300592702981974,0.9999907524084426,12
2020-12-31,4.518604651162791,-0.1220930232558139,2.9368896,1.1765747,2.889473684210526,1005.484375,0.3254564,0.012901459949419653,0.9999167727021953,12
2021-01-01,2.7116279069767444,-0.2372093023255814,2.870514,-0.2175293,1.952631578947368,1007.196875,0.3254564,0.017201575418260506,0.9998520419557735,1
2021-01-02,3.434883720930232,-0.9116279069767442,3.510376,0.5786743,1.947368421052632,1013.9757575757576,0.3254564,0.03439806061360801,0.9994082116062598,1
2021-01-03,1.2453488372093025,-0.3488372093023256,0.7251892,0.015411377,3.900000000000001,1015.6242424242428,0.3254564,0.051584366869408364,0.9986686402879997,1
2021-01-04,0.936046511627907,0.3348837209302326,0.8375244,0.3251648,3.1236842105263154,1017.2333333333332,0.3254564,0.06875540848113941,0.9976335468520451,1
2021-01-05,2.608139534883721,0.4976744186046511,2.08255,0.31958008,3.2973684210526315,1016.8333333333334,0.3254564,0.08590610426133272,0.9963032375991965,1
2021-01-06,2.7848837209302326,0.4790697674418605,2.2200928,0.96707153,2.93421052631579,1011.3333333333334,0.3254564,0.10303137904317879,0.9946781061893646,1
2021-01-07,1.5837209302325583,0.2825581395348837,1.7276001,0.5812683,3.194871794871795,1009.918181818182,0.3254564,0.1201261651823505,0.9927586335250793,1
2021-01-08,1.5790697674418606,-0.2046511627906976,1.8701782,-0.6680603,2.233333333333334,1011.6181818181818,0.3254564,0.13718540405660057,0.9905453876091833,1
2021-01-09,1.822093023255814,-0.2697674418604651,2.4979858,0.16741943,2.305263157894737,1019.2666666666668,0.3254564,0.1542040475626894,0.988039023376751,1
2021-01-10,1.5279069767441864,-2.094186046511628,1.0192261,0.20928955,2.7526315789473688,1023.6687500000002,0.3254564,0.17117705961019986,0.985240282501282,1
2021-01-11,1.634883720930233,-1.2999999999999998,0.96691895,-0.56915283,4.657894736842106,1017.6181818181818,0.3254564,0.18809941761179758,0.9821499931752291,1
2021-01-12,2.854651162790698,0.0918604651162791,3.0183716,0.028625488,5.082051282051283,1003.9272727272728,0.3254564,0.20496611396949532,0.9787690698649216,1
2021-01-13,3.2581395348837208,-0.2395348837209302,2.6732788,-0.38867188,6.041025641025641,1005.9818181818182,0.3254564,0.22177215755648186,0.975098513039961,1
2021-01-14,1.9430232558139535,-0.6139534883720931,1.9771118,-0.69781494,4.051282051282052,1012.7757575757576,0.3254564,0.23851257519407648,0.9711394088771653,1
2021-01-15,0.8744186046511628,-3.0430232558139534,-0.29119873,-4.1973877,3.5461538461538464,1022.9060606060608,0.3254564,0.2551824131233728,0.9668929289391521,1
2021-01-16,-1.05,-4.680232558139535,-0.7455139,-3.9359741,3.3205128205128207,1023.6060606060606,0.3254564,0.2717767384711357,0.9623603298276545,1
2021-01-17,-0.563953488372093,-6.84186046511628,-0.7093506,-4.871765,1.67948717948718,1020.2696969696972,0.3254564,0.2882906407095177,0.9575429528116719,1
2021-01-18,2.6232558139534885,-6.186046511627907,2.3820496,-6.1442566,2.958974358974359,1019.5363636363636,0.3254564,0.3047192331091634,0.9524422234305676,1
2021-01-19,5.265116279069768,0.4976744186046512,5.2888794,1.1360474,4.389743589743592,1009.7636363636362,0.3254564,0.321057654185271,0.9470596510722283,1
2021-01-20,8.42093023255814,3.2058139534883727,7.505615,2.5557556,4.833333333333335,1003.0151515151516,0.3254564,0.3373010691361842,0.9413968285264122,1
2021-01-21,12.023255813953488,4.780232558139535,11.442566,4.9985657,5.287179487179488,997.1181818181818,0.3254564,0.3534446712740877,0.9354554315134164,1
2021-01-22,10.645348837209305,0.9313953488372092,9.985413,3.758545,4.643589743589744,992.4272727272728,0.3254564,0.3694836834473831,0.9292372181882051,1
2021-01-23,3.2906976744186047,-0.98953488372093,2.2589111,0.85095215,1.88974358974359,997.060606060606,0.3254564,0.38541335945432564,0.9227440286201427,1
2021-01-24,1.717441860465116,-1.016279069767442,2.5714722,-1.5571289,1.7256410256410255,996.4424242424242,0.3254564,0.4012289854475009,0.9159777842484877,1
2021-01-25,2.2500000000000004,-0.6069767441860465,2.4427185,-0.9967041,2.6153846153846163,1002.1939393939394,0.3254564,0.4169258813287287,0.908940487313808,1
2021-01-26,2.2011627906976745,-2.3220930232558143,2.28833,-2.791626,3.256410256410257,1010.8545454545454,0.3254564,0.4324994021339788,0.901634220265486,1
2021-01-27,4.0779069767441865,-1.3744186046511626,3.1627197,-0.6907654,3.028205128205128,1013.2939393939396,0.3254564,0.44794493940789115,0.8940611451454876,1
2021-01-28,3.3813953488372093,-2.3337209302325586,2.9842834,-0.085357666,3.074358974358975,1004.7212121212124,0.3254564,0.4632579225674917,0.88622350294858,1
2021-01-29,0.7744186046511631,-3.0662790697674422,-0.10733032,-3.9370117,2.405128205128205,999.748484848485,0.3254564,0.4784338202547012,0.8781236129591848,1
2021-01-30,1.0151162790697674,-6.45,1.0162659,-3.0247803,2.2025641025641027,1001.54375,0.3254564,0.49346814167723735,0.8697638720650646,1
2021-01-31,-0.1988372093023256,-10.2,-1.6729126,-7.611511,2.028205128205129,1005.9515151515152,0.3254564,0.5083564379375122,0.8611467540480452,1
2021-02-01,0.6918604651162791,-10.16046511627907,-0.28851318,-9.666718,2.9871794871794872,1000.4484848484848,0.3254564,0.5230943033491326,0.8522748088519838,2
2021-02-02,2.705813953488372,-0.841860465116279,1.4857788,-0.9517822,2.3256410256410263,1002.030303030303,0.3254564,0.5376773767406141,0.8431506618282,2
2021-02-03,7.176744186046511,1.3337209302325583,7.102661,0.90026855,3.0333333333333337,999.4424242424244,0.3254564,0.5521013427459208,0.8337770129585915,2
2021-02-04,4.137209302325582,0.3209302325581395,5.112976,0.19277954,2.994871794871795,1009.7212121212124,0.3254564,0.5663619330814524,0.8241566360566663,2
2021-02-05,1.313953488372093,-1.0127906976744183,1.8747864,-0.6795044,3.9743589743589753,1018.9181818181816,0.3254564,0.580454927809098,0.8142923779467267,2
2021-02-06,-0.3697674418604652,-4.222093023255814,-0.3052063,-2.045929,5.4461538461538455,1019.1666666666666,0.3254564,0.5943761565849831,0.804187157621448,2
2021-02-07,-4.094186046511628,-7.466279069767442,-4.1445312,-6.338379,7.253846153846153,1012.6969696969696,0.3254564,0.6081214998935418,0.7938439653781019,2
2021-02-08,-6.631395348837208,-12.02906976744186,-8.136597,-10.367554,4.771794871794873,1005.3363636363638,0.3254564,0.6216868902665479,0.7832658619336791,2
2021-02-09,-6.98953488372093,-12.801162790697676,-6.808258,-12.361298,1.6153846153846156,1006.4666666666668,0.3254564,0.6350683134867438,0.7724559775191742,2
2021-02-10,-4.486046511627908,-14.02906976744186,-5.8309937,-15.391724,1.658974358974359,1011.357575757576,0.3254564,0.6482618097757122,0.7614175109532997,2
2021-02-11,-2.162790697674419,-10.794186046511628,-2.3953857,-13.753174,2.47948717948718,1025.4545454545455,0.3254564,0.6612634749656386,0.7501537286959042,2
2021-02-12,-2.2197674418604656,-12.719767441860466,-2.3485107,-12.718872,2.247368421052632,1035.1281250000002,0.3254564,0.6740694616546161,0.7386679638813748,2
2021-02-13,-1.7860465116279072,-13.911627906976744,-0.7780762,-11.878906,2.323684210526316,1040.41875,0.3254564,0.6866759803451553,0.726963615332308,2
2021-02-14,-2.818604651162791,-13.73139534883721,-1.8206177,-13.626923,2.2973684210526324,1042.0656250000002,0.3254564,0.6990793005655562,0.7150441465537444,2
2021-02-15,0.6906976744186047,-14.053488372093025,0.05670166,-15.279602,3.394736842105264,1033.834375,0.3254564,0.7112757519738152,0.7029130847082615,2
2021-02-16,3.8872093023255823,-1.5186046511627909,2.550232,-1.7190857,2.6421052631578954,1019.1515151515152,0.3254564,0.7232617254437388,0.6905740195722293,2
2021-02-17,6.836046511627908,1.724418604651163,6.1598206,1.992157,3.682051282051282,1013.7666666666668,0.3254564,0.7350336741329413,0.6780306024735382,2
2021-02-18,10.36046511627907,2.3488372093023258,9.851746,1.2522278,2.9128205128205127,1017.681818181818,0.3254564,0.746588114532413,0.6652865452111116,2
2021-02-19,9.424418604651164,0.0372093023255814,8.773468,3.0977173,3.787179487179488,1015.8848484848486,0.3254564,0.7579216274973472,0.6523456189565257,2
2021-02-20,12.95232558139535,-0.3372093023255813,10.884705,-1.0093689,2.915384615384616,1019.69696969697,0.3254564,0.7690308592589181,0.6392116531380588,2
2021-02-21,15.891860465116276,2.372093023255814,13.92157,2.4187012,3.1307692307692307,1018.539393939394,0.3254564,0.7799125224167177,0.6258885343075018,2
2021-02-22,13.801162790697676,0.0546511627906976,10.518585,0.085998535,2.46923076923077,1022.0121212121212,0.3254564,0.7905633969115482,0.612380204990065,2
2021-02-23,17.75581395348837,2.8895348837209305,15.45282,0.40826416,2.515384615384616,1030.1363636363635,0.3254564,0.8009803309782905,0.5986906625177214,2
2021-02-24,18.986046511627908,5.981395348837211,17.598175,4.79657,2.8102564102564105,1031.2878787878788,0.3254564,0.8111602420785621,0.5848239578463322,2
2021-02-25,19.087209302325583,4.448837209302326,17.141724,4.7269287,2.7128205128205134,1026.909090909091,0.3254564,0.8211001178128892,0.5707841943569036,2
2021-02-26,9.490697674418604,3.6569767441860463,8.892395,6.401581,3.430769230769231,1028.554545454546,0.3254564,0.8307970168121247,0.5565755266413303,2
2021-02-27,7.111627906976746,1.052325581395349,7.190674,3.6911926,3.6538461538461537,1035.8484848484848,0.3254564,0.8402480696078469,0.5422021592729844,2
2021-02-28,6.254651162790699,-0.2406976744186046,5.0188293,2.308075,2.7769230769230764,1036.9969696969697,0.3254564,0.8494504794814806,0.527668345562516,2
2021-03-01,7.515116279069767,-0.7965116279069767,6.9663086,2.6391602,1.81025641025641,1036.0969696969698,0.4691744,0.8584015232918917,0.512978386299228,3
2021-03-02,11.619767441860468,-2.436046511627907,9.161682,-0.31817627,1.3076923076923077,1034.5848484848484,0.4691744,0.8670985522812081,0.4981366284784055,3
2021-03-03,14.13953488372093,-2.3232558139534887,12.377991,-1.1289978,2.31578947368421,1027.5939393939393,0.4691744,0.8755389928586302,0.4831474640149687,3
2021-03-04,6.693023255813954,1.4976744186046511,4.9506226,2.5570374,3.320512820512821,1018.490909090909,0.4691744,0.8837203473619977,0.4680153284438345,3
2021-03-05,6.025581395348838,-3.5279069767441857,5.173401,-1.6548462,2.878947368421053,1024.518181818182,0.4691744,0.8916401947968874,0.45274469960737107,3
2021-03-06,4.65,-4.289534883720931,3.300232,-3.1486511,3.4894736842105267,1030.8333333333333,0.4691744,0.8992961915530253,0.4373400963303323,3
2021-03-07,4.556976744186046,0.7453488372093025,4.0006104,0.6661682,4.800000000000001,1022.4818181818182,0.4691744,0.9066860720977985,0.4218060770826634,3
2021-03-08,6.106976744186047,-3.956976744186048,5.079956,-3.232666,2.1263157894736846,1021.8727272727274,0.4691744,0.9138076496466615,0.4061472386305789,3
2021-03-09,6.656976744186046,-4.53953488372093,5.1081543,-3.3793335,1.8444444444444448,1020.9030303030304,0.4691744,0.9206588168102428,0.3903682146763026,3
2021-03-10,8.095348837209302,-4.534883720930233,6.554535,-3.9992676,2.379487179487179,1019.3545454545456,0.4691744,0.9272375462179537,0.374473674486883,3
2021-03-11,11.906976744186046,2.047674418604652,11.121307,1.8293762,5.9051282051282055,1001.8757575757576,0.4691744,0.9335418911179212,0.35846832151248087,3
2021-03-12,10.156976744186048,4.075581395348837,9.678223,4.2525635,6.1000000000000005,1002.1393939393942,0.4691744,0.9395699859530622,0.342356891994542,3
2021-03-13,9.99418604651163,3.6930232558139537,8.340698,3.4742737,6.030769230769231,997.178787878788,0.4691744,0.945320046913132,0.3261441535642696,3
2021-03-14,8.206976744186045,2.997674418604652,7.838135,3.6620483,6.210256410256411,1000.8424242424244,0.4691744,0.9507903724625832,0.3098349038318025,3
2021-03-15,7.851162790697675,2.2848837209302326,6.4817505,1.2376099,4.225641025641026,1006.6090909090908,0.4691744,0.9559793438440766,0.2934339689665273,3
2021-03-16,7.270930232558141,0.0848837209302325,6.4933777,2.100891,4.215384615384615,1015.2424242424242,0.4691744,0.9608854255574977,0.27694620226893646,3
2021-03-17,6.662790697674419,-1.4988372093023257,5.7960815,0.63345337,2.423076923076924,1021.6636363636364,0.4691744,0.9655071658143364,0.2603764827344581,3
2021-03-18,6.359302325581396,-2.331395348837209,6.8122864,-2.2808838,2.107692307692308,1021.9515151515152,0.4691744,0.969843196967294,0.24372971360968387,3
2021-03-19,4.384883720930233,-3.2930232558139534,4.7109985,-3.3936462,3.643589743589744,1022.0363636363636,0.4691744,0.9738922359149924,0.22701082094141847,3
2021-03-20,3.6348837209302327,-3.6627906976744176,2.7849731,-3.7358704,3.579487179487179,1026.6727272727271,0.4691744,0.9776530844816641,0.2102247521189836,3
2021-03-21,9.236046511627906,0.880232558139535,8.207306,1.8363342,5.1512820512820525,1014.2515151515152,0.4691744,0.981124629771712,0.19337647441020586,3
2021-03-22,9.990697674418604,-0.7151162790697675,8.923523,-1.3683472,3.048717948717949,1019.1030303030304,0.4691744,0.984305844499033,0.17647097349152166,3
2021-03-23,7.358139534883722,3.723255813953489,7.329529,3.8717957,3.2051282051282053,1023.1575757575756,0.4691744,0.9871957872910085,0.15951325197263655,3
2021-03-24,12.626744186046512,2.4709302325581395,11.891449,3.173645,2.4641025641025647,1022.9878787878788,0.4691744,0.9897936029670716,0.14250832791617088,3
2021-03-25,15.24186046511628,0.4616279069767442,13.957245,1.8959656,1.8615384615384611,1019.739393939394,0.4691744,0.992098522791769,0.12546123335273648,3
2021-03-26,15.94418604651163,3.653488372093023,14.208893,3.197815,2.0307692307692307,1018.9969696969696,0.4691744,0.9941098647022418,0.10837701279187609,3
2021-03-27,11.338372093023256,2.0348837209302326,10.779755,5.6247864,4.876923076923078,1016.209090909091,0.4691744,0.9958270335100595,0.09126072172931188,3
2021-03-28,12.243023255813954,0.6616279069767442,11.61911,1.8500977,4.202564102564103,1026.6303030303031,0.4691744,0.9972495210773451,0.07411742515094437,3
2021-03-29,19.206976744186047,8.395348837209303,17.155731,7.5629883,4.16153846153846,1026.6878787878788,0.4691744,0.998376906467142,0.056952196034039754,3
2021-03-30,21.726744186046517,5.486046511627907,19.137543,7.434601,2.5051282051282047,1029.4575757575758,0.4691744,0.9992088560679753,0.03977011384605572,3
2021-03-31,23.49418604651163,3.746511627906977,21.139984,5.9069214,1.738461538461538,1023.6848484848488,0.4691744,0.9997451236925734,0.022576263041545485,3
2021-04-01,17.561627906976746,4.598837209302325,17.160767,7.8808594,3.3487179487179493,1017.178787878788,0.4691744,0.9999855506507186,0.005375731557583884,4
2021-04-02,11.382558139534884,1.308139534883721,11.303284,2.2345276,4.071794871794872,1020.0515151515152,0.4691744,0.9999300657962057,-0.011826390691832589,4
2021-04-03,9.738372093023257,-1.4593023255813953,7.6886597,3.060669,4.087179487179489,1021.1666666666666,0.4691744,0.9995786855478958,-0.029025013321975237,4
2021-04-04,10.56279069767442,-3.322093023255814,8.654358,0.03427124,3.6179487179487184,1020.7515151515152,0.4691744,0.9989315138848577,-0.046215046983708354,4
2021-04-05,6.718604651162791,-0.4686046511627907,5.7258606,2.5014038,6.358974358974359,1002.2848484848485,0.4691744,0.9979887423155984,-0.06339140486951038,4
2021-04-06,6.417441860465116,-1.686046511627907,6.28479,-0.3670044,5.253846153846154,1004.790909090909,0.4691744,0.9967506498213929,-0.08054900421874167,4
2021-04-07,6.311627906976745,0.1604651162790697,6.7039185,0.2237854,5.707692307692307,1008.4575757575756,0.4691744,0.9952176027737294,-0.09768276782171598,4
2021-04-08,7.430232558139535,1.208139534883721,7.6911316,1.4210205,5.635897435897437,1018.0060606060608,0.4691744,0.9933900548258936,-0.11478762552212701,4
2021-04-09,13.380232558139532,0.7697674418604652,12.304565,1.9243774,4.528205128205128,1015.1969696969696,0.4691744,0.9912685467787256,-0.13185851571739118,4
2021-04-10,9.424418604651162,3.166279069767442,8.920532,4.1879883,2.0538461538461545,1015.0121212121212,0.4691744,0.9888537064205885,-0.1488903868564548,4
2021-04-11,19.65232558139535,3.730232558139535,18.64685,6.235077,4.046153846153847,1010.7090909090912,0.4691744,0.986146248341595,-0.16587819893463143,4
2021-04-12,8.432558139534883,0.8279069767441861,7.605011,3.1968994,3.6794871794871793,1021.5030303030304,0.4691744,0.9831469737221499,-0.1828169249850199,4
2021-04-13,9.540697674418604,-0.8500000000000001,9.242584,1.5451355,3.530769230769231,1027.79696969697,0.4691744,0.9798567700958665,-0.1997015525660636,4
2021-04-14,8.803488372093023,-0.5639534883720931,8.320953,1.4446716,3.2,1027.590909090909,0.4691744,0.9762766110869321,-0.21652708524481437,4
2021-04-15,7.734883720930233,-0.5674418604651164,6.748932,0.25195312,4.153846153846154,1027.6727272727271,0.4691744,0.9724075561219968,-0.23328854407545518,4
2021-04-16,10.706976744186049,2.840697674418605,10.422058,2.7666626,4.179487179487181,1024.7757575757578,0.4691744,0.9682507501166718,-0.2499809690726521,4
2021-04-17,12.609302325581396,4.16046511627907,11.74231,3.7811584,2.9205128205128204,1021.9272727272728,0.4691744,0.9638074231367307,-0.26659942067929354,4
2021-04-18,11.53372093023256,3.753488372093023,12.754211,6.1747437,2.212820512820513,1020.7818181818184,0.4691744,0.9590788900341131,-0.28313898122818354,4
2021-04-19,15.561627906976746,3.1348837209302327,16.06424,4.472107,2.37948717948718,1020.1545454545454,0.4691744,0.9540665500578387,-0.2995947563972602,4
2021-04-20,17.703488372093023,3.298837209302326,15.782349,5.3410645,2.138461538461539,1016.0848484848484,0.4691744,0.9487718864399473,-0.31596187665790293,4
2021-04-21,17.25232558139535,2.498837209302326,15.344177,4.51593,3.710256410256411,1013.839393939394,0.4691744,0.9431964659565866,-0.33223549871590435,4
2021-04-22,11.431395348837212,3.255813953488372,10.504913,4.359741,5.597368421052631,1018.525,0.4691744,0.9373419384643772,-0.3484108069446808,4
2021-04-23,13.31046511627907,3.0569767441860467,11.469421,4.8516846,4.51025641025641,1024.125,0.4691744,0.9312100364121947,-0.3644830148102912,4
2021-04-24,12.001162790697672,0.8790697674418606,10.216309,3.9977112,3.025641025641025,1024.6878787878788,0.4691744,0.9248025743285089,-0.38044736628785164,4
2021-04-25,10.88720930232558,-1.1534883720930234,9.653931,4.298584,2.864102564102564,1023.9212121212122,0.4691744,0.9181214482844364,-0.39629913726891813,4
2021-04-26,10.23139534883721,-3.1313953488372093,8.619263,0.100097656,2.2025641025641027,1021.6545454545454,0.4691744,0.9111686353326631,-0.41203363695942635,4
2021-04-27,13.055813953488371,-2.883720930232558,11.389526,0.16375732,2.9153846153846152,1015.990909090909,0.4691744,0.9039461929224011,-0.42764620926777464,4
2021-04-28,17.81046511627907,1.3930232558139537,15.739868,3.7514343,3.1641025641025644,1009.078787878788,0.4691744,0.8964562582905575,-0.44313223418263453,4
2021-04-29,16.304651162790698,6.917441860465117,15.143005,8.182495,3.3205128205128207,1002.9030303030304,0.4691744,0.8887010478292915,-0.45848712914008766,4
2021-04-30,10.263953488372094,5.374418604651163,10.477814,7.579651,3.5128205128205128,1010.5727272727272,0.4691744,0.8806828564301475,-0.47370635037968,4
2021-05-01,13.215116279069768,4.640697674418606,12.117493,7.579651,1.9871794871794872,1013.9272727272728,0.4691744,0.8724040568049612,-0.48878539428899265,5
2021-05-02,10.88953488372093,5.016279069767442,11.228302,7.579651,2.853846153846154,1011.8696969696972,0.4691744,0.8638670987837349,-0.503719798736334,5
2021-05-03,11.826744186046511,3.090697674418604,11.602844,7.579651,4.287179487179487,1016.9666666666668,0.4691744,0.8550745085896932,-0.518505144391157,5
2021-05-04,14.796511627906977,4.47093023255814,13.65863,7.579651,5.94871794871795,1003.1727272727276,0.4691744,0.8460288880917339,-0.533137056031809,5
2021-05-05,12.820481927710844,5.084337349397591,11.905884,7.579651,7.146153846153847,999.0515151515152,0.4691744,0.8367329140344921,-0.5476112038402312,5
2021-05-06,12.195180722891568,2.909638554216868,11.3974,7.579651,4.674358974358976,1005.734375,0.4691744,0.8271893372462497,-0.5619233046832195,5
2021-05-07,10.144578313253012,1.9361445783132527,10.597046,7.579651,3.264102564102564,1008.88125,0.4691744,0.8174009818249189,-0.5760691233798758,5
2021-05-08,14.990361445783137,1.783132530120482,13.3081665,7.579651,3.1102564102564108,1017.196875,0.4691744,0.8073707443023492,-0.5900444739548627,5
2021-05-09,26.398795180722896,9.127710843373496,23.490356,7.579651,4.1692307692307695,1010.084375,0.4691744,0.7971015927871943,-0.6038452208771035,5
2021-05-10,29.09036144578313,12.537349397590363,26.712341,7.579651,3.643589743589744,1006.8125,0.4691744,0.7865965660866021,-0.6174672802835514,5
2021-05-11,26.322891566265064,12.706024096385544,25.890625,7.579651,3.2666666666666666,1005.76875,0.4691744,0.7758587728069828,-0.6309066211876704,5
2021-05-12,15.45421686746988,11.689156626506024,14.714172,7.579651,3.407692307692308,1007.225,0.4691744,0.7648913904341225,-0.6441592666722685,5
2021-05-13,12.60120481927711,10.413253012048193,12.391357,7.579651,3.607692307692308,1005.259375,0.4691744,0.753697664392914,-0.6572212950663319,5
2021-05-14,13.419277108433734,7.300000000000001,11.702759,7.579651,3.4846153846153847,1005.0875,0.4691744,0.742280907086982,-0.6700888411055113,5
2021-05-15,18.457831325301203,5.644578313253012,17.654663,7.579651,2.7487179487179487,1006.103125,0.4691744,0.7306444969184916,-0.6827580970759147,5
2021-05-16,17.828915662650605,7.654216867469881,16.818542,7.579651,2.8307692307692305,1002.559375,0.4691744,0.7187918772884232,-0.6952253139408722,5
2021-05-17,18.7609756097561,7.200000000000001,17.029114,7.579651,2.5666666666666678,1002.934375,0.4691744,0.7067265555776158,-0.7074868024503348,5
2021-05-18,16.123170731707315,7.408536585365853,15.756775,7.579651,3.026315789473684,1009.3806451612904,0.4691744,0.6944521021088763,-0.719538934232584,5
2021-05-19,16.86829268292683,6.413414634146343,15.36145,7.579651,2.736842105263158,1014.0354838709676,0.4691744,0.6819721490904629,-0.7313781428679254,5
2021-05-20,17.334146341463416,7.798780487804878,15.276611,7.579651,3.1105263157894742,1017.2290322580646,0.4691744,0.6692903895412567,-0.7430009249440493,5
2021-05-21,20.39878048780488,8.720731707317073,18.640778,7.579651,4.321052631578948,1007.1483870967744,0.4691744,0.6564105761979381,-0.7544038410927472,5
2021-05-22,16.9609756097561,8.317073170731707,16.28241,7.579651,4.676315789473684,1004.2870967741936,0.4691744,0.6433365204044917,-0.765583517007675,5
2021-05-23,16.889024390243904,7.257317073170733,16.20282,7.579651,3.776315789473685,1011.7645161290322,0.4691744,0.6300720909843687,-0.7765366444428655,5
2021-05-24,21.28795180722892,6.112048192771085,20.348755,7.579651,3.5868421052631576,1014.4290322580646,0.4691744,0.6166212130956382,-0.7872599821916922,5
2021-05-25,16.113253012048194,8.571084337349399,15.123657,7.579651,4.163157894736844,1011.046875,0.4691744,0.6029878670694714,-0.7977503570459932,5
2021-05-26,15.689156626506024,8.143373493975904,15.968079,7.579651,4.266666666666667,1011.05625,0.4691744,0.5891760872322963,-0.8080046647350754,5
2021-05-27,15.263855421686747,7.9,15.550537,7.579651,4.087179487179488,1012.2687500000002,0.4691744,0.5751899607119775,-0.8180198708443174,5
2021-05-28,16.466265060240968,7.380722891566266,15.69635,7.579651,3.015384615384616,1019.984375,0.4691744,0.5610336262283677,-0.8277930117131022,5
2021-05-29,17.13975903614458,6.068674698795181,16.631714,7.579651,3.687179487179488,1023.64375,0.4691744,0.5467112728685939,-0.8373211953118121,5
2021-05-30,19.700000000000003,5.887951807228916,17.746521,7.579651,2.9692307692307693,1026.315625,0.4691744,0.5322271388474397,-0.8466016020976267,5
2021-05-31,21.60240963855422,4.4867469879518085,19.424133,7.579651,1.9230769230769231,1023.784375,0.4691744,0.5175855102531889,-0.8556314858488706,5
2021-06-01,23.504819277108435,7.598795180722892,22.171265,12.718506,2.6153846153846154,1018.91875,0.5367288,0.5027907197793043,-0.8644081744776648,6
2021-06-02,24.83734939759036,10.44698795180723,23.060455,12.062988,3.0538461538461537,1019.41875,0.5367288,0.4878471454423119,-0.8729290708206411,6
2021-06-03,26.521686746987957,11.620481927710845,24.708069,15.063782,3.2128205128205134,1022.6562500000002,0.5367288,0.47275920928627757,-0.881191653407483,6
2021-06-04,25.1710843373494,14.119277108433735,23.230255,15.987213,2.5641025641025643,1021.50625,0.5367288,0.4575313760742512,-0.8891934772070711,6
2021-06-05,27.612048192771088,12.540963855421689,26.186218,15.591858,2.5025641025641026,1019.28125,0.5367288,0.44216815196707204,-0.8969321743510065,6
2021-06-06,26.9,13.281927710843377,25.68872,18.010254,2.3000000000000003,1019.4875000000002,0.5367288,0.42667408318992467,-0.9044054548343001,6
2021-06-07,26.53373493975904,12.177108433734942,25.23944,16.058105,2.371794871794872,1020.53125,0.5367288,0.4110537546870351,-0.9116111071930239,6
2021-06-08,26.51686746987952,12.626506024096388,25.2529,15.17218,2.507692307692308,1021.121875,0.5367288,0.3953117887649151,-0.9185469991587165,6
2021-06-09,26.85060240963856,12.042168674698797,25.528198,16.125397,1.7410256410256413,1021.0375,0.5367288,0.37945284372454435,-0.925211078289358,6
2021-06-10,27.134939759036143,13.421686746987952,26.11731,17.561523,2.197435897435897,1019.08125,0.5367288,0.36348161248290634,-0.9316013725767187,6
2021-06-11,27.48192771084337,14.628915662650606,26.009583,17.133118,2.097435897435897,1017.234375,0.5367288,0.3474028211842774,-0.9377159910299093,6
2021-06-12,22.344578313253013,12.76867469879518,20.950714,18.014648,4.018421052631578,1014.80625,0.5367288,0.3312212278016865,-0.9435531242349544,6
2021-06-13,19.907228915662653,9.68433734939759,19.100372,13.828796,4.253846153846154,1022.9875000000002,0.5367288,0.31494162072895193,-0.9491110448902284,6
2021-06-14,26.6566265060241,8.014457831325302,25.571228,11.976196,1.8974358974358971,1021.8562500000002,0.5367288,0.2985688173637202,-0.9543881083175908,6
2021-06-15,24.60963855421687,11.914457831325302,23.957397,16.602936,2.4,1018.5,0.5367288,0.2821076626819194,-0.9593827529490743,6
2021-06-16,28.13373493975904,10.86144578313253,27.31482,15.069977,2.38974358974359,1018.3,0.5367288,0.26556302780405594,-0.9640935007889755,6
2021-06-17,33.265060240963855,16.328915662650605,32.70685,19.976074,3.1666666666666665,1015.3375,0.5367288,0.24893980855376657,-0.9685189578512204,6
2021-06-18,34.209638554216866,17.633734939759037,33.398132,23.257965,3.197297297297298,1014.225,0.5367288,0.23224292400907015,-0.9726578145718654,6
2021-06-19,34.96265060240963,18.632530120481928,33.750427,23.408264,2.3432432432432435,1012.740625,0.5367288,0.21547731504673012,-0.976508846196619,6
2021-06-20,33.463855421686745,19.660240963855426,32.35553,22.83722,3.1081081081081083,1008.84375,0.5367288,0.19864794288017112,-0.9800709131432666,6
2021-06-21,30.30843373493976,18.47951807228916,30.852112,22.705475,3.17948717948718,1006.0375,0.5367288,0.18175978759137534,-0.9833429613388902,6
2021-06-22,21.30361445783133,13.45421686746988,21.106354,18.963043,3.002631578947369,1012.84375,0.5367288,0.16481784665719793,-0.9863240225317866,6
2021-06-23,21.197590361445783,12.034939759036146,22.322601,16.508698,1.941025641025641,1019.478125,0.5367288,0.14782713347053048,-0.9890132145779883,6
2021-06-24,20.59879518072289,13.112048192771084,20.391205,16.42456,1.7564102564102564,1018.65625,0.5367288,0.13079267585675922,-0.9914097417023038,6
2021-06-25,23.591566265060244,14.03012048192771,22.31543,14.476471,1.8384615384615384,1017.259375,0.5367288,0.11371951458594969,-0.9935128947338007,6
2021-06-26,25.91927710843373,12.65421686746988,24.268677,16.904541,1.7864864864864862,1018.68125,0.5367288,0.0966127018812031,-0.9953220513156602,6
2021-06-27,27.460240963855423,11.836144578313254,25.378326,15.366119,1.6594594594594594,1017.65,0.5367288,0.07947729992362097,-0.9968366760893436,6
2021-06-28,31.0421686746988,14.097590361445786,29.752716,17.806793,1.8666666666666667,1015.428125,0.5367288,0.062318379354325076,-0.998056320853012,6
2021-06-29,28.3277108433735,17.162650602409638,28.035492,20.720459,2.2025641025641027,1011.0281250000002,0.5367288,0.04514101777397193,-0.9989806246941579,6
2021-06-30,20.427710843373493,16.004819277108435,19.678345,17.542542,3.441025641025641,1007.325,0.5367288,0.02795029824021032,-0.999609314096404,6
2021-07-01,17.848192771084335,14.436144578313254,16.335632,14.994629,4.0769230769230775,1009.521875,0.5367288,0.01075130776352193,-0.9999422030204416,7
2021-07-02,23.87831325301205,14.3144578313253,22.356476,15.24585,3.3256410256410263,1014.3,0.5367288,-0.00645086419810515,-0.9999791929590823,7
2021-07-03,24.514457831325306,13.243373493975904,22.587952,15.582672,2.5153846153846158,1015.14375,0.5367288,-0.023651127245231586,-0.9997202729664083,7
2021-07-04,27.28795180722892,13.76024096385542,25.5372,15.783203,1.6820512820512823,1011.115625,0.5367288,-0.04084439154329611,-0.9991655196610109,7
2021-07-05,25.02530120481928,15.319277108433734,22.95575,17.42456,2.464102564102564,1009.321875,0.5367288,-0.05802556932878035,-0.9983150972033183,7
2021-07-06,29.583132530120487,15.040963855421689,28.422424,16.785217,3.0666666666666678,1009.9,0.5367288,-0.07518957641475855,-0.9971692572470178,7
2021-07-07,23.26265060240964,15.560240963855422,22.516357,18.443756,2.056410256410256,1016.903125,0.5367288,-0.09233133369539122,-0.9957283388645872,7
2021-07-08,21.91084337349398,14.289156626506024,21.630005,17.30542,2.035897435897436,1020.75,0.5367288,-0.10944576864891556,-0.993992768446958,7
2021-07-09,21.397590361445783,14.58674698795181,20.370056,17.906982,3.3282051282051284,1016.19375,0.5367288,-0.12652781683868314,-0.9919630595773397,7
2021-07-10,24.922891566265065,14.342168674698796,23.505157,15.1015625,3.4666666666666663,1016.25,0.5367288,-0.1435724234118113,-0.9896398128792412,7
2021-07-11,27.81566265060241,14.330120481927713,25.476593,17.015442,2.675675675675676,1016.4875,0.5367288,-0.16057454459499376,-0.9870237158387383,7
2021-07-12,26.865060240963857,16.113253012048194,24.87259,19.317871,2.1945945945945944,1013.35,0.5367288,-0.17752914918703497,-0.984115542601034,7
2021-07-13,29.543373493975903,15.4,28.130981,18.499573,2.5282051282051285,1009.296875,0.5367288,-0.19443122004766195,-0.9809161537413774,7
2021-07-14,25.613253012048197,16.687951807228917,24.028442,20.464172,2.651282051282052,1008.7625,0.5367288,-0.2112757555821793,-0.9774264960104055,7
2021-07-15,27.431325301204826,15.640963855421688,25.426208,18.444397,1.8864864864864868,1011.803125,0.5367288,-0.2280577712215198,-0.9736476020539838,7
2021-07-16,28.295180722891565,16.70240963855422,27.231537,18.575104,2.5000000000000004,1016.1,0.5367288,-0.24477230089725957,-0.9695805901076308,7
2021-07-17,27.96265060240964,17.936144578313254,26.578003,21.381592,3.3470588235294123,1018.271875,0.5367288,-0.2614143985111562,-0.965226663665613,7
2021-07-18,26.83373493975904,15.589156626506025,25.717194,18.820557,3.3588235294117648,1018.6125,0.5367288,-0.2779791393987801,-0.9605871111248129,7
2021-07-19,20.643373493975904,13.04578313253012,19.427856,16.177734,3.0647058823529414,1018.853125,0.5367288,-0.2944616217868012,-0.9556633054034704,7
2021-07-20,21.581927710843377,12.597590361445782,18.916962,14.778381,2.448648648648648,1018.896875,0.5367288,-0.3108569682435036,-0.9504567035349151,7
2021-07-21,22.038554216867475,12.312048192771083,21.499146,15.983643,2.1567567567567574,1021.69375,0.5367288,-0.3271603271220951,-0.9449688462364056,7
2021-07-22,23.613253012048197,14.409638554216867,21.535828,16.776672,1.864102564102564,1021.078125,0.5367288,-0.34336687399638804,-0.939201357453208,7
2021-07-23,25.260240963855427,13.027710843373496,23.107666,16.483704,1.6307692307692312,1017.196875,0.5367288,-0.3594718130884232,-0.9331559438780432,7
2021-07-24,29.895180722891567,13.397590361445785,27.269836,15.976868,2.671794871794872,1012.809375,0.5367288,-0.3754703786876202,-0.9268343944460494,7
2021-07-25,30.03975903614458,17.968674698795184,28.721832,20.770996,2.882051282051282,1009.815625,0.5367288,-0.3913578365610259,-0.9202385798054075,7
2021-07-26,29.78795180722892,17.481927710843372,27.996948,20.254395,2.1256410256410256,1010.30625,0.5367288,-0.4071294853542516,-0.9133704517637858,7
2021-07-27,27.70843373493976,17.004819277108435,25.526642,20.337158,2.956410256410256,1011.55,0.5367288,-0.4227806579826773,-0.9062320427107697,7
2021-07-28,25.06987951807229,16.136144578313257,24.406006,18.54898,2.830769230769231,1010.825,0.5367288,-0.4383067230125192,-0.898825465016444,7
2021-07-29,24.76506024096385,13.65301204819277,23.246399,18.91333,4.364102564102564,1009.921875,0.5367288,-0.45370308603134424,-0.8911529104063088,7
2021-07-30,26.22409638554217,12.06987951807229,24.205719,16.450195,3.4410256410256417,1008.821875,0.5367288,-0.46896519100763184,-0.8832166493127127,7
2021-07-31,24.38433734939759,14.620481927710845,22.740662,18.824402,4.651282051282052,1005.975,0.5367288,-0.48408852163897587,-0.8750190302029955,7
2021-08-01,22.44216867469879,13.031325301204818,21.698853,16.252014,2.592307692307692,1007.709375,0.5367288,-0.4990686026885319,-0.8665624788845385,8
2021-08-02,21.812048192771087,12.356626506024098,20.52243,15.704834,3.646153846153846,1010.56875,0.5367288,-0.5139010013093103,-0.8578494977869301,8
2021-08-03,22.637349397590363,10.997590361445782,21.489868,14.104736,1.87948717948718,1013.575,0.5367288,-0.5285813283559292,-0.8488826652214553,8
2021-08-04,23.083132530120483,13.259036144578314,21.216125,16.066833,1.8897435897435892,1013.496875,0.5367288,-0.5431052396834317,-0.8396646346181327,8
2021-08-05,23.613253012048197,12.64819277108434,22.924744,15.397858,2.2025641025641023,1010.5875,0.5367288,-0.5574684374327892,-0.8301981337405212,8
2021-08-06,25.2843373493976,13.560240963855422,24.289886,14.721741,2.0846153846153848,1006.05625,0.5367288,-0.5716666713027052,-0.8204859638785327,8
2021-08-07,24.82409638554217,13.609638554216868,23.945007,16.54776,2.830769230769231,1005.1625,0.5367288,-0.5856957398073508,-0.8105309990194823,8
2021-08-08,23.974698795180725,13.686746987951809,23.209229,17.073822,4.087179487179487,1008.403125,0.5367288,-0.5995514915196489,-0.8003361849976323,8
2021-08-09,24.020481927710843,11.54698795180723,22.480621,14.736481,2.9487179487179485,1017.03125,0.5367288,-0.6132298262997502,-0.7899045386224707,8
2021-08-10,23.644578313253017,12.102409638554215,22.48767,15.378082,2.4487179487179485,1016.75,0.5367288,-0.6267266965083301,-0.7792391467859886,8
2021-08-11,23.52530120481928,12.013253012048192,21.925842,15.326965,2.3846153846153846,1018.609375,0.5367288,-0.6400381082043503,-0.7683431655492202,8
2021-08-12,27.30963855421687,10.834939759036146,26.404755,14.2473755,1.661538461538462,1020.978125,0.5367288,-0.65316012232693,-0.7572198192083127,8
2021-08-13,29.86024096385542,14.97710843373494,28.800446,18.952301,2.374358974358975,1019.35,0.5367288,-0.666088855860977,-0.7458723993404063,8
2021-08-14,27.431325301204826,14.727710843373496,25.89569,18.17627,2.994871794871795,1018.9375,0.5367288,-0.6788204829862355,-0.734304263829602,8
2021-08-15,26.73975903614458,12.972289156626507,26.051147,17.82138,2.3076923076923075,1014.00625,0.5367288,-0.6913512362094071,-0.722518835873311,8
2021-08-16,24.401204819277112,12.360240963855423,23.309143,16.391846,4.3763157894736855,1007.2625,0.5367288,-0.7036774074790128,-0.7105196029692745,8
2021-08-17,18.510843373493977,12.218072289156629,18.958588,13.0729065,6.282051282051283,1010.453125,0.5367288,-0.7157953492826642,-0.6983101158835584,8
2021-08-18,20.27710843373494,12.567469879518072,19.54718,14.267731,4.884615384615384,1011.7375,0.5367288,-0.7277014757264236,-0.6858939875998223,8
2021-08-19,21.23614457831325,15.686746987951809,20.781677,16.518066,4.123076923076924,1011.30625,0.5367288,-0.7393922635959241,-0.673274892250183,8
2021-08-20,21.351807228915664,13.157831325301204,20.237213,16.759033,2.5230769230769234,1015.19375,0.5367288,-0.7508642533989489,-0.6604565640279754,8
2021-08-21,24.0855421686747,11.666265060240963,22.268005,15.235107,1.6487179487179486,1018.99375,0.5367288,-0.7621140503891487,-0.6474427960827475,8
2021-08-22,22.484337349397595,13.748192771084335,20.380798,16.758942,2.5615384615384618,1016.4875,0.5367288,-0.7731383255706026,-0.6342374393978054,8
2021-08-23,19.45903614457832,13.02289156626506,19.71817,14.514313,4.076923076923076,1019.590625,0.5367288,-0.7839338166829201,-0.620844401650647,8
2021-08-24,21.489156626506027,9.437349397590362,20.0766,13.728668,3.2333333333333334,1026.165625,0.5367288,-0.7944973291665992,-0.6072676460566135,8
2021-08-25,21.419277108433736,7.096385542168675,21.382538,11.585449,3.4921052631578946,1019.4125,0.5367288,-0.8048257371083452,-0.593511190196115,8
2021-08-26,18.02409638554217,12.2,16.833374,14.063049,3.6131578947368426,1008.509375,0.5367288,-0.8149159841660791,-0.5795791048257612,8
2021-08-27,17.50361445783133,11.630120481927714,16.304077,11.762146,2.505263157894737,1010.7548387096776,0.5367288,-0.8247650844733614,-0.5654755126737576,8
2021-08-28,19.54698795180723,11.690361445783134,19.003693,12.099426,2.005263157894737,1015.0806451612904,0.5367288,-0.8343701235229538,-0.5512045872199277,8
2021-08-29,18.84578313253012,13.451807228915662,17.678986,13.611725,2.094736842105263,1014.428125,0.5367288,-0.8437282590292712,-0.5367705514607103,8
2021-08-30,17.985542168674694,13.34578313253012,18.313446,14.396393,3.2552631578947366,1015.078125,0.5367288,-0.8528367217694595,-0.522177676659508,8
2021-08-31,20.20843373493976,11.26987951807229,19.699219,14.65332,4.03421052631579,1018.99375,0.5367288,-0.8616928164028522,-0.5074302810827518,8
2021-09-01,21.43975903614458,10.742168674698798,20.709656,12.641663,2.826315789473685,1024.215625,0.55358565,-0.8702939222685674,-0.49253272872205434,9
2021-09-02,21.24578313253012,10.366265060240965,20.711853,14.663147,2.2105263157894743,1026.13125,0.55358565,-0.8786374941610001,-0.4774894280028391,9
2021-09-03,23.480722891566263,9.25301204819277,22.033081,11.558319,2.571052631578948,1020.571875,0.55358565,-0.886721063082993,-0.46230483047981086,9
2021-09-04,19.41084337349397,9.531325301204822,19.585968,13.670105,2.0205128205128204,1018.771875,0.55358565,-0.8945422369764496,-0.4469834295196741,9
2021-09-05,21.868674698795186,8.62289156626506,21.440277,13.231323,2.407692307692308,1022.9,0.55358565,-0.9020987014301837,-0.43152975897147144,9
2021-09-06,23.163855421686748,9.166265060240963,21.38565,13.135284,1.864102564102564,1023.8375,0.55358565,-0.9093882203647925,-0.4159483918249421,9
2021-09-07,22.714457831325305,11.08433734939759,21.148651,13.719269,1.605128205128205,1023.709375,0.55358565,-0.9164086366943458,-0.4002439388573056,9
2021-09-08,25.23012048192772,9.250602409638551,23.789062,13.312775,1.7384615384615385,1020.9343750000002,0.55358565,-0.9231578729647039,-0.38442104726885545,9
2021-09-09,27.15180722891566,10.573493975903617,24.857727,14.189148,2.2743589743589743,1014.0,0.55358565,-0.9296339319682695,-0.3684843993077793,9
2021-09-10,27.49397590361446,14.386746987951806,25.02002,17.28363,2.025641025641026,1013.025,0.55358565,-0.9358348973349941,-0.35243871088460327,9
2021-09-11,23.9144578313253,15.196385542168674,23.216217,17.551392,2.1769230769230767,1015.021875,0.55358565,-0.9417589340994617,-0.33628873017668287,9
2021-09-12,22.41084337349397,13.956626506024095,20.79535,16.249146,2.423076923076924,1016.0437500000002,0.55358565,-0.9474042892438845,-0.32003923622313857,9
2021-09-13,20.134939759036147,10.675903614457832,19.447205,14.507385,2.2230769230769227,1017.834375,0.55358565,-0.9527692922168511,-0.30369503751065885,9
2021-09-14,22.528915662650604,9.396385542168677,21.843811,13.032562,1.835897435897436,1018.390625,0.55358565,-0.9578523554276669,-0.28726097055059635,9
2021-09-15,23.68192771084337,13.16867469879518,21.980377,15.08136,2.6974358974358976,1012.96875,0.55358565,-0.9626519747161487,-0.2707418984477642,9
2021-09-16,19.562650602409644,15.121686746987953,18.091553,17.16748,3.5615384615384618,1012.040625,0.55358565,-0.9671667297977312,-0.2541427094613622,9
2021-09-17,16.89156626506024,12.59397590361446,16.009644,14.707397,3.748717948717948,1012.928125,0.55358565,-0.97139528468375,-0.23746831555846842,9
2021-09-18,16.808433734939758,11.865060240963858,17.356262,13.40683,3.092307692307692,1015.6875,0.55358565,-0.9753363880767837,-0.2207236509605022,9
2021-09-19,15.095180722891568,10.606024096385545,15.357208,11.636139,2.1102564102564103,1018.515625,0.55358565,-0.9789888737409319,-0.20391367068311472,9
2021-09-20,15.514457831325302,9.874698795180723,15.177429,9.625183,1.7,1021.409375,0.55358565,-0.9823516608469237,-0.18704334906991657,9
2021-09-21,15.63855421686747,9.657831325301204,14.991882,10.395386,2.6794871794871797,1026.3406250000005,0.55358565,-0.9854237542919524,-0.17011767832049052,9
2021-09-22,17.849397590361445,9.62409638554217,15.949707,11.629211,2.8999999999999995,1025.271875,0.55358565,-0.9882042449941422,-0.15314166701312007,9
2021-09-23,19.500000000000004,9.072289156626503,18.68393,11.950439,5.42051282051282,1014.5875,0.55358565,-0.9906923101615609,-0.13612033862266704,9
2021-09-24,17.740963855421686,11.43132530120482,16.836853,12.253326,4.987179487179487,1012.409375,0.55358565,-0.9928872135356962,-0.11905873003404988,9
2021-09-25,20.626506024096383,13.318072289156628,19.564484,15.516052,3.0051282051282047,1015.109375,0.55358565,-0.994788305609327,-0.10196189005174576,9
2021-09-26,24.81566265060241,12.259036144578314,23.294128,12.861572,2.394871794871795,1017.765625,0.55358565,-0.9963950238187231,-0.08483487790576538,9
2021-09-27,20.82650602409639,14.513253012048192,21.413391,15.536377,2.271794871794872,1017.075,0.55358565,-0.9977068927101168,-0.06768276175455162,9
2021-09-28,18.073493975903613,10.87710843373494,17.409027,14.569275,2.148717948717949,1021.265625,0.55358565,-0.9987235240803972,-0.050510617185222886,9
2021-09-29,17.265060240963855,9.313253012048191,15.7127075,12.1961975,2.8205128205128207,1018.375,0.55358565,-0.9994446170919858,-0.033323525711631344,9
2021-09-30,16.0566265060241,7.054216867469879,14.962067,9.317322,4.1512820512820525,1023.390625,0.55358565,-0.9998699583618592,-0.016126573270657762,9
2021-10-01,18.58433734939759,6.081927710843375,17.319275,8.80127,3.3923076923076927,1021.85,0.55358565,-0.9999994220246925,0.001075151282798226,10
2021-10-02,19.990361445783133,7.925301204819276,19.578491,9.738892,2.953846153846154,1013.653125,0.55358565,-0.999832969770105,0.018276557681691223,10
2021-10-03,22.627710843373496,13.940963855421687,21.046326,14.630005,4.438461538461538,1007.721875,0.55358565,-0.9993706508539969,0.03547255575312556,10
2021-10-04,16.987951807228917,11.644578313253016,16.639313,13.543762,2.005128205128205,1016.6625,0.55358565,-0.9986126020839734,0.052658056924614005,10
2021-10-05,15.051807228915663,10.857831325301206,15.833374,12.210968,2.433333333333333,1011.6531250000002,0.55358565,-0.9975590477788613,0.06982797572987089,10
2021-10-06,16.53614457831325,6.825301204819277,15.883057,11.7161255,2.5589743589743588,1015.49375,0.55358565,-0.9962102997023297,0.0869772313136861,10
2021-10-07,18.053012048192773,3.950602409638554,16.75061,7.0026245,1.3692307692307693,1027.725,0.55358565,-0.9945667569706337,0.1041007489354256,10
2021-10-08,16.45421686746988,5.067469879518073,15.428925,11.160065,2.2948717948717947,1032.340625,0.55358565,-0.9926289059345095,0.121193461470736,10
2021-10-09,15.156626506024097,1.955421686746988,13.407715,5.5513916,2.651351351351352,1033.521875,0.55358565,-0.9903973200352558,0.1382503109109819,10
2021-10-10,14.498795180722892,-0.0313253012048192,12.800446,3.2138062,2.037837837837838,1029.459375,0.55358565,-0.9878726596350429,0.15526624985999563,10
2021-10-11,14.03734939759036,1.4867469879518074,13.661438,4.4091187,2.946153846153847,1021.803125,0.55358565,-0.9850556718215013,0.172236243027682,10
2021-10-12,12.49277108433735,3.802409638554217,11.404785,7.766266,3.6921052631578943,1015.6,0.55358565,-0.981947190186646,0.18915526872004093,10
2021-10-13,12.521686746987951,2.593975903614458,11.532196,6.02417,2.9157894736842103,1020.328125,0.55358565,-0.9785481345802031,0.20601832032517084,10
2021-10-14,12.89156626506024,7.681927710843373,12.094849,7.915283,3.594736842105263,1020.1375,0.55358565,-0.9748595108374125,0.22282040779479959,10
2021-10-15,13.786746987951808,5.821686746987952,13.029419,9.075378,4.31025641025641,1014.028125,0.55358565,-0.9708824104813836,0.23955655912092708,10
2021-10-16,12.24819277108434,4.380722891566266,11.991821,5.8690796,2.533333333333334,1020.53125,0.55358565,-0.9666180104000972,0.2562218218071163,10
2021-10-17,12.51686746987952,5.862650602409639,11.741119,7.2711487,2.7564102564102564,1020.184375,0.55358565,-0.9620675724981452,0.27281126433401914,10
2021-10-18,15.675903614457832,7.753012048192771,13.788849,9.05249,2.3743589743589744,1023.321875,0.55358565,-0.957232443323312,0.28931997761869527,10
2021-10-19,16.367469879518072,7.595180722891567,15.7404175,8.185883,3.276923076923077,1019.421875,0.55358565,-0.9521140536681102,0.3057430764672831,10
2021-10-20,19.257831325301208,12.46265060240964,16.660767,12.164429,5.102564102564103,1007.34375,0.55358565,-0.9467139181463862,0.3220757010206104,10
2021-10-21,17.066265060240966,6.460240963855422,16.629883,8.987366,7.638461538461536,995.9125,0.55358565,-0.9410336347451197,0.3383130181923076,10
2021-10-22,10.31686746987952,5.2,9.643799,7.1173706,6.666666666666667,1008.7125,0.55358565,-0.9350748843515574,0.3544502230989869,10
2021-10-23,11.36265060240964,3.1626506024096384,10.753113,5.9236145,4.235897435897437,1022.91875,0.55358565,-0.9288394302558068,0.3704825404820963,10
2021-10-24,12.679518072289158,1.324096385542169,11.762421,5.4911804,2.5589743589743583,1028.878125,0.55358565,-0.9223291176290545,0.3864052261209853,10
2021-10-25,11.95421686746988,0.7891566265060243,11.583069,3.1854553,2.648717948717949,1021.003125,0.55358565,-0.9155458729775467,0.40221356823680365,10
2021-10-26,14.118072289156624,4.966265060240964,12.972229,5.0488586,2.897368421052632,1019.428125,0.55358565,-0.9084917035725082,0.41790288888678667,10
2021-10-27,14.25301204819277,8.750602409638557,14.455261,9.43515,3.686842105263159,1022.4225806451614,0.55358565,-0.9011686968561569,0.4334685453485363,10
2021-10-28,16.742168674698796,5.236144578313254,14.982056,7.455139,2.7108108108108104,1021.1612903225806,0.55358565,-0.8935790198239952,0.4489059314938798,10
2021-10-29,15.224096385542168,3.187951807228916,13.3958435,5.2744446,2.721052631578948,1014.346875,0.55358565,-0.8857249183835637,0.4642104791518923,10
2021-10-30,15.018072289156626,4.122891566265061,13.447571,5.5941772,3.0179487179487183,1009.740625,0.55358565,-0.8776087166898392,0.4793776594606945,10
2021-10-31,17.599999999999998,8.583132530120483,16.113037,9.226013,3.4289473684210527,1008.653125,0.55358565,-0.8692328164574792,0.49440298420761813,10
2021-11-01,12.673493975903616,7.167469879518072,12.554504,9.358215,2.8,1002.35,0.55358565,-0.8605996962501181,0.5092820071573356,11
2021-11-02,11.574698795180725,4.685542168674699,10.984802,7.8513184,1.751282051282052,1001.3718750000002,0.55358565,-0.8517119107469189,0.5240103253675756,11
2021-11-03,10.987951807228916,2.573493975903615,9.364471,3.826355,1.9230769230769236,1003.390625,0.55358565,-0.8425720899866032,0.5385835804920232,11
2021-11-04,8.50120481927711,5.544578313253012,8.360657,5.981079,4.557894736842105,999.5625,0.55358565,-0.8331829385891785,0.5529974600700271,11
2021-11-05,9.5710843373494,6.212048192771085,9.883667,7.1943054,4.702631578947369,1014.7,0.55358565,-0.8235472349556007,0.5672476988027229,11
2021-11-06,10.826506024096387,6.518072289156627,10.314819,7.04953,4.750000000000002,1024.1580645161291,0.55358565,-0.8136678304455991,0.5813300798152042,11
2021-11-07,10.186746987951809,6.54578313253012,9.457001,7.947998,5.655263157894737,1012.3290322580646,0.55358565,-0.8035476485339116,0.5952404359043674,11
2021-11-08,10.34578313253012,6.636144578313252,9.6831665,7.697998,3.9421052631578943,1017.7806451612904,0.55358565,-0.7931896839451843,0.6089746507720486,11
2021-11-09,11.549397590361448,3.0060240963855422,10.63385,6.741913,2.2615384615384624,1027.7,0.55358565,-0.7825970017677834,0.6225286602431057,11
2021-11-10,9.439759036144578,0.1156626506024096,8.6501465,2.0575562,1.925641025641026,1025.9625,0.55358565,-0.7717727365467836,0.6358984534680745,11
2021-11-11,8.957831325301205,-0.4096385542168674,8.443298,0.023376465,1.9948717948717951,1023.809375,0.55358565,-0.7607200913564104,0.6490800741100398,11
2021-11-12,7.9156626506024095,2.759036144578314,8.454163,5.0386353,2.525641025641025,1021.196875,0.55358565,-0.7494423368521954,0.6620696215153815,11
2021-11-13,8.766265060240965,2.2,8.51297,3.5100098,2.261538461538461,1015.175,0.55358565,-0.7379428103031386,0.6748632518680403,11
2021-11-14,7.514457831325302,4.130120481927711,7.254364,4.2927856,2.0410256410256404,1023.55,0.55358565,-0.7262249146041543,0.6874571793269664,11
2021-11-15,6.03855421686747,4.63855421686747,6.5983887,5.6644897,2.7333333333333334,1029.29375,0.55358565,-0.7142921172691032,0.699847677146407,11
2021-11-16,6.744578313253012,4.266265060240964,8.418945,3.4903564,2.1666666666666674,1024.4093750000002,0.55358565,-0.7021479494046978,0.7120310787787131,11
2021-11-17,7.23012048192771,4.045783132530121,7.2583313,4.731262,3.4384615384615382,1019.184375,0.55358565,-0.6897960046655887,0.7240037789593305,11
2021-11-18,10.092771084337352,5.021686746987952,9.788666,5.7724,5.17948717948718,1022.803125,0.55358565,-0.6772399381909491,0.7357622347736527,11
2021-11-19,12.337349397590364,9.133734939759035,11.6970215,8.982269,6.1342105263157904,1022.175,0.55358565,-0.6644834655228552,0.7473029667054296,11
2021-11-20,11.57831325301205,8.842168674698796,11.483124,9.276123,4.965789473684209,1020.7903225806452,0.55358565,-0.6515303615068021,0.75862255966641,11
2021-11-21,9.24698795180723,4.028915662650602,9.064758,6.3435974,3.4157894736842107,1010.0709677419356,0.55358565,-0.6383844591746642,0.7697176640069211,11
2021-11-22,6.360240963855421,-1.0686746987951807,5.048767,1.9649048,2.8891891891891897,1021.425,0.55358565,-0.6250496486104377,0.7805849965070866,11
2021-11-23,6.957831325301205,-0.2578313253012048,8.134338,0.50942993,3.5948717948717945,1025.9031250000005,0.55358565,-0.6115298757991053,0.7912213413483807,11
2021-11-24,7.655421686746989,5.089156626506025,8.074585,6.093811,2.5820512820512818,1022.69375,0.55358565,-0.5978291414589552,0.801623551065242,11
2021-11-25,5.534939759036145,2.3566265060240967,5.512146,2.819397,3.082051282051282,1010.234375,0.55358565,-0.5839514998576998,0.8117885474764613,11
2021-11-26,5.515662650602411,1.297590361445783,4.558655,3.0268555,3.217948717948718,999.54375,0.55358565,-0.5699010576127624,0.8217133225960589,11
2021-11-27,3.9168674698795183,-0.2373493975903614,2.8306274,-0.3060608,2.7692307692307687,992.4,0.55358565,-0.5556819724760489,0.8313949395234058,11
2021-11-28,3.389156626506024,-1.5795180722891569,3.323761,-1.1138611,1.971794871794872,996.325,0.55358565,-0.5412984521036173,0.8408305333122887,11
2021-11-29,3.1686746987951806,-0.3012048192771084,2.2444763,0.04425049,2.8205128205128207,1001.803125,0.55358565,-0.5267547528105542,0.8500173118187018,11
2021-11-30,6.142168674698796,0.6493975903614458,5.545105,1.070221,6.302564102564103,999.778125,0.55358565,-0.5120551783114646,0.8589525565270845,11
2021-12-01,8.772289156626506,1.3373493975903614,8.201965,2.0951233,5.756410256410256,994.0625,0.35591367,-0.4972040784469378,0.8676336233547726,12
2021-12-02,5.565060240963857,-2.174698795180723,5.734009,0.23602295,6.48974358974359,994.40625,0.35591367,-0.4822058478963526,0.8760579434344281,12
2021-12-03,2.8361445783132533,-2.514457831325301,2.1400452,-1.6697388,5.133333333333333,1007.0,0.35591367,-0.46706492487743034,0.8842230238742036,12
2021-12-04,2.612048192771085,0.3518072289156627,2.7991638,0.87164307,3.305128205128206,1000.740625,0.35591367,-0.451785789832884,0.8921264484954345,12
2021-12-05,2.513253012048193,0.0590361445783132,1.3167114,0.07098389,2.264102564102564,1003.603125,0.35591367,-0.4363729641045924,0.8997658785476209,12
2021-12-06,1.5481927710843373,-1.563855421686747,0.7813721,-1.1345215,1.948717948717949,1014.65625,0.35591367,-0.42083100859565564,0.9071390534005044,12
2021-12-07,0.7734939759036145,-1.8783132530120483,1.0489197,-1.6693115,3.615384615384616,1012.3375,0.35591367,-0.4051645224207563,0.9142437912130223,12
2021-12-08,0.9927710843373496,-1.374698795180723,0.79467773,-0.73513794,4.917948717948718,1006.284375,0.35591367,-0.3893781415452015,0.9210779895789526,12
2021-12-09,-0.3807228915662651,-1.6421686746987951,-0.4050293,-1.4867554,2.315384615384616,1006.115625,0.35591367,-0.37347653741307074,0.9276396261490467,12
2021-12-10,1.2240963855421687,-2.4819277108433737,0.5582886,-1.756897,1.694871794871795,1000.73125,0.35591367,-0.3574644155648614,0.9339267592294762,12
2021-12-11,0.1734939759036144,-3.0746987951807228,0.8205261,-1.7819214,2.102564102564103,1011.928125,0.35591367,-0.34134651424503615,0.9399375283564133,12
2021-12-12,4.300000000000001,-2.165060240963856,2.82016,-1.3189087,2.966666666666667,1022.715625,0.35591367,-0.3251276029999093,0.9456701548465688,12
2021-12-13,8.537349397590361,4.032530120481928,6.8251953,2.965271,2.148717948717949,1025.290625,0.35591367,-0.30881248126625377,0.9511229423235357,12
2021-12-14,7.710843373493976,6.13855421686747,6.794861,5.0469055,2.7692307692307696,1025.834375,0.35591367,-0.29240597695107734,0.9562942772197719,12
2021-12-15,9.234939759036145,6.789156626506024,8.619812,6.706726,3.3846153846153846,1028.525,0.35591367,-0.27591294500296043,0.9611826292540837,12
2021-12-16,9.003614457831326,3.848192771084337,9.007904,5.456848,3.8410256410256407,1032.709375,0.35591367,-0.2593382659754056,0.9657865518844574,12
2021-12-17,6.093975903614458,3.456626506024096,5.1059875,2.6877747,3.543589743589744,1036.859375,0.35591367,-0.2426868445825954,0.9701046827361175,12
2021-12-18,7.445783132530122,4.525301204819278,6.548126,4.4637146,3.707692307692307,1034.5500000000002,0.35591367,-0.22596360824801906,0.974135744004672,12
2021-12-19,7.267469879518073,1.410843373493976,6.5585938,5.3552856,5.635897435897436,1022.3806451612904,0.35591367,-0.20917350564635637,0.9778785428342386,12
2021-12-20,3.415662650602409,-1.4180722891566266,3.3587036,-0.14144897,3.079487179487179,1024.246875,0.35591367,-0.19232150523909483,0.9813319716704275,12
2021-12-21,1.016867469879518,-1.8373493975903612,1.4005432,-1.930542,1.6051282051282054,1026.659375,0.35591367,-0.17541259380427843,0.9844950085880858,12
2021-12-22,0.6542168674698795,-4.128915662650603,-0.1020813,-2.3710327,2.2307692307692304,1027.1843750000005,0.35591367,-0.15845177496083632,0.9873667175937016,12
2021-12-23,1.7855421686746986,-4.253012048192771,0.75946045,-2.8928528,2.9692307692307702,1013.36875,0.35591367,-0.14144406768794202,0.9899462489023779,12
2021-12-24,5.865060240963856,-4.750602409638554,4.3342285,0.39697266,4.105128205128205,999.6625,0.35591367,-0.12439450483979998,0.9922328391893008,12
2021-12-25,-1.9939759036144584,-10.812048192771083,-3.282837,-6.416504,1.7384615384615387,1012.75,0.35591367,-0.10730813165636247,0.9942258118156161,12
2021-12-26,-3.093975903614458,-12.484337349397592,-4.195862,-9.395325,2.130769230769231,1014.928125,0.35591367,-0.09019000427034513,0.9959245770286599,12
2021-12-27,-0.7289156626506024,-8.20722891566265,-0.19241333,-6.550537,3.856410256410257,1009.05625,0.35591367,-0.07304518821104743,0.9973286321364752,12
2021-12-28,2.7590361445783134,-3.5445783132530124,2.628479,-2.413391,3.9743589743589736,1001.00625,0.35591367,-0.05587875690537313,0.9984375616565666,12
2021-12-29,5.379518072289157,1.4566265060240964,3.9326172,2.557434,2.0846153846153848,1003.209375,0.35591367,-0.03869579017652689,0.9992510374388481,12
2021-12-30,12.489156626506023,4.1012048192771084,11.551697,3.5780334,3.962162162162161,1010.865625,0.35591367,-0.021501372740813793,0.999768818762748,12
2021-12-31,13.991566265060245,11.301204819277109,12.128418,10.477539,5.740540540540541,1013.94375,0.35591367,-0.004300592702981974,0.9999907524084426,12
2022-01-01,12.624096385542169,9.012048192771084,11.230133,9.953796,4.256756756756758,1020.884375,0.35591367,0.017201575418260506,0.9998520419557735,1
2022-01-02,11.973493975903615,7.403614457831325,10.789917,7.2392273,4.710810810810812,1013.371875,0.35591367,0.03439806061360801,0.9994082116062598,1
2022-01-03,10.51686746987952,6.006024096385543,8.973633,7.3042297,5.284615384615385,1006.534375,0.35591367,0.051584366869408364,0.9986686402879997,1
2022-01-04,7.37710843373494,3.672289156626506,7.1714783,5.944641,3.184615384615385,996.925,0.35591367,0.06875540848113941,0.9976335468520451,1
2022-01-05,4.87710843373494,1.57710843373494,3.8974,1.7991943,5.171794871794872,997.403125,0.35591367,0.08590610426133272,0.9963032375991965,1
2022-01-06,3.601204819277109,-2.2048192771084336,2.4827576,-1.8013916,4.058974358974359,1012.65,0.35591367,0.10303137904317879,0.9946781061893646,1
2022-01-07,2.403614457831325,-2.287951807228916,2.3823242,-1.5927429,3.879487179487179,1014.471875,0.35591367,0.1201261651823505,0.9927586335250793,1
2022-01-08,2.740963855421686,-0.5771084337349398,3.0422058,-0.42285156,3.28974358974359,1009.0156250000002,0.35591367,0.13718540405660057,0.9905453876091833,1
2022-01-09,3.355421686746988,-0.83855421686747,3.135254,-1.2024536,3.9615384615384617,998.915625,0.35591367,0.1542040475626894,0.988039023376751,1
2022-01-10,3.8578313253012055,-1.186746987951807,3.5291748,0.44692993,2.084615384615385,1018.203125,0.35591367,0.17117705961019986,0.985240282501282,1
2022-01-11,0.4771084337349398,-3.797590361445784,-0.981781,-2.379486,2.3000000000000003,1034.94375,0.35591367,0.18809941761179758,0.9821499931752291,1
2022-01-12,3.579518072289157,-2.732530120481928,1.8097229,-1.6982117,2.815384615384616,1036.31875,0.35591367,0.20496611396949532,0.9787690698649216,1
2022-01-13,5.444578313253013,2.467469879518073,4.8309937,2.15979,5.01081081081081,1034.396875,0.35591367,0.22177215755648186,0.975098513039961,1
2022-01-14,6.514457831325302,1.0228915662650604,6.593628,3.3070374,5.256410256410257,1029.484375,0.35591367,0.23851257519407648,0.9711394088771653,1
2022-01-15,3.363855421686747,-1.4481927710843372,3.4910278,-0.3031006,2.160526315789474,1029.384375,0.35591367,0.2551824131233728,0.9668929289391521,1
2022-01-16,5.160240963855422,-1.689156626506024,4.59964,-0.21511841,4.064102564102564,1020.85625,0.35591367,0.2717767384711357,0.9623603298276545,1
2022-01-17,6.486746987951807,-0.308433734939759,5.741028,1.4327698,6.6974358974358985,1020.978125,0.35591367,0.2882906407095177,0.9575429528116719,1
2022-01-18,5.083132530120483,-1.4240963855421689,4.3533936,-0.96884155,2.7794871794871794,1034.3000000000002,0.35591367,0.3047192331091634,0.9524422234305676,1
2022-01-19,5.1012048192771084,1.3397590361445786,4.1352234,1.9246216,4.638461538461539,1024.08125,0.35591367,0.321057654185271,0.9470596510722283,1
2022-01-20,3.806024096385542,-1.9807228915662656,3.8394775,-0.29144287,6.769230769230769,1014.378125,0.35591367,0.3373010691361842,0.9413968285264122,1
2022-01-21,3.1783132530120484,-3.2313253012048198,2.222046,-2.3534546,5.225641025641025,1023.8625,0.35591367,0.3534446712740877,0.9354554315134164,1
2022-01-22,4.251807228915663,1.019277108433735,3.4199219,0.31521606,2.7307692307692317,1026.415625,0.35591367,0.3694836834473831,0.9292372181882051,1
2022-01-23,6.1000000000000005,2.8289156626506027,6.046051,2.7566223,2.4692307692307693,1031.9718750000002,0.35591367,0.38541335945432564,0.9227440286201427,1
2022-01-24,6.067469879518073,3.743373493975904,6.1331177,4.458252,2.0205128205128204,1034.24375,0.35591367,0.4012289854475009,0.9159777842484877,1
2022-01-25,4.661445783132531,2.651807228915663,4.4742737,2.6108398,3.2846153846153845,1031.73125,0.35591367,0.4169258813287287,0.908940487313808,1
2022-01-26,3.608433734939759,1.563855421686747,3.6843872,2.1826172,4.702564102564103,1027.7156250000005,0.35591367,0.4324994021339788,0.901634220265486,1
2022-01-27,6.163855421686748,2.5084337349397594,5.686157,2.9172363,7.105128205128207,1016.78125,0.35591367,0.44794493940789115,0.8940611451454876,1
2022-01-28,6.420481927710845,1.9638554216867476,5.9213867,2.5784302,6.435135135135137,1021.64375,0.35591367,0.4632579225674917,0.88622350294858,1
2022-01-29,9.13132530120482,2.107228915662651,8.6059265,2.1403198,7.078378378378379,1016.725,0.35591367,0.4784338202547012,0.8781236129591848,1
2022-01-30,6.910843373493976,3.3481927710843378,6.7838745,4.3551025,9.830769230769231,1012.346875,0.35591367,0.49346814167723735,0.8697638720650646,1
2022-01-31,4.010843373493977,-0.2506024096385543,3.2102356,0.954834,2.662162162162162,1008.184375,0.35591367,0.5083564379375122,0.8611467540480452,1
2022-02-01,6.13132530120482,0.5289156626506025,5.341614,0.04736328,5.78918918918919,1006.915625,0.35591367,0.5230943033491326,0.8522748088519838,2
2022-02-02,6.4867469879518085,0.6674698795180724,5.9362793,3.0595093,6.817948717948718,1006.715625,0.35591367,0.5376773767406141,0.8431506618282,2
2022-02-03,6.920481927710845,0.2120481927710843,6.479767,1.0530396,3.338461538461538,1016.3,0.35591367,0.5521013427459208,0.8337770129585915,2
2022-02-04,8.083132530120483,3.1855421686746994,7.357544,5.101166,5.015384615384615,1008.2968750000002,0.35591367,0.5663619330814524,0.8241566360566663,2
2022-02-05,6.321686746987952,2.0542168674698797,5.708496,2.6913147,6.510256410256411,1012.61875,0.35591367,0.580454927809098,0.8142923779467267,2
2022-02-06,7.819277108433735,2.9506024096385546,7.1943665,3.7546387,7.476923076923076,1001.44375,0.35591367,0.5943761565849831,0.804187157621448,2
2022-02-07,6.6000000000000005,1.7349397590361446,6.2868958,1.9920654,6.930769230769231,1007.490625,0.35591367,0.6081214998935418,0.7938439653781019,2
2022-02-08,8.893975903614459,2.085542168674699,8.451202,2.666687,5.728205128205128,1021.603125,0.35591367,0.6216868902665479,0.7832658619336791,2
2022-02-09,9.763855421686747,7.380722891566267,9.314728,7.5411987,5.151282051282052,1022.578125,0.35591367,0.6350683134867438,0.7724559775191742,2
2022-02-10,9.859036144578315,3.4144578313253016,9.767151,5.7479553,3.3615384615384616,1018.603125,0.35591367,0.6482618097757122,0.7614175109532997,2
2022-02-11,5.537349397590361,-0.8132530120481929,5.7423706,2.6279297,3.541025641025641,1021.378125,0.35591367,0.6612634749656386,0.7501537286959042,2
2022-02-12,5.06987951807229,-3.459036144578313,3.7514038,-1.2089844,3.138461538461538,1031.46875,0.35591367,0.6740694616546161,0.7386679638813748,2
2022-02-13,7.928915662650604,-1.4807228915662651,7.221649,-0.72317505,4.235897435897437,1017.95625,0.35591367,0.6866759803451553,0.726963615332308,2
2022-02-14,12.553012048192771,2.726506024096386,11.706268,2.9435425,4.841025641025642,1006.69375,0.35591367,0.6990793005655562,0.7150441465537444,2
2022-02-15,9.927710843373497,4.371084337349398,9.212463,4.666168,3.9179487179487182,1008.784375,0.35591367,0.7112757519738152,0.7029130847082615,2
2022-02-16,12.287951807228916,4.627710843373494,10.376831,4.9175415,6.67948717948718,999.30625,0.35591367,0.7232617254437388,0.6905740195722293,2
2022-02-17,13.061445783132532,4.702409638554216,11.683777,5.6033936,10.171794871794871,990.134375,0.35591367,0.7350336741329413,0.6780306024735382,2
2022-02-18,10.921686746987952,3.201204819277109,10.43927,3.2792969,6.6692307692307695,1001.025,0.35591367,0.746588114532413,0.6652865452111116,2
2022-02-19,7.887951807228916,2.889156626506024,7.0820312,4.681061,9.294594594594596,1003.1375000000002,0.35591367,0.7579216274973472,0.6523456189565257,2
2022-02-20,9.097590361445784,2.3373493975903616,8.136719,2.528839,5.848717948717949,1004.9125,0.35591367,0.7690308592589181,0.6392116531380588,2
2022-02-21,10.406024096385543,3.075903614457832,9.014252,1.8274231,8.035897435897436,992.9,0.35591367,0.7799125224167177,0.6258885343075018,2
2022-02-22,7.528915662650603,3.310843373493977,7.0791016,3.975647,5.671794871794872,1009.490625,0.35591367,0.7905633969115482,0.612380204990065,2
2022-02-23,9.840963855421688,1.289156626506024,8.731628,4.4674377,5.410256410256411,1018.7233333333334,0.35591367,0.8009803309782905,0.5986906625177214,2
2022-02-24,10.098795180722892,0.4614457831325301,10.156921,2.0331116,5.005128205128206,1012.871875,0.35591367,0.8111602420785621,0.5848239578463322,2
2022-02-25,7.038554216867469,1.7578313253012052,6.440857,2.396759,5.974358974358975,1015.14375,0.35591367,0.8211001178128892,0.5707841943569036,2
2022-02-26,7.191566265060242,-1.2915662650602409,7.212921,2.3009644,3.1794871794871797,1030.6,0.35591367,0.8307970168121247,0.5565755266413303,2
2022-02-27,5.7783132530120485,-3.093975903614458,6.3689575,-2.362976,2.0054054054054054,1037.7812500000002,0.35591367,0.8402480696078469,0.5422021592729844,2
2022-02-28,5.842168674698796,-2.460240963855421,5.3999634,-0.9008179,2.407692307692308,1036.746666666667,0.35591367,0.8494504794814806,0.527668345562516,2
2022-03-01,7.509638554216869,-3.746987951807229,5.8221436,-3.0623474,2.756410256410257,1033.46875,0.48515207,0.8584015232918917,0.512978386299228,3
2022-03-02,8.250602409638553,-3.674698795180723,5.9561768,-2.526947,1.2564102564102564,1026.9433333333334,0.48515207,0.8670985522812081,0.4981366284784055,3
2022-03-03,4.021686746987952,-4.450602409638554,4.537201,-3.6586304,2.22051282051282,1022.146875,0.48515207,0.8755389928586302,0.4831474640149687,3
2022-03-04,4.344578313253012,-2.007228915662651,3.13031,-0.94329834,2.176923076923077,1024.2218750000002,0.48515207,0.8837203473619977,0.4680153284438345,3
2022-03-05,5.613253012048193,-3.918072289156627,3.5688477,-1.1333008,1.7820512820512822,1025.3666666666668,0.48515207,0.8916401947968874,0.45274469960737107,3
2022-03-06,2.101204819277108,-1.4313253012048195,1.93396,-1.8953552,2.030769230769231,1025.725,0.48515207,0.8992961915530253,0.4373400963303323,3
2022-03-07,8.559036144578313,-2.9698795180722897,7.2039795,-2.2142334,2.784615384615385,1026.1125,0.48515207,0.9066860720977985,0.4218060770826634,3
2022-03-08,10.02530120481928,-4.478313253012049,7.7109985,-1.6309204,1.3564102564102565,1026.4093750000002,0.48515207,0.9138076496466615,0.4061472386305789,3
2022-03-09,11.583132530120483,-4.036144578313253,9.054626,-1.948822,1.5102564102564102,1026.571875,0.48515207,0.9206588168102428,0.3903682146763026,3
2022-03-10,9.496385542168674,-3.05421686746988,6.8741455,-1.982605,3.692307692307693,1030.9,0.48515207,0.9272375462179537,0.374473674486883,3
2022-03-11,8.344578313253013,-2.519277108433735,5.530609,-2.3979492,5.651282051282051,1029.571875,0.48515207,0.9335418911179212,0.35846832151248087,3
2022-03-12,11.47710843373494,-2.1710843373493973,8.517883,-1.1005554,4.397435897435897,1025.884375,0.48515207,0.9395699859530622,0.342356891994542,3
2022-03-13,13.365060240963858,-2.357831325301205,9.860046,-1.1392212,4.26923076923077,1022.859375,0.48515207,0.945320046913132,0.3261441535642696,3
2022-03-14,12.826506024096387,-0.4698795180722891,10.66629,0.24035645,3.4461538461538463,1024.978125,0.48515207,0.9507903724625832,0.3098349038318025,3
2022-03-15,12.107228915662652,2.4,11.789612,2.4220886,2.1342105263157896,1027.3781250000002,0.48515207,0.9559793438440766,0.2934339689665273,3
2022-03-16,11.42409638554217,1.5843373493975903,11.112122,2.9189453,2.497435897435897,1027.878125,0.48515207,0.9608854255574977,0.27694620226893646,3
2022-03-17,11.615662650602411,2.5253012048192773,13.164764,3.055664,3.102564102564102,1029.7875,0.48515207,0.9655071658143364,0.2603764827344581,3
2022-03-18,12.90120481927711,1.5807228915662652,11.570343,4.533783,2.6564102564102567,1041.15625,0.48515207,0.969843196967294,0.24372971360968387,3
2022-03-19,10.791566265060242,-0.3024096385542169,9.8497925,0.5985718,3.9666666666666655,1044.265625,0.48515207,0.9738922359149924,0.22701082094141847,3
2022-03-20,12.733734939759035,-0.0927710843373494,10.486298,0.58273315,4.964102564102565,1039.471875,0.48515207,0.9776530844816641,0.2102247521189836,3
2022-03-21,13.67710843373494,-0.8192771084337349,11.542877,1.1535645,3.664102564102565,1036.75625,0.48515207,0.981124629771712,0.19337647441020586,3
2022-03-22,17.33855421686747,-2.080722891566265,13.972809,-0.3425293,2.312820512820513,1034.9,0.48515207,0.984305844499033,0.17647097349152166,3
2022-03-23,18.21566265060241,-1.4566265060240964,15.205322,0.46002197,1.928205128205128,1031.3156250000002,0.48515207,0.9871957872910085,0.15951325197263655,3
2022-03-24,16.044578313253016,-1.732530120481928,13.253357,-0.7852478,1.453846153846154,1029.90625,0.48515207,0.9897936029670716,0.14250832791617088,3
2022-03-25,16.856626506024096,-1.004819277108434,14.807465,1.0169067,2.0307692307692307,1029.2,0.48515207,0.992098522791769,0.12546123335273648,3
2022-03-26,14.734939759036145,2.021686746987952,12.758453,3.8527832,3.538461538461539,1028.49375,0.48515207,0.9941098647022418,0.10837701279187609,3
2022-03-27,15.973493975903612,0.1506024096385542,13.922546,4.299011,1.9230769230769231,1030.534375,0.48515207,0.9958270335100595,0.09126072172931188,3
2022-03-28,16.63855421686747,2.565060240963856,14.893433,4.510437,3.5871794871794878,1021.246875,0.48515207,0.9972495210773451,0.07411742515094437,3
2022-03-29,11.728915662650602,2.1144578313253013,10.237946,4.057251,3.738461538461539,1011.1875,0.48515207,0.998376906467142,0.056952196034039754,3
2022-03-30,8.432530120481928,-0.572289156626506,9.035461,1.6764221,2.4666666666666663,1006.078125,0.48515207,0.9992088560679753,0.03977011384605572,3
2022-03-31,6.449397590361445,-0.8493975903614458,6.2300415,-0.63516235,5.135135135135138,1004.653125,0.48515207,0.9997451236925734,0.022576263041545485,3
2022-04-01,7.281927710843373,0.1602409638554217,6.7195435,0.9170532,6.235897435897437,1006.325,0.48515207,0.9999855506507186,0.005375731557583884,4
2022-04-02,6.203614457831327,-2.7048192771084336,5.4995117,0.2296753,5.015384615384615,1013.4625,0.48515207,0.9999300657962057,-0.011826390691832589,4
2022-04-03,7.519277108433735,-4.614457831325301,5.7686157,-1.6489868,3.5743589743589737,1018.0375,0.48515207,0.9995786855478958,-0.029025013321975237,4
2022-04-04,7.9156626506024095,0.4530120481927711,6.782776,0.6734619,7.374358974358975,1007.31875,0.48515207,0.9989315138848577,-0.046215046983708354,4
2022-04-05,9.080722891566266,4.151807228915663,8.880371,4.3681335,5.076923076923077,1000.68125,0.48515207,0.9979887423155984,-0.06339140486951038,4
2022-04-06,12.518072289156626,7.2289156626506035,12.579163,6.651428,5.138461538461539,999.6,0.48515207,0.9967506498213929,-0.08054900421874167,4
2022-04-07,14.208433734939762,6.025301204819278,13.538727,8.410919,6.828205128205129,987.6875,0.48515207,0.9952176027737294,-0.09768276782171598,4
2022-04-08,9.50843373493976,2.6228915662650603,9.742554,4.737335,6.091891891891891,992.3375,0.48515207,0.9933900548258936,-0.11478762552212701,4
2022-04-09,10.073493975903617,1.9674698795180725,9.212158,3.4022827,5.523076923076922,1002.2625,0.48515207,0.9912685467787256,-0.13185851571739118,4
2022-04-10,8.901204819277108,1.6072289156626507,8.371765,2.8351135,5.179487179487179,1014.534375,0.48515207,0.9888537064205885,-0.1488903868564548,4
2022-04-11,12.33132530120482,-0.0301204819277108,10.442322,2.6253662,2.971794871794872,1019.4625,0.48515207,0.986146248341595,-0.16587819893463143,4
2022-04-12,16.844578313253013,-0.5397590361445783,14.785431,0.9390869,3.0538461538461545,1018.721875,0.48515207,0.9831469737221499,-0.1828169249850199,4
2022-04-13,21.391566265060245,4.772289156626506,19.447723,6.8789062,3.035897435897436,1017.5375,0.48515207,0.9798567700958665,-0.1997015525660636,4
2022-04-14,16.814457831325303,6.943373493975903,15.586945,8.355713,2.4000000000000004,1018.884375,0.48515207,0.9762766110869321,-0.21652708524481437,4
2022-04-15,10.143373493975904,3.4951807228915666,9.091827,6.6679688,4.238461538461538,1023.9625,0.48515207,0.9724075561219968,-0.23328854407545518,4
2022-04-16,12.531325301204822,0.483132530120482,11.377472,3.2531738,3.451282051282051,1033.75,0.48515207,0.9682507501166718,-0.2499809690726521,4
2022-04-17,14.60120481927711,-1.5301204819277108,13.311523,1.1138,2.1256410256410256,1030.68125,0.48515207,0.9638074231367307,-0.26659942067929354,4
2022-04-18,15.420481927710844,0.0337349397590361,13.834045,2.415039,2.2871794871794875,1021.234375,0.48515207,0.9590788900341131,-0.28313898122818354,4
2022-04-19,13.881927710843376,1.9469879518072293,12.459595,4.3728333,3.5846153846153856,1015.98125,0.48515207,0.9540665500578387,-0.2995947563972602,4
2022-04-20,12.89397590361446,2.9481927710843374,11.95813,5.4377747,3.102564102564102,1016.74375,0.48515207,0.9487718864399473,-0.31596187665790293,4
2022-04-21,12.226506024096386,6.024096385542169,11.248749,6.7209473,2.6487179487179486,1014.24375,0.48515207,0.9431964659565866,-0.33223549871590435,4
2022-04-22,14.510843373493977,4.945783132530121,14.413727,7.081787,3.620512820512821,1011.125,0.48515207,0.9373419384643772,-0.3484108069446808,4
2022-04-23,17.365060240963857,3.098795180722892,15.456055,7.373535,3.61025641025641,1010.6250000000002,0.48515207,0.9312100364121947,-0.3644830148102912,4
2022-04-24,16.55783132530121,4.504819277108434,15.57251,7.640381,4.25897435897436,1005.896875,0.48515207,0.9248025743285089,-0.38044736628785164,4
2022-04-25,13.92289156626506,3.651807228915663,12.929749,5.47406,3.174358974358974,1010.828125,0.48515207,0.9181214482844364,-0.39629913726891813,4
2022-04-26,16.77710843373494,1.4096385542168677,14.981964,4.2924194,1.7794871794871796,1016.678125,0.48515207,0.9111686353326631,-0.41203363695942635,4
2022-04-27,17.36144578313253,3.6036144578313256,14.899048,6.9042053,2.4153846153846152,1023.103125,0.48515207,0.9039461929224011,-0.42764620926777464,4
2022-04-28,17.26024096385542,3.333734939759036,15.084503,6.593994,2.1948717948717955,1027.95625,0.48515207,0.8964562582905575,-0.44313223418263453,4
2022-04-29,18.615662650602413,2.3373493975903616,17.435059,5.826721,1.6410256410256407,1028.0,0.48515207,0.8887010478292915,-0.45848712914008766,4
2022-04-30,18.401204819277112,5.733734939759037,18.115723,8.8403015,2.266666666666667,1023.55,0.48515207,0.8806828564301475,-0.47370635037968,4
2022-05-01,16.87831325301205,4.8265060240963855,15.519226,8.198639,2.294871794871795,1022.253125,0.48515207,0.8724040568049612,-0.48878539428899265,5
2022-05-02,19.295180722891565,4.657831325301205,17.460236,7.986389,1.948717948717949,1019.50625,0.48515207,0.8638670987837349,-0.503719798736334,5
2022-05-03,18.46385542168675,5.021686746987952,16.98767,7.8378296,2.2948717948717947,1016.86875,0.48515207,0.8550745085896932,-0.518505144391157,5
2022-05-04,19.660240963855426,5.096385542168675,17.789581,8.4027405,1.7435897435897436,1017.890625,0.48515207,0.8460288880917339,-0.533137056031809,5
2022-05-05,18.8144578313253,7.025301204819278,17.605652,11.207275,2.453846153846154,1019.8375,0.48515207,0.8367329140344921,-0.5476112038402312,5
2022-05-06,20.073493975903617,4.334939759036144,17.797577,8.310608,1.6487179487179486,1024.0281249999998,0.48515207,0.8271893372462497,-0.5619233046832195,5
2022-05-07,22.31566265060241,7.504819277108435,20.608368,9.899506,2.3692307692307693,1022.215625,0.48515207,0.8174009818249189,-0.5760691233798758,5
2022-05-08,19.492771084337356,6.743373493975904,18.319397,11.730591,2.787179487179488,1025.15625,0.48515207,0.8073707443023492,-0.5900444739548627,5
2022-05-09,21.522891566265063,4.2939759036144585,20.367615,8.668274,2.3794871794871804,1027.73125,0.48515207,0.7971015927871943,-0.6038452208771035,5
2022-05-10,26.098795180722888,7.367469879518072,24.961304,11.949249,2.938461538461539,1019.425,0.48515207,0.7865965660866021,-0.6174672802835514,5
2022-05-11,28.02650602409639,14.404819277108432,25.979248,16.035889,3.634210526315789,1011.0281250000002,0.48515207,0.7758587728069828,-0.6309066211876704,5
2022-05-12,20.54698795180723,10.121686746987953,19.274048,15.106018,4.438461538461538,1013.284375,0.48515207,0.7648913904341225,-0.6441592666722685,5
2022-05-13,19.43855421686747,7.344578313253014,17.905151,11.500366,3.5743589743589745,1016.809375,0.48515207,0.753697664392914,-0.6572212950663319,5
2022-05-14,20.801204819277107,8.014457831325302,19.113342,14.029541,3.9230769230769225,1018.790625,0.48515207,0.742280907086982,-0.6700888411055113,5
2022-05-15,21.879518072289155,5.425301204819277,20.750671,10.009155,1.9,1021.496875,0.48515207,0.7306444969184916,-0.6827580970759147,5
2022-05-16,25.613253012048197,7.1012048192771084,24.612976,11.818115,2.602564102564103,1018.90625,0.48515207,0.7187918772884232,-0.6952253139408722,5
2022-05-17,21.456626506024097,11.759036144578314,21.071716,15.315094,2.115384615384616,1019.9,0.48515207,0.7067265555776158,-0.7074868024503348,5
2022-05-18,24.943373493975905,10.106024096385545,24.68637,13.005371,3.353846153846153,1024.75625,0.48515207,0.6944521021088763,-0.719538934232584,5
2022-05-19,28.583132530120483,12.163855421686748,28.386475,16.520569,3.071794871794872,1020.484375,0.48515207,0.6819721490904629,-0.7313781428679254,5
2022-05-20,25.08795180722892,15.567469879518072,24.39392,17.001831,3.235897435897436,1017.14375,0.48515207,0.6692903895412567,-0.7430009249440493,5
2022-05-21,18.98795180722892,10.853012048192772,18.65686,13.574585,6.192307692307693,1014.803125,0.48515207,0.6564105761979381,-0.7544038410927472,5
2022-05-22,19.528915662650604,8.431325301204822,17.854248,12.220306,2.6256410256410256,1016.35625,0.48515207,0.6433365204044917,-0.765583517007675,5
2022-05-23,23.14096385542169,7.610843373493976,22.594727,11.289307,3.85897435897436,1009.44375,0.48515207,0.6300720909843687,-0.7765366444428655,5
2022-05-24,22.20240963855422,10.114457831325302,21.3891,15.71286,3.7078947368421056,1004.334375,0.48515207,0.6166212130956382,-0.7872599821916922,5
2022-05-25,21.18072289156627,8.198795180722891,19.900574,11.560181,2.674358974358974,1013.51875,0.48515207,0.6029878670694714,-0.7977503570459932,5
2022-05-26,20.95421686746988,12.044578313253012,19.827484,12.333252,5.030769230769231,1016.15625,0.48515207,0.5891760872322963,-0.8080046647350754,5
2022-05-27,18.643373493975904,8.897590361445783,17.543549,14.192322,5.820512820512821,1014.134375,0.48515207,0.5751899607119775,-0.8180198708443174,5
2022-05-28,16.04698795180723,7.5843373493975905,15.960022,9.867493,5.912820512820512,1013.0625,0.48515207,0.5610336262283677,-0.8277930117131022,5
2022-05-29,15.885542168674702,7.479518072289156,15.233307,10.153564,2.687179487179488,1011.746875,0.48515207,0.5467112728685939,-0.8373211953118121,5
2022-05-30,16.048192771084338,6.403614457831325,16.069489,8.823059,2.7025641025641027,1011.890625,0.48515207,0.5322271388474397,-0.8466016020976267,5
2022-05-31,20.30240963855422,5.301204819277109,18.7229,10.493317,1.8769230769230771,1014.625,0.48515207,0.5175855102531889,-0.8556314858488706,5
2022-06-01,19.792771084337357,8.459036144578313,19.364014,12.436768,2.7897435897435905,1013.40625,0.5186352,0.5027907197793043,-0.8644081744776648,6
2022-06-02,19.56024096385542,7.243373493975904,18.471466,11.323303,3.044736842105264,1019.41875,0.5186352,0.4878471454423119,-0.8729290708206411,6
2022-06-03,25.41686746987952,5.460240963855422,23.65448,10.812408,2.071052631578948,1020.64375,0.5186352,0.47275920928627757,-0.881191653407483,6
2022-06-04,24.08433734939759,11.579518072289158,23.268494,15.261993,2.868421052631579,1019.459375,0.5186352,0.4575313760742512,-0.8891934772070711,6
2022-06-05,27.64819277108434,8.849397590361448,26.783752,12.277679,2.947368421052632,1018.60625,0.5186352,0.44216815196707204,-0.8969321743510065,6
2022-06-06,25.632530120481928,12.879518072289155,23.774597,17.571838,2.8210526315789477,1013.890625,0.5186352,0.42667408318992467,-0.9044054548343001,6
2022-06-07,23.945783132530124,11.90120481927711,23.01294,15.386017,2.5421052631578958,1012.753125,0.5186352,0.4110537546870351,-0.9116111071930239,6
2022-06-08,25.71204819277109,12.098795180722894,24.26654,15.116028,2.0333333333333337,1009.121875,0.5186352,0.3953117887649151,-0.9185469991587165,6
2022-06-09,22.251807228915663,13.86385542168675,23.39502,16.612946,2.792307692307692,1010.54375,0.5186352,0.37945284372454435,-0.925211078289358,6
2022-06-10,25.09759036144579,11.159036144578314,24.010193,15.245117,2.7666666666666666,1020.8,0.5186352,0.36348161248290634,-0.9316013725767187,6
2022-06-11,27.31204819277109,12.73012048192771,25.425049,15.976715,2.6,1021.1625,0.5186352,0.3474028211842774,-0.9377159910299093,6
2022-06-12,26.64819277108434,12.498795180722892,24.934845,17.901978,2.392307692307693,1019.659375,0.5186352,0.3312212278016865,-0.9435531242349544,6
2022-06-13,21.157831325301206,10.5,20.03479,15.471313,3.897435897435898,1017.821875,0.5186352,0.31494162072895193,-0.9491110448902284,6
2022-06-14,20.436144578313257,8.314457831325301,18.86438,12.6857605,3.1297297297297297,1021.609375,0.5186352,0.2985688173637202,-0.9543881083175908,6
2022-06-15,26.15421686746988,7.222891566265061,24.934265,11.139893,1.85897435897436,1019.703125,0.5186352,0.2821076626819194,-0.9593827529490743,6
2022-06-16,24.843373493975903,11.455421686746988,23.620758,16.0065,3.102564102564103,1018.40625,0.5186352,0.26556302780405594,-0.9640935007889755,6
2022-06-17,26.424096385542168,10.243373493975904,25.105713,14.6315,2.2358974358974364,1022.95,0.5186352,0.24893980855376657,-0.9685189578512204,6
2022-06-18,33.76746987951807,15.106024096385545,32.53076,18.454834,3.353846153846154,1016.059375,0.5186352,0.23224292400907015,-0.9726578145718654,6
2022-06-19,34.483132530120486,14.867469879518072,35.246155,21.625,4.184615384615384,1008.83125,0.5186352,0.21547731504673012,-0.976508846196619,6
2022-06-20,18.0566265060241,10.9,17.952667,14.432068,2.856410256410256,1011.7,0.5186352,0.19864794288017112,-0.9800709131432666,6
2022-06-21,24.201204819277116,9.902409638554218,23.876617,13.423828,3.3,1013.609375,0.5186352,0.18175978759137534,-0.9833429613388902,6
2022-06-22,27.553012048192773,9.604819277108437,26.319153,16.278564,1.9131578947368424,1012.703125,0.5186352,0.16481784665719793,-0.9863240225317866,6
2022-06-23,30.16987951807229,11.52289156626506,29.19519,16.432526,2.2131578947368418,1014.1193548387096,0.5186352,0.14782713347053048,-0.9890132145779883,6
2022-06-24,31.843373493975903,15.960240963855425,31.631104,20.36969,3.623076923076922,1009.6354838709676,0.5186352,0.13079267585675922,-0.9914097417023038,6
2022-06-25,29.255421686746985,17.287951807228918,26.981232,19.58429,1.807692307692308,1010.9967741935484,0.5186352,0.11371951458594969,-0.9935128947338007,6
2022-06-26,32.34096385542169,16.928915662650603,29.846954,18.480957,1.994871794871795,1013.7806451612904,0.5186352,0.0966127018812031,-0.9953220513156602,6
2022-06-27,34.62168674698795,17.866265060240966,32.836548,21.064209,3.2564102564102564,1013.0774193548388,0.5186352,0.07947729992362097,-0.9968366760893436,6
2022-06-28,26.35542168674699,15.64578313253012,24.993256,18.43985,2.897368421052632,1019.4580645161292,0.5186352,0.062318379354325076,-0.998056320853012,6
2022-06-29,24.21807228915663,14.357831325301207,24.541382,18.501526,2.7333333333333334,1017.7709677419356,0.5186352,0.04514101777397193,-0.9989806246941579,6
2022-06-30,28.368674698795186,16.73373493975904,26.412292,18.74646,2.107692307692308,1012.8451612903224,0.5186352,0.02795029824021032,-0.999609314096404,6
2022-07-01,25.38192771084337,13.560240963855422,23.755981,19.245026,3.431578947368421,1014.2774193548388,0.5186352,0.01075130776352193,-0.9999422030204416,7
2022-07-02,26.356626506024096,11.609638554216868,25.281189,16.169739,2.197368421052632,1022.5766666666666,0.5186352,-0.00645086419810515,-0.9999791929590823,7
2022-07-03,29.99638554216867,13.463855421686748,28.06543,16.949219,2.928947368421053,1017.82,0.5186352,-0.023651127245231586,-0.9997202729664083,7
2022-07-04,25.757831325301208,13.674698795180722,24.546265,17.795319,3.0263157894736845,1017.3032258064516,0.5186352,-0.04084439154329611,-0.9991655196610109,7
2022-07-05,25.57831325301205,11.849397590361448,23.598267,17.558472,2.730769230769231,1019.6483870967742,0.5186352,-0.05802556932878035,-0.9983150972033183,7
2022-07-06,21.012048192771086,12.034939759036146,19.612366,15.80011,3.37948717948718,1021.083870967742,0.5186352,-0.07518957641475855,-0.9971692572470178,7
2022-07-07,20.169879518072293,12.048192771084338,17.922699,13.894043,3.5589743589743583,1017.2129032258064,0.5186352,-0.09233133369539122,-0.9957283388645872,7
2022-07-08,21.049397590361448,13.086746987951807,19.984406,14.596008,4.133333333333333,1024.667741935484,0.5186352,-0.10944576864891556,-0.993992768446958,7
2022-07-09,22.122891566265064,12.03734939759036,21.246338,14.74762,3.776923076923077,1022.5451612903228,0.5186352,-0.12652781683868314,-0.9919630595773397,7
2022-07-10,20.521686746987957,11.873493975903616,18.576141,14.097229,4.415384615384616,1019.4193548387098,0.5186352,-0.1435724234118113,-0.9896398128792412,7
2022-07-11,23.48795180722892,10.112048192771086,21.29123,14.295319,3.1,1020.5354838709678,0.5186352,-0.16057454459499376,-0.9870237158387383,7
2022-07-12,27.024096385542173,10.513253012048194,25.245941,13.912018,2.986842105263157,1022.3451612903226,0.5186352,-0.17752914918703497,-0.984115542601034,7
2022-07-13,30.42530120481928,14.291566265060238,27.024963,16.147217,3.189473684210527,1018.2645161290322,0.5186352,-0.19443122004766195,-0.9809161537413774,7
2022-07-14,24.68795180722892,13.271084337349398,23.651611,16.002441,3.5538461538461545,1016.8709677419356,0.5186352,-0.2112757555821793,-0.9774264960104055,7
2022-07-15,20.85301204819277,11.074698795180725,19.411774,14.591217,4.102564102564104,1018.7709677419356,0.5186352,-0.2280577712215198,-0.9736476020539838,7
2022-07-16,22.09759036144579,11.246987951807233,21.80597,14.984528,4.67948717948718,1018.8322580645162,0.5186352,-0.24477230089725957,-0.9695805901076308,7
2022-07-17,24.08915662650602,8.439759036144578,22.51062,13.663239,2.7230769230769227,1025.7387096774196,0.5186352,-0.2614143985111562,-0.965226663665613,7
2022-07-18,28.75301204819277,10.836144578313254,27.837402,14.986572,1.6307692307692307,1023.8548387096774,0.5186352,-0.2779791393987801,-0.9605871111248129,7
2022-07-19,35.27951807228916,13.559036144578316,33.887238,17.810944,1.7763157894736843,1019.4354838709676,0.5186352,-0.2944616217868012,-0.9556633054034704,7
2022-07-20,37.60481927710844,17.044578313253012,37.042328,23.454102,2.635897435897436,1017.5096774193548,0.5186352,-0.3108569682435036,-0.9504567035349151,7
2022-07-21,30.1144578313253,18.77951807228916,30.298096,25.94751,3.341025641025642,1016.1806451612904,0.5186352,-0.3271603271220951,-0.9449688462364056,7
2022-07-22,25.19638554216868,15.112048192771086,24.797913,20.335693,2.8769230769230765,1017.6612903225806,0.5186352,-0.34336687399638804,-0.939201357453208,7
2022-07-23,24.468674698795184,12.381927710843376,23.471313,18.134277,2.605128205128205,1017.4580645161292,0.5186352,-0.3594718130884232,-0.9331559438780432,7
2022-07-24,28.71325301204819,9.880722891566268,27.63385,15.273346,1.925641025641026,1019.3096774193548,0.5186352,-0.3754703786876202,-0.9268343944460494,7
2022-07-25,35.42891566265061,15.98313253012048,34.61023,20.353668,3.5923076923076938,1010.767741935484,0.5186352,-0.3913578365610259,-0.9202385798054075,7
2022-07-26,24.878313253012045,14.563855421686746,23.05951,19.172852,3.5447368421052627,1012.0967741935484,0.5186352,-0.4071294853542516,-0.9133704517637858,7
2022-07-27,21.814457831325303,10.097590361445786,19.901245,15.068848,3.202564102564103,1017.1129032258066,0.5186352,-0.4227806579826773,-0.9062320427107697,7
2022-07-28,24.136144578313257,7.763855421686748,22.818146,12.482574,1.894871794871795,1019.6903225806452,0.5186352,-0.4383067230125192,-0.898825465016444,7
2022-07-29,28.74096385542169,12.275903614457832,26.87088,15.738525,3.061538461538462,1018.0290322580646,0.5186352,-0.45370308603134424,-0.8911529104063088,7
2022-07-30,25.246987951807235,14.31686746987952,24.67749,18.108307,2.312820512820513,1016.6322580645162,0.5186352,-0.46896519100763184,-0.8832166493127127,7
2022-07-31,28.48313253012048,12.195180722891568,26.196259,17.562897,2.1000000000000005,1015.4419354838712,0.5186352,-0.48408852163897587,-0.8750190302029955,7
2022-08-01,24.69638554216868,15.17469879518072,24.381958,19.112946,3.017948717948717,1014.1225806451612,0.5186352,-0.4990686026885319,-0.8665624788845385,8
2022-08-02,28.03253012048193,13.049397590361448,26.90213,18.017334,1.830769230769231,1017.9580645161292,0.5186352,-0.5139010013093103,-0.8578494977869301,8
2022-08-03,33.84096385542169,16.004819277108435,32.068726,19.022217,1.8564102564102565,1015.8,0.5186352,-0.5285813283559292,-0.8488826652214553,8
2022-08-04,36.91566265060241,17.38192771084337,35.622925,21.783203,2.407692307692308,1013.332258064516,0.5186352,-0.5431052396834317,-0.8396646346181327,8
2022-08-05,28.510843373493977,15.413253012048196,26.35736,21.570862,3.238461538461539,1013.7064516129032,0.5186352,-0.5574684374327892,-0.8301981337405212,8
2022-08-06,23.236144578313255,10.538554216867473,21.956604,15.37735,3.0846153846153848,1024.277419354839,0.5186352,-0.5716666713027052,-0.8204859638785327,8
2022-08-07,25.09036144578313,8.303614457831326,23.631775,14.796204,1.6641025641025642,1025.1322580645162,0.5186352,-0.5856957398073508,-0.8105309990194823,8
2022-08-08,27.109638554216872,10.067469879518072,25.19162,16.39502,1.835897435897436,1024.309677419355,0.5186352,-0.5995514915196489,-0.8003361849976323,8
2022-08-09,27.583132530120483,13.2855421686747,25.896912,18.154877,2.392307692307692,1026.8548387096776,0.5186352,-0.6132298262997502,-0.7899045386224707,8
2022-08-10,28.66144578313253,12.112048192771086,27.88269,17.710602,2.105128205128205,1026.8322580645165,0.5186352,-0.6267266965083301,-0.7792391467859886,8
2022-08-11,29.9277108433735,12.52530120481928,29.346313,19.765442,2.2282051282051283,1023.7193548387098,0.5186352,-0.6400381082043503,-0.7683431655492202,8
2022-08-12,29.884337349397587,12.357831325301206,28.599945,20.118164,2.471794871794871,1021.483870967742,0.5186352,-0.65316012232693,-0.7572198192083127,8
2022-08-13,28.64578313253012,14.997590361445786,28.523499,21.585266,2.158974358974359,1018.2935483870968,0.5186352,-0.666088855860977,-0.7458723993404063,8
2022-08-14,31.944578313253015,17.066265060240966,31.221588,20.526001,2.317948717948718,1011.8516129032258,0.5186352,-0.6788204829862355,-0.734304263829602,8
2022-08-15,31.467469879518077,17.47831325301205,29.203705,21.372955,2.684615384615385,1005.3322580645162,0.5186352,-0.6913512362094071,-0.722518835873311,8
2022-08-16,30.616867469879523,16.173493975903614,29.849121,20.52118,1.9512820512820517,1008.1709677419354,0.5186352,-0.7036774074790128,-0.7105196029692745,8
2022-08-17,32.41807228915663,16.203614457831325,30.792603,21.283691,1.6564102564102563,1011.0548387096776,0.5186352,-0.7157953492826642,-0.6983101158835584,8
2022-08-18,32.31204819277109,18.031325301204816,32.256134,22.918335,2.448717948717949,1010.451612903226,0.5186352,-0.7277014757264236,-0.6858939875998223,8
2022-08-19,23.43614457831325,19.04096385542169,22.665405,21.365692,2.9820512820512826,1010.3741935483872,0.5186352,-0.7393922635959241,-0.673274892250183,8
2022-08-20,22.18192771084338,17.704819277108435,21.840149,18.950928,2.328205128205128,1013.7580645161293,0.5186352,-0.7508642533989489,-0.6604565640279754,8
2022-08-21,24.68433734939759,13.450602409638556,23.126984,16.883667,2.1486486486486487,1015.5451612903224,0.5186352,-0.7621140503891487,-0.6474427960827475,8
2022-08-22,24.1144578313253,11.802409638554217,22.125763,15.203003,1.864864864864865,1016.958064516129,0.5186352,-0.7731383255706026,-0.6342374393978054,8
2022-08-23,25.531325301204824,14.83373493975904,23.731232,16.621582,2.435135135135135,1018.3290322580646,0.5186352,-0.7839338166829201,-0.620844401650647,8
2022-08-24,27.375903614457837,14.4421686746988,25.991028,16.114563,2.0162162162162165,1020.5451612903224,0.5186352,-0.7944973291665992,-0.6072676460566135,8
2022-08-25,28.26987951807229,16.662650602409638,26.780182,18.793945,2.471794871794873,1019.1225806451612,0.5186352,-0.8048257371083452,-0.593511190196115,8
2022-08-26,29.54457831325301,17.708433734939756,26.741821,20.38211,2.191891891891892,1013.5354838709676,0.5186352,-0.8149159841660791,-0.5795791048257612,8
2022-08-27,23.72409638554217,17.736144578313255,22.267456,19.51236,2.585714285714286,1012.1806451612904,0.5186352,-0.8247650844733614,-0.5654755126737576,8
2022-08-28,22.751807228915663,13.397590361445785,22.011414,16.8992,3.275675675675676,1015.6774193548388,0.5186352,-0.8343701235229538,-0.5512045872199277,8
2022-08-29,22.703614457831325,11.612048192771086,20.720947,14.774719,2.7750000000000004,1019.3903225806451,0.5186352,-0.8437282590292712,-0.5367705514607103,8
2022-08-30,22.459036144578317,12.042168674698798,21.04132,14.835388,2.097222222222222,1021.8129032258064,0.5186352,-0.8528367217694595,-0.522177676659508,8
2022-08-31,22.341463414634145,11.279268292682929,20.97998,14.872314,2.530555555555556,1023.3064516129032,0.5186352,-0.8616928164028522,-0.5074302810827518,8
2022-09-01,21.817073170731707,10.215853658536586,20.092865,14.0252075,2.3194444444444446,1023.1258064516128,0.5274581,-0.8702939222685674,-0.49253272872205434,9
2022-09-02,22.3219512195122,8.659756097560978,20.276245,13.161133,2.613888888888889,1021.1967741935484,0.5274581,-0.8786374941610001,-0.4774894280028391,9
2022-09-03,22.65,9.790243902439023,21.083374,14.769226,3.597435897435897,1018.7935483870968,0.5274581,-0.886721063082993,-0.46230483047981086,9
2022-09-04,24.45487804878049,12.042682926829269,22.9953,15.101715,3.2222222222222223,1021.3451612903224,0.5274581,-0.8945422369764496,-0.4469834295196741,9
2022-09-05,24.73414634146341,12.670731707317072,23.101196,15.993652,3.531578947368422,1024.5032258064518,0.5274581,-0.9020987014301837,-0.43152975897147144,9
2022-09-06,23.08414634146342,12.851219512195122,21.131256,15.363037,3.676923076923076,1020.8225806451612,0.5274581,-0.9093882203647925,-0.4159483918249421,9
2022-09-07,25.79512195121951,12.340243902439026,22.43988,14.988525,2.721621621621622,1014.867741935484,0.5274581,-0.9164086366943458,-0.4002439388573056,9
2022-09-08,18.62804878048781,13.318292682926833,18.408508,15.09259,2.7702702702702706,1009.9483870967742,0.5274581,-0.9231578729647039,-0.38442104726885545,9
2022-09-09,23.22439024390244,12.143902439024387,22.061005,13.591858,2.333333333333333,1011.151612903226,0.5274581,-0.9296339319682695,-0.3684843993077793,9
2022-09-10,22.096341463414635,11.340243902439026,20.100159,13.526184,1.972972972972973,1012.048387096774,0.5274581,-0.9358348973349941,-0.35243871088460327,9
2022-09-11,20.19634146341464,11.625609756097564,19.491455,13.52124,2.335897435897436,1015.6419354838712,0.5274581,-0.9417589340994617,-0.33628873017668287,9
2022-09-12,20.826829268292684,9.878048780487806,19.890137,12.373901,1.4666666666666668,1016.932258064516,0.5274581,-0.9474042892438845,-0.32003923622313857,9
2022-09-13,21.045121951219517,11.114634146341464,20.89328,13.326111,2.822222222222222,1009.1096774193549,0.5274581,-0.9527692922168511,-0.30369503751065885,9
2022-09-14,18.417073170731708,11.13048780487805,18.589539,12.571686,2.083333333333334,1005.5,0.5274581,-0.9578523554276669,-0.28726097055059635,9
2022-09-15,18.409756097560976,10.823170731707318,17.286926,13.903381,3.784615384615386,1003.2709677419356,0.5274581,-0.9626519747161487,-0.2707418984477642,9
2022-09-16,17.50243902439025,9.87317073170732,15.879486,11.388458,5.069230769230769,1004.1967741935484,0.5274581,-0.9671667297977312,-0.2541427094613622,9
2022-09-17,16.298780487804876,9.357317073170732,15.246643,10.892242,4.7615384615384615,1004.558064516129,0.5274581,-0.97139528468375,-0.23746831555846842,9
2022-09-18,14.836585365853658,7.658536585365853,13.607208,9.618835,4.687179487179488,1006.4870967741936,0.5274581,-0.9753363880767837,-0.2207236509605022,9
2022-09-19,16.462195121951222,7.839024390243902,15.677368,8.475647,3.407692307692308,1011.1645161290324,0.5274581,-0.9789888737409319,-0.20391367068311472,9
2022-09-20,15.67317073170732,6.323170731707317,15.302551,8.680969,2.6894736842105265,1019.0322580645162,0.5274581,-0.9823516608469237,-0.18704334906991657,9
2022-09-21,17.021951219512193,5.054878048780488,15.714355,7.7746887,1.948717948717949,1025.3064516129032,0.5274581,-0.9854237542919524,-0.17011767832049052,9
2022-09-22,16.88048780487805,3.9500000000000006,15.174622,6.939972,1.2641025641025645,1024.6903225806452,0.5274581,-0.9882042449941422,-0.15314166701312007,9
2022-09-23,17.68780487804878,2.8292682926829267,16.265564,5.411194,1.7948717948717952,1019.2709677419356,0.5274581,-0.9906923101615609,-0.13612033862266704,9
2022-09-24,17.340243902439024,8.29390243902439,16.654053,10.404694,1.564102564102564,1013.7645161290324,0.5274581,-0.9928872135356962,-0.11905873003404988,9
2022-09-25,18.45731707317073,8.832926829268294,17.069763,10.826965,1.7153846153846155,1011.732258064516,0.5274581,-0.994788305609327,-0.10196189005174576,9
2022-09-26,17.235365853658536,8.63048780487805,16.423828,9.1145935,3.2410256410256406,1004.525806451613,0.5274581,-0.9963950238187231,-0.08483487790576538,9
2022-09-27,13.543902439024391,7.693902439024391,13.066589,10.246979,3.353846153846154,995.6451612903228,0.5274581,-0.9977068927101168,-0.06768276175455162,9
2022-09-28,11.556097560975612,5.684146341463415,11.684692,6.634094,1.992307692307692,996.9580645161292,0.5274581,-0.9987235240803972,-0.050510617185222886,9
2022-09-29,14.55121951219512,4.265853658536585,13.330933,4.1300354,1.8333333333333333,1002.8129032258064,0.5274581,-0.9994446170919858,-0.033323525711631344,9
2022-09-30,17.117073170731707,2.924390243902439,15.725098,4.4310913,1.876923076923077,1010.541935483871,0.5274581,-0.9998699583618592,-0.016126573270657762,9
2022-10-01,13.589024390243903,5.976829268292684,12.486755,8.680908,4.033333333333332,1007.4032258064516,0.5274581,-0.9999994220246925,0.001075151282798226,10
2022-10-02,16.765853658536585,9.648780487804878,14.967285,10.52713,4.561538461538461,1012.7225806451612,0.5274581,-0.999832969770105,0.018276557681691223,10
2022-10-03,16.075609756097563,10.057317073170733,15.49353,10.574493,4.674358974358975,1020.267741935484,0.5274581,-0.9993706508539969,0.03547255575312556,10
2022-10-04,17.479268292682928,9.103658536585366,16.289734,11.249298,2.941025641025641,1021.3322580645162,0.5274581,-0.9986126020839734,0.052658056924614005,10
2022-10-05,19.76951219512195,8.252439024390245,18.421082,10.289093,3.4641025641025647,1017.4645161290322,0.5274581,-0.9975590477788613,0.06982797572987089,10
2022-10-06,18.01585365853659,6.1121951219512205,17.132751,12.738098,4.1000000000000005,1024.4354838709678,0.5274581,-0.9962102997023297,0.0869772313136861,10
2022-10-07,18.328048780487805,4.039024390243903,16.946808,5.8308716,2.4138888888888888,1024.8967741935485,0.5274581,-0.9945667569706337,0.1041007489354256,10
2022-10-08,16.403658536585368,6.134146341463415,14.83017,9.657837,3.387179487179488,1017.6387096774192,0.5274581,-0.9926289059345095,0.121193461470736,10
2022-10-09,16.078048780487805,3.951219512195122,15.037659,5.79718,2.207894736842105,1025.3612903225808,0.5274581,-0.9903973200352558,0.1382503109109819,10
2022-10-10,17.373170731707315,4.479268292682927,16.198395,7.1436768,3.228947368421052,1018.1096774193549,0.5274581,-0.9878726596350429,0.15526624985999563,10
2022-10-11,15.565853658536586,4.254878048780488,14.237732,7.404907,2.494736842105264,1024.0290322580647,0.5274581,-0.9850556718215013,0.172236243027682,10
2022-10-12,16.092682926829266,2.151219512195122,15.027832,7.2166443,1.6538461538461535,1025.829032258065,0.5274581,-0.981947190186646,0.18915526872004093,10
2022-10-13,16.92560975609756,4.341463414634147,16.699585,6.849182,2.076923076923077,1019.6258064516128,0.5274581,-0.9785481345802031,0.20601832032517084,10
2022-10-14,17.464634146341464,7.44390243902439,17.02069,8.542236,2.184615384615385,1014.5741935483873,0.5274581,-0.9748595108374125,0.22282040779479959,10
2022-10-15,18.365853658536587,11.898780487804878,16.68042,12.5217285,2.653846153846154,1008.8354838709676,0.5274581,-0.9708824104813836,0.23955655912092708,10
2022-10-16,20.530487804878053,10.795121951219512,19.092285,13.654572,2.68974358974359,1015.383870967742,0.5274581,-0.9666180104000972,0.2562218218071163,10
2022-10-17,24.4609756097561,10.8,22.219238,11.618652,2.702564102564103,1022.216129032258,0.5274581,-0.9620675724981452,0.27281126433401914,10
2022-10-18,16.80609756097561,9.45,16.59201,12.9010315,2.1307692307692307,1024.9774193548387,0.5274581,-0.957232443323312,0.28931997761869527,10
2022-10-19,13.842682926829267,3.419512195121951,13.002869,9.885925,2.420512820512821,1027.1774193548388,0.5274581,-0.9521140536681102,0.3057430764672831,10
2022-10-20,14.043902439024391,1.9439024390243904,13.342651,6.034851,3.379487179487179,1022.9612903225808,0.5274581,-0.9467139181463862,0.3220757010206104,10
2022-10-21,15.38170731707317,7.979268292682926,14.080505,9.147003,2.7871794871794875,1012.3064516129032,0.5274581,-0.9410336347451197,0.3383130181923076,10
2022-10-22,18.61951219512195,10.96219512195122,17.967194,11.539124,2.394871794871795,1012.7032258064517,0.5274581,-0.9350748843515574,0.3544502230989869,10
2022-10-23,18.52439024390244,8.58048780487805,18.236298,8.493683,2.500000000000001,1015.2580645161293,0.5274581,-0.9288394302558068,0.3704825404820963,10
2022-10-24,19.178048780487803,11.61219512195122,19.771729,13.5616455,3.4666666666666672,1010.1387096774196,0.5274581,-0.9223291176290545,0.3864052261209853,10
2022-10-25,16.98536585365854,7.836585365853659,16.00824,12.255646,3.135897435897436,1014.4548387096776,0.5274581,-0.9155458729775467,0.40221356823680365,10
2022-10-26,17.928048780487803,5.630487804878049,16.649475,6.88797,1.9897435897435896,1018.7806451612902,0.5274581,-0.9084917035725082,0.41790288888678667,10
2022-10-27,19.99756097560976,8.260975609756098,18.523987,9.493561,2.2512820512820517,1024.4645161290323,0.5274581,-0.9011686968561569,0.4334685453485363,10
2022-10-28,22.62926829268293,11.146341463414636,21.235504,12.073547,2.738461538461538,1020.3354838709678,0.5274581,-0.8935790198239952,0.4489059314938798,10
2022-10-29,19.897560975609757,11.926829268292684,18.712769,14.001404,2.187179487179487,1020.6,0.5274581,-0.8857249183835637,0.4642104791518923,10
2022-10-30,21.69024390243903,9.513414634146343,20.11145,13.235596,1.7,1018.4645161290324,0.5274581,-0.8776087166898392,0.4793776594606945,10
2022-10-31,17.29268292682927,7.978048780487805,16.719116,10.637634,1.6666666666666667,1020.058064516129,0.5274581,-0.8692328164574792,0.49440298420761813,10
2022-11-01,17.471951219512196,7.670731707317073,16.65149,11.604309,2.707692307692308,1016.0935483870968,0.5274581,-0.8605996962501181,0.5092820071573356,11
2022-11-02,15.182926829268297,4.295121951219513,14.640076,8.446716,3.623076923076922,1019.5129032258066,0.5274581,-0.8517119107469189,0.5240103253675756,11
2022-11-03,12.9719512195122,3.003658536585366,12.69104,6.0076904,3.228205128205128,1016.2258064516128,0.5274581,-0.8425720899866032,0.5385835804920232,11
2022-11-04,11.171951219512197,6.515853658536586,11.148315,8.722107,2.3743589743589744,1005.8967741935484,0.5274581,-0.8331829385891785,0.5529974600700271,11
2022-11-05,12.102439024390245,3.575609756097561,11.111267,6.739929,2.7974358974358977,1014.8870967741937,0.5274581,-0.8235472349556007,0.5672476988027229,11
2022-11-06,11.798780487804882,3.258536585365853,10.682373,5.1330566,3.5051282051282056,1016.383870967742,0.5274581,-0.8136678304455991,0.5813300798152042,11
2022-11-07,14.113414634146343,6.196341463414634,14.0841675,8.153809,4.03846153846154,1012.3,0.5274581,-0.8035476485339116,0.5952404359043674,11
2022-11-08,16.126829268292685,7.85,14.998383,8.925659,3.476923076923077,1012.5875,0.5274581,-0.7931896839451843,0.6089746507720486,11
2022-11-09,14.85,9.645121951219512,13.753021,11.375946,3.456410256410257,1010.7625,0.5274581,-0.7825970017677834,0.6225286602431057,11
2022-11-10,14.025609756097564,8.020731707317074,13.291077,10.834686,3.841025641025642,1020.91875,0.5274581,-0.7717727365467836,0.6358984534680745,11
2022-11-11,13.23780487804878,4.857317073170732,12.382233,7.9516907,3.1641025641025644,1029.459375,0.5274581,-0.7607200913564104,0.6490800741100398,11
2022-11-12,13.404878048780487,2.0853658536585367,12.320007,4.234192,1.5102564102564104,1032.775,0.5274581,-0.7494423368521954,0.6620696215153815,11
2022-11-13,10.371951219512194,3.940243902439025,10.66571,6.361389,2.7641025641025645,1028.98125,0.5274581,-0.7379428103031386,0.6748632518680403,11
2022-11-14,11.039024390243902,3.429268292682927,10.369141,4.9341736,3.4153846153846152,1020.35,0.5274581,-0.7262249146041543,0.6874571793269664,11
2022-11-15,12.808536585365854,2.5951219512195123,11.857758,4.729431,2.4923076923076923,1012.90625,0.5274581,-0.7142921172691032,0.699847677146407,11
2022-11-16,6.607317073170731,3.510975609756098,7.0816345,6.3139954,4.246153846153846,1007.29375,0.5274581,-0.7021479494046978,0.7120310787787131,11
2022-11-17,4.713414634146342,1.901219512195122,5.653717,2.647583,5.9974358974358974,1003.8250000000002,0.5274581,-0.6897960046655887,0.7240037789593305,11
2022-11-18,2.434939759036145,-5.459036144578313,1.7659912,-0.4234619,3.776923076923079,1007.25,0.5274581,-0.6772399381909491,0.7357622347736527,11
2022-11-19,1.5373493975903618,-7.309638554216868,1.1477661,-4.6201477,2.7076923076923074,1013.321875,0.5274581,-0.6644834655228552,0.7473029667054296,11
2022-11-20,1.1698795180722892,-3.598795180722892,1.4459534,-1.1047974,2.7631578947368416,1010.096875,0.5274581,-0.6515303615068021,0.75862255966641,11
2022-11-21,0.3409638554216867,-3.290361445783133,0.12081909,-1.2949524,2.2315789473684204,1005.0625,0.5274581,-0.6383844591746642,0.7697176640069211,11
2022-11-22,2.009638554216868,-2.749397590361446,2.5711975,-0.82547,3.68974358974359,1002.384375,0.5274581,-0.6250496486104377,0.7805849965070866,11
2022-11-23,6.757831325301206,-0.1710843373493976,6.656891,-0.84265137,2.7410256410256406,1004.515625,0.5274581,-0.6115298757991053,0.7912213413483807,11
2022-11-24,5.603614457831325,-0.0120481927710843,6.1290894,-1.3368835,1.974358974358975,1010.8125,0.5274581,-0.5978291414589552,0.801623551065242,11
2022-11-25,7.410843373493975,1.6036144578313256,5.9052124,1.7506714,1.9256410256410252,1017.078125,0.5274581,-0.5839514998576998,0.8117885474764613,11
2022-11-26,8.15421686746988,4.13012048192771,7.739319,5.4630127,2.184615384615385,1026.75,0.5274581,-0.5699010576127624,0.8217133225960589,11
2022-11-27,7.802409638554217,1.5746987951807232,6.8737183,2.9822083,2.6333333333333333,1027.084375,0.5274581,-0.5556819724760489,0.8313949395234058,11
2022-11-28,5.3506024096385545,2.179518072289157,5.3905945,3.3057556,3.876923076923077,1018.0625,0.5274581,-0.5412984521036173,0.8408305333122887,11
2022-11-29,4.932530120481927,2.575903614457832,5.9179688,1.8384094,2.8974358974358974,1019.2218750000002,0.5274581,-0.5267547528105542,0.8500173118187018,11
2022-11-30,4.634939759036145,0.2963855421686747,5.0455933,2.464508,2.964102564102564,1025.365625,0.5274581,-0.5120551783114646,0.8589525565270845,11
2022-12-01,1.1265060240963856,-0.3879518072289157,0.9512329,-0.67700195,2.5153846153846158,1028.921875,0.37968946,-0.4972040784469378,0.8676336233547726,12
2022-12-02,1.3457831325301206,-1.2036144578313257,1.7446289,0.0036621094,3.3769230769230765,1027.125,0.37968946,-0.4822058478963526,0.8760579434344281,12
2022-12-03,-0.4457831325301205,-1.9373493975903613,-0.047302246,-1.3859863,3.071794871794872,1024.9625,0.37968946,-0.46706492487743034,0.8842230238742036,12
2022-12-04,2.2939759036144576,-0.5590361445783132,2.2975159,-0.4812622,3.1333333333333333,1021.1625,0.37968946,-0.451785789832884,0.8921264484954345,12
2022-12-05,3.47710843373494,1.7530120481927711,3.6695862,1.4927063,2.4615384615384626,1018.709375,0.37968946,-0.4363729641045924,0.8997658785476209,12
2022-12-06,3.1337349397590364,1.1903614457831326,2.6870422,1.3552246,2.6948717948717955,1015.575,0.37968946,-0.42083100859565564,0.9071390534005044,12
2022-12-07,3.832530120481928,-0.4554216867469879,3.2265625,1.5565186,4.141025641025641,1010.496875,0.37968946,-0.4051645224207563,0.9142437912130223,12
2022-12-08,3.4433734939759044,-1.3,2.121399,-0.21313477,2.651282051282051,1007.1375000000002,0.37968946,-0.3893781415452015,0.9210779895789526,12
2022-12-09,0.208433734939759,-2.3686746987951808,1.0476379,-0.32574463,1.6358974358974356,1008.253125,0.37968946,-0.37347653741307074,0.9276396261490467,12
2022-12-10,-0.7530120481927711,-3.1626506024096384,-0.6597595,-1.8632202,1.984615384615385,1010.153125,0.37968946,-0.3574644155648614,0.9339267592294762,12
2022-12-11,-1.7156626506024095,-3.639759036144578,-1.0078735,-2.8980408,2.4871794871794872,1010.55,0.37968946,-0.34134651424503615,0.9399375283564133,12
2022-12-12,-0.7132530120481928,-4.000000000000001,-1.2043152,-2.556366,3.4076923076923085,1010.78125,0.37968946,-0.3251276029999093,0.9456701548465688,12
2022-12-13,-1.6469879518072288,-8.625301204819277,-0.9765625,-4.70401,2.373684210526316,1012.64375,0.37968946,-0.30881248126625377,0.9511229423235357,12
2022-12-14,-3.4686746987951813,-11.233734939759035,-1.9456787,-5.867859,2.0564102564102567,1006.753125,0.37968946,-0.29240597695107734,0.9562942772197719,12
2022-12-15,-2.7674698795180723,-12.133734939759035,-1.9370117,-7.688965,1.9564102564102563,1008.25,0.37968946,-0.27591294500296043,0.9611826292540837,12
2022-12-16,-2.7686746987951807,-10.350602409638554,-2.0816956,-7.2512207,1.4256410256410257,1014.628125,0.37968946,-0.2593382659754056,0.9657865518844574,12
2022-12-17,-2.950602409638554,-7.257831325301206,-1.381897,-5.128479,1.6743589743589746,1025.996875,0.37968946,-0.2426868445825954,0.9701046827361175,12
2022-12-18,-4.209638554216867,-8.201204819277109,-2.6938477,-4.994568,3.120512820512821,1033.7375000000002,0.37968946,-0.22596360824801906,0.974135744004672,12
2022-12-19,3.961445783132531,-5.287951807228916,4.3713074,-3.5064697,4.556410256410255,1024.1718750000002,0.37968946,-0.20917350564635637,0.9778785428342386,12
2022-12-20,7.084337349397591,3.155421686746988,6.8018494,3.1630554,4.015384615384616,1016.190625,0.37968946,-0.19232150523909483,0.9813319716704275,12
2022-12-21,7.542168674698795,4.096385542168675,7.3483887,4.374939,3.0487179487179485,1010.928125,0.37968946,-0.17541259380427843,0.9844950085880858,12
2022-12-22,8.813253012048193,4.213253012048192,7.1447754,6.180847,3.0384615384615383,1005.25,0.37968946,-0.15845177496083632,0.9873667175937016,12
2022-12-23,7.913253012048192,4.603614457831325,6.498932,2.8777466,2.2256410256410257,1004.128125,0.37968946,-0.14144406768794202,0.9899462489023779,12
2022-12-24,8.610843373493976,3.5891566265060244,6.92688,3.30365,2.7333333333333334,1009.00625,0.37968946,-0.12439450483979998,0.9922328391893008,12
2022-12-25,9.080722891566266,0.6132530120481928,8.071472,3.886261,2.7974358974358973,1016.553125,0.37968946,-0.10730813165636247,0.9942258118156161,12
2022-12-26,10.875903614457831,4.312048192771084,10.337799,7.893982,4.446153846153847,1010.553125,0.37968946,-0.09019000427034513,0.9959245770286599,12
2022-12-27,6.086746987951808,1.5180722891566267,5.2921753,2.7438354,4.853846153846154,1020.665625,0.37968946,-0.07304518821104743,0.9973286321364752,12
2022-12-28,8.568674698795181,2.7831325301204823,7.501343,3.4198608,4.958974358974358,1015.071875,0.37968946,-0.05587875690537313,0.9984375616565666,12
2022-12-29,12.437349397590364,6.992771084337349,11.453796,6.6627502,5.246153846153847,1005.365625,0.37968946,-0.03869579017652689,0.9992510374388481,12
2022-12-30,9.52409638554217,4.634939759036145,8.824554,6.003418,4.953846153846153,1010.828125,0.37968946,-0.021501372740813793,0.999768818762748,12
2022-12-31,17.081927710843377,8.767469879518073,15.421753,9.43689,5.7710526315789465,1007.65625,0.37968946,-0.004300592702981974,0.9999907524084426,12
2023-01-01,16.018072289156628,9.990361445783131,14.927399,11.488678,5.173684210526316,1014.1032258064516,0.37968946,0.017201575418260506,0.9998520419557735,1
2023-01-02,15.240963855421686,8.3,14.1631775,11.020325,4.417948717948719,1015.453125,0.37968946,0.03439806061360801,0.9994082116062598,1
2023-01-03,8.914457831325302,0.9506024096385542,8.081329,3.8791504,3.2410256410256406,1026.2531250000002,0.37968946,0.051584366869408364,0.9986686402879997,1
2023-01-04,10.757831325301206,2.536144578313253,10.004242,4.3955383,5.843589743589744,1016.75625,0.37968946,0.06875540848113941,0.9976335468520451,1
2023-01-05,10.38313253012048,2.591566265060241,9.212219,5.628174,6.31025641025641,1011.84375,0.37968946,0.08590610426133272,0.9963032375991965,1
2023-01-06,10.174698795180722,2.3036144578313253,9.823364,3.5741882,3.3256410256410263,1018.175,0.37968946,0.10303137904317879,0.9946781061893646,1
2023-01-07,10.418072289156626,4.242168674698796,9.685059,6.6279297,2.9282051282051285,1016.425,0.37968946,0.1201261651823505,0.9927586335250793,1
2023-01-08,8.513253012048192,4.383132530120482,8.100891,6.230072,3.492307692307693,1006.403125,0.37968946,0.13718540405660057,0.9905453876091833,1
2023-01-09,8.303614457831326,3.3807228915662653,7.6148987,4.3838196,3.271794871794872,999.98125,0.37968946,0.1542040475626894,0.988039023376751,1
2023-01-10,7.632530120481928,3.5240963855421685,6.913269,5.07605,3.5564102564102567,1014.2161290322582,0.37968946,0.17117705961019986,0.985240282501282,1
2023-01-11,8.396385542168677,3.8060240963855434,8.873718,3.9063416,4.433333333333335,1011.7354838709678,0.37968946,0.18809941761179758,0.9821499931752291,1
2023-01-12,10.287951807228916,5.244578313253013,9.646118,5.828949,6.1282051282051295,1008.6903225806452,0.37968946,0.20496611396949532,0.9787690698649216,1
2023-01-13,10.127710843373496,6.5530120481927705,9.622009,7.1740723,5.653846153846154,1005.2483870967742,0.37968946,0.22177215755648186,0.975098513039961,1
2023-01-14,8.842168674698796,5.716867469879518,8.636963,6.758667,5.817948717948718,1009.716129032258,0.37968946,0.23851257519407648,0.9711394088771653,1
2023-01-15,9.49397590361446,4.2,9.772278,5.733185,6.053846153846155,998.471875,0.37968946,0.2551824131233728,0.9668929289391521,1
2023-01-16,7.030120481927711,2.1240963855421686,6.3292236,3.4973145,4.664102564102565,994.2125,0.37968946,0.2717767384711357,0.9623603298276545,1
2023-01-17,5.080722891566266,-2.8674698795180724,4.2543945,0.78759766,4.2717948717948735,984.959375,0.37968946,0.2882906407095177,0.9575429528116719,1
2023-01-18,1.444578313253012,-4.22289156626506,1.2423401,-1.9625244,1.771794871794872,994.640625,0.37968946,0.3047192331091634,0.9524422234305676,1
2023-01-19,1.4843373493975904,-5.086746987951808,2.0725098,-3.7313538,3.1461538461538465,1004.5187500000002,0.37968946,0.321057654185271,0.9470596510722283,1
2023-01-20,1.2096385542168675,-2.226506024096386,2.7652893,-2.7946472,1.8846153846153844,1015.4875,0.37968946,0.3373010691361842,0.9413968285264122,1
2023-01-21,2.5349397590361447,-1.7433734939759036,2.4403381,-0.47479248,4.597435897435897,1026.334375,0.37968946,0.3534446712740877,0.9354554315134164,1
2023-01-22,1.691566265060241,0.6048192771084338,1.9364624,0.7241211,3.182051282051282,1029.98125,0.37968946,0.3694836834473831,0.9292372181882051,1
2023-01-23,1.820481927710844,0.4,2.4447632,0.19754028,2.3589743589743595,1037.596875,0.37968946,0.38541335945432564,0.9227440286201427,1
2023-01-24,1.1012048192771084,-0.4144578313253013,2.0515442,-1.1289978,1.8871794871794876,1040.225,0.37968946,0.4012289854475009,0.9159777842484877,1
2023-01-25,0.8891566265060242,-0.7843373493975905,1.7351685,-0.8560486,2.107692307692308,1033.71875,0.37968946,0.4169258813287287,0.908940487313808,1
2023-01-26,0.0036144578313253,-1.6409638554216863,-0.15362549,-0.51763916,1.7999999999999996,1022.7781249999998,0.37968946,0.4324994021339788,0.901634220265486,1
2023-01-27,3.112048192771085,-1.1048192771084338,2.8568726,-0.493927,3.0538461538461537,1024.453125,0.37968946,0.44794493940789115,0.8940611451454876,1
2023-01-28,1.3253012048192772,-2.369879518072289,1.8088684,-1.8441772,2.102564102564102,1028.2218750000002,0.37968946,0.4632579225674917,0.88622350294858,1
2023-01-29,2.155421686746988,-1.5554216867469883,2.4235535,-1.01297,4.605128205128205,1023.95,0.37968946,0.4784338202547012,0.8781236129591848,1
2023-01-30,6.2626506024096384,0.6265060240963856,5.0986633,1.1993408,7.374358974358977,1008.078125,0.37968946,0.49346814167723735,0.8697638720650646,1
2023-01-31,5.9807228915662645,2.2289156626506026,5.178314,2.0930176,6.605128205128206,1013.58125,0.37968946,0.5083564379375122,0.8611467540480452,1
2023-02-01,6.150602409638554,2.1698795180722894,5.731476,2.0930176,6.825641025641025,1009.271875,0.37968946,0.5230943033491326,0.8522748088519838,2
2023-02-02,6.379518072289157,-0.3397590361445783,5.5000305,2.0930176,5.471794871794872,1015.121875,0.37968946,0.5376773767406141,0.8431506618282,2
2023-02-03,8.379518072289157,1.0602409638554218,7.4669495,2.0930176,7.202564102564102,1014.76875,0.37968946,0.5521013427459208,0.8337770129585915,2
2023-02-04,4.303614457831326,-3.689156626506025,3.1524048,2.0930176,3.515384615384616,1032.965625,0.37968946,0.5663619330814524,0.8241566360566663,2
2023-02-05,1.2987951807228917,-5.896385542168675,1.4528198,2.0930176,1.8410256410256411,1038.953125,0.37968946,0.580454927809098,0.8142923779467267,2
2023-02-06,1.1590361445783135,-6.337349397590361,1.1753845,2.0930176,1.9179487179487185,1040.121875,0.37968946,0.5943761565849831,0.804187157621448,2
2023-02-07,1.5349397590361449,-8.297590361445783,0.736084,2.0930176,1.3102564102564105,1042.9031250000005,0.37968946,0.6081214998935418,0.7938439653781019,2
2023-02-08,1.9397590361445785,-7.171084337349398,2.2019958,2.0930176,2.548717948717949,1042.10625,0.37968946,0.6216868902665479,0.7832658619336791,2
2023-02-09,3.283132530120482,-6.15421686746988,2.857727,2.0930176,3.497435897435897,1033.7375000000002,0.37968946,0.6350683134867438,0.7724559775191742,2
2023-02-10,5.571084337349398,-0.927710843373494,5.0528564,2.0930176,4.194871794871794,1033.375,0.37968946,0.6482618097757122,0.7614175109532997,2
2023-02-11,7.402409638554218,2.369879518072289,7.402893,2.0930176,5.328205128205128,1028.453125,0.37968946,0.6612634749656386,0.7501537286959042,2
2023-02-12,8.730120481927713,4.832530120481928,7.9884033,2.0930176,2.4589743589743587,1036.3125,0.37968946,0.6740694616546161,0.7386679638813748,2
2023-02-13,7.372289156626507,4.503614457831326,8.090942,2.0930176,2.628205128205128,1037.465625,0.37968946,0.6866759803451553,0.726963615332308,2
2023-02-14,6.812048192771085,-0.3771084337349398,6.196533,2.0930176,1.6128205128205129,1036.540625,0.37968946,0.6990793005655562,0.7150441465537444,2
2023-02-15,8.691566265060242,-2.7216867469879524,8.059265,2.0930176,1.933333333333333,1028.7468750000005,0.37968946,0.7112757519738152,0.7029130847082615,2
2023-02-16,11.01686746987952,-1.1373493975903617,9.468872,2.0930176,2.9897435897435902,1022.725,0.37968946,0.7232617254437388,0.6905740195722293,2
2023-02-17,12.579518072289158,6.284337349397591,10.989502,2.0930176,6.538461538461538,1013.9968750000002,0.37968946,0.7350336741329413,0.6780306024735382,2
2023-02-18,10.16987951807229,4.651807228915663,9.18158,2.0930176,5.587179487179488,1013.309375,0.37968946,0.746588114532413,0.6652865452111116,2
2023-02-19,7.296385542168675,0.7120481927710842,6.346222,2.0930176,3.838461538461538,1017.746875,0.37968946,0.7579216274973472,0.6523456189565257,2
2023-02-20,10.180722891566266,1.519277108433735,9.149841,2.0930176,6.882051282051282,1015.878125,0.37968946,0.7690308592589181,0.6392116531380588,2
2023-02-21,10.727710843373496,5.959036144578313,10.157745,2.0930176,5.525641025641025,1013.69375,0.37968946,0.7799125224167177,0.6258885343075018,2
2023-02-22,9.946987951807229,3.0421686746987957,9.823486,2.0930176,2.4128205128205127,1016.475,0.37968946,0.7905633969115482,0.612380204990065,2
2023-02-23,10.102409638554215,2.091566265060241,11.555115,2.0930176,2.782051282051282,1012.865625,0.37968946,0.8009803309782905,0.5986906625177214,2
2023-02-24,6.059036144578314,1.763855421686747,6.42157,2.0930176,4.907692307692307,1004.06875,0.37968946,0.8111602420785621,0.5848239578463322,2
2023-02-25,3.3855421686746987,-0.8313253012048193,2.9325562,2.0930176,5.7615384615384615,1000.409375,0.37968946,0.8211001178128892,0.5707841943569036,2
2023-02-26,3.684337349397591,-3.2228915662650603,3.1025696,2.0930176,3.676923076923076,1018.959375,0.37968946,0.8307970168121247,0.5565755266413303,2
2023-02-27,4.3349397590361445,-4.397590361445783,4.213043,2.0930176,1.6538461538461535,1028.9562500000002,0.37968946,0.8402480696078469,0.5422021592729844,2
2023-02-28,5.543373493975904,-4.801204819277109,4.35614,2.0930176,1.482051282051282,1032.125,0.37968946,0.8494504794814806,0.527668345562516,2
2023-03-01,7.654216867469881,-6.03855421686747,5.923279,-1.8874207,1.4435897435897436,1029.7125,0.49006727,0.8584015232918917,0.512978386299228,3
2023-03-02,4.151807228915663,-4.031325301204819,3.1081543,-2.5272827,1.964102564102564,1025.540625,0.49006727,0.8670985522812081,0.4981366284784055,3
2023-03-03,3.483132530120482,-1.7590361445783131,4.4761047,-1.5287781,3.2076923076923074,1022.984375,0.49006727,0.8755389928586302,0.4831474640149687,3
2023-03-04,6.273493975903615,0.7156626506024097,5.747284,1.1864014,4.699999999999999,1017.09375,0.49006727,0.8837203473619977,0.4680153284438345,3
2023-03-05,4.196385542168676,-0.2,4.1696167,-0.15454102,4.035897435897437,1011.834375,0.49006727,0.8916401947968874,0.45274469960737107,3
2023-03-06,3.5216867469879527,-1.9265060240963856,3.7505798,-0.048309326,2.574358974358975,1004.2125,0.49006727,0.8992961915530253,0.4373400963303323,3
2023-03-07,4.874698795180724,-1.4361445783132532,5.231964,-2.0912476,4.933333333333335,995.815625,0.49006727,0.9066860720977985,0.4218060770826634,3
2023-03-08,3.119277108433735,-1.5337349397590363,3.3690186,-2.2669678,2.684615384615385,997.79375,0.49006727,0.9138076496466615,0.4061472386305789,3
2023-03-09,1.7301204819277112,-0.3915662650602409,2.57312,-0.093566895,2.553846153846154,997.153125,0.49006727,0.9206588168102428,0.3903682146763026,3
2023-03-10,8.455421686746988,0.4734939759036144,6.874298,0.4628296,3.500000000000001,990.74375,0.49006727,0.9272375462179537,0.374473674486883,3
2023-03-11,3.630120481927712,-0.8506024096385542,2.6517334,-0.56799316,5.392307692307693,1001.64375,0.49006727,0.9335418911179212,0.35846832151248087,3
2023-03-12,6.296385542168673,-2.0180722891566263,5.808716,-0.7703247,3.805128205128205,1010.50625,0.49006727,0.9395699859530622,0.342356891994542,3
2023-03-13,15.821686746987952,5.521686746987952,14.206909,6.151428,5.464102564102565,999.7968750000002,0.49006727,0.945320046913132,0.3261441535642696,3
2023-03-14,14.166265060240963,0.8771084337349397,12.695435,2.2217407,5.535897435897436,993.184375,0.49006727,0.9507903724625832,0.3098349038318025,3
2023-03-15,6.93855421686747,-1.3385542168674698,6.789917,0.41799927,3.869230769230769,1013.15625,0.49006727,0.9559793438440766,0.2934339689665273,3
2023-03-16,9.41566265060241,-2.766265060240964,8.003784,-2.069458,3.0615384615384613,1021.7062500000002,0.49006727,0.9608854255574977,0.27694620226893646,3
2023-03-17,13.90843373493976,2.5650602409638554,12.885071,2.723816,4.556410256410257,1014.821875,0.49006727,0.9655071658143364,0.2603764827344581,3
2023-03-18,17.606024096385543,5.589156626506025,17.060059,5.2644653,2.923076923076923,1012.14375,0.49006727,0.969843196967294,0.24372971360968387,3
2023-03-19,16.19277108433735,5.024096385542169,15.535645,5.240631,2.153846153846154,1014.765625,0.49006727,0.9738922359149924,0.22701082094141847,3
2023-03-20,11.559036144578316,6.892771084337349,11.333984,5.3894653,2.8564102564102565,1016.71875,0.49006727,0.9776530844816641,0.2102247521189836,3
2023-03-21,12.263855421686747,6.59156626506024,9.855804,6.6688232,2.51025641025641,1015.59375,0.49006727,0.981124629771712,0.19337647441020586,3
2023-03-22,16.773493975903616,7.568674698795181,15.271698,6.8465576,3.861538461538462,1009.684375,0.49006727,0.984305844499033,0.17647097349152166,3
2023-03-23,16.004819277108435,9.0855421686747,14.922974,10.464478,4.141025641025641,1005.634375,0.49006727,0.9871957872910085,0.15951325197263655,3
2023-03-24,16.22289156626506,7.5855421686746975,15.057495,9.751282,4.551282051282051,1002.63125,0.49006727,0.9897936029670716,0.14250832791617088,3
2023-03-25,13.01686746987952,6.744578313253013,12.114044,7.99527,5.143589743589744,1002.590625,0.49006727,0.992098522791769,0.12546123335273648,3
2023-03-26,11.234939759036148,3.730120481927711,10.625122,6.6390076,4.241025641025641,1002.8625,0.49006727,0.9941098647022418,0.10837701279187609,3
2023-03-27,7.163855421686748,0.0746987951807229,6.8095093,1.4111938,4.807692307692309,1011.4,0.49006727,0.9958270335100595,0.09126072172931188,3
2023-03-28,7.47710843373494,-0.9891566265060242,6.829132,-0.06173706,4.384615384615384,1021.275,0.49006727,0.9972495210773451,0.07411742515094437,3
2023-03-29,10.851807228915662,-0.2,9.662903,0.46191406,3.061538461538462,1017.453125,0.49006727,0.998376906467142,0.056952196034039754,3
2023-03-30,17.740963855421686,7.363855421686748,16.289825,7.949005,3.8641025641025646,1007.275,0.49006727,0.9992088560679753,0.03977011384605572,3
2023-03-31,13.906024096385543,8.114457831325302,12.730408,8.137207,3.2025641025641023,1000.24375,0.49006727,0.9997451236925734,0.022576263041545485,3
2023-04-01,11.07590361445783,3.4060240963855426,8.832977,6.3502197,4.176923076923077,1001.03125,0.49006727,0.9999855506507186,0.005375731557583884,4
2023-04-02,7.603614457831325,0.2795180722891566,6.813385,2.6929016,5.13076923076923,1020.109375,0.49006727,0.9999300657962057,-0.011826390691832589,4
2023-04-03,5.691566265060242,-2.180722891566265,4.758545,0.26333618,3.605555555555555,1031.69375,0.49006727,0.9995786855478958,-0.029025013321975237,4
2023-04-04,7.053012048192772,-3.3734939759036147,4.7208557,-1.6145325,2.210810810810811,1028.934375,0.49006727,0.9989315138848577,-0.046215046983708354,4
2023-04-05,8.096385542168676,-2.466265060240964,6.627075,-1.9286194,1.8461538461538465,1023.678125,0.49006727,0.9979887423155984,-0.06339140486951038,4
2023-04-06,11.326506024096387,-1.8530120481927712,9.60022,-0.55426025,2.333333333333333,1021.271875,0.49006727,0.9967506498213929,-0.08054900421874167,4
2023-04-07,7.706024096385544,-1.1445783132530123,4.978821,0.07324219,2.761538461538462,1020.26875,0.49006727,0.9952176027737294,-0.09768276782171598,4
2023-04-08,10.440963855421684,2.3084337349397592,11.72821,4.1137085,2.853846153846154,1024.2687500000002,0.49006727,0.9933900548258936,-0.11478762552212701,4
2023-04-09,13.10240963855422,0.0662650602409638,11.758728,3.6537476,1.6743589743589746,1027.234375,0.49006727,0.9912685467787256,-0.13185851571739118,4
2023-04-10,16.80722891566265,0.2939759036144578,14.699005,4.707367,2.971052631578948,1023.16875,0.49006727,0.9888537064205885,-0.1488903868564548,4
2023-04-11,12.531325301204818,2.3795180722891565,11.852905,7.139801,4.278947368421052,1010.365625,0.49006727,0.986146248341595,-0.16587819893463143,4
2023-04-12,14.3144578313253,-0.1072289156626506,14.198578,2.8644104,3.710526315789474,1006.825,0.49006727,0.9831469737221499,-0.1828169249850199,4
2023-04-13,13.561445783132529,4.562650602409639,12.646423,6.6484375,2.7684210526315787,1004.1354838709678,0.49006727,0.9798567700958665,-0.1997015525660636,4
2023-04-14,9.195180722891568,5.366265060240964,8.455048,5.3241577,2.887179487179488,1008.6774193548388,0.49006727,0.9762766110869321,-0.21652708524481437,4
2023-04-15,11.05421686746988,7.019277108433734,10.459351,7.3742065,3.146153846153847,1008.467741935484,0.49006727,0.9724075561219968,-0.23328854407545518,4
2023-04-16,11.169879518072287,7.054216867469879,10.970703,8.333679,3.0,1018.4290322580644,0.49006727,0.9682507501166718,-0.2499809690726521,4
2023-04-17,10.627710843373496,5.255421686746988,10.828735,5.4908752,3.4692307692307693,1025.1,0.49006727,0.9638074231367307,-0.26659942067929354,4
2023-04-18,13.004819277108435,4.333734939759036,13.626404,5.771698,3.8763157894736846,1028.151612903226,0.49006727,0.9590788900341131,-0.28313898122818354,4
2023-04-19,12.1,2.9132530120481928,11.148529,4.5906982,4.968421052631578,1024.7032258064517,0.49006727,0.9540665500578387,-0.2995947563972602,4
2023-04-20,14.789156626506028,4.343373493975903,14.712311,5.9989014,2.976923076923077,1021.0580645161292,0.49006727,0.9487718864399473,-0.31596187665790293,4
2023-04-21,20.156626506024097,6.3903614457831335,18.523956,8.965759,3.846153846153847,1018.3451612903228,0.49006727,0.9431964659565866,-0.33223549871590435,4
2023-04-22,22.04698795180723,6.008433734939758,20.304626,9.272339,3.2589743589743594,1012.5741935483873,0.49006727,0.9373419384643772,-0.3484108069446808,4
2023-04-23,18.00602409638554,9.655421686746989,16.513794,12.036499,2.7487179487179483,1007.1419354838712,0.49006727,0.9312100364121947,-0.3644830148102912,4
2023-04-24,17.23734939759036,7.004819277108433,15.851196,10.358276,4.282051282051281,1003.4806451612902,0.49006727,0.9248025743285089,-0.38044736628785164,4
2023-04-25,10.83132530120482,3.6626506024096384,11.233551,7.852783,4.6512820512820525,1008.4483870967742,0.49006727,0.9181214482844364,-0.39629913726891813,4
2023-04-26,10.532530120481928,1.5457831325301206,10.134705,4.654541,4.305128205128205,1015.6354838709676,0.49006727,0.9111686353326631,-0.41203363695942635,4
2023-04-27,11.885542168674698,1.3903614457831328,10.357971,3.0481262,2.5794871794871805,1020.009677419355,0.49006727,0.9039461929224011,-0.42764620926777464,4
2023-04-28,15.612048192771086,1.3590361445783132,15.970581,2.1470642,2.8025641025641037,1016.2129032258066,0.49006727,0.8964562582905575,-0.44313223418263453,4
2023-04-29,14.553012048192771,6.930120481927712,14.063568,9.826233,3.428205128205128,1013.316129032258,0.49006727,0.8887010478292915,-0.45848712914008766,4
2023-04-30,14.402409638554218,2.246987951807229,12.7621155,5.9512024,2.57948717948718,1022.5322580645162,0.49006727,0.8806828564301475,-0.47370635037968,4
2023-05-01,19.14939759036145,1.2096385542168675,17.191254,4.2392883,2.328205128205128,1017.6354838709676,0.49006727,0.8724040568049612,-0.48878539428899265,5
2023-05-02,14.17710843373494,5.60843373493976,13.726624,9.05304,3.579487179487179,1019.4741935483872,0.49006727,0.8638670987837349,-0.503719798736334,5
2023-05-03,15.024096385542167,2.503614457831325,13.391357,7.331848,2.089743589743589,1027.8870967741937,0.49006727,0.8550745085896932,-0.518505144391157,5
2023-05-04,18.572289156626507,1.6289156626506025,16.736084,4.622589,2.051282051282051,1024.5064516129032,0.49006727,0.8460288880917339,-0.533137056031809,5
2023-05-05,20.134939759036147,6.73855421686747,18.40326,9.459106,4.569230769230769,1019.9290322580644,0.49006727,0.8367329140344921,-0.5476112038402312,5
2023-05-06,11.26506024096386,7.351807228915663,10.787598,8.996094,3.38974358974359,1019.1354838709676,0.49006727,0.8271893372462497,-0.5619233046832195,5
2023-05-07,15.08795180722892,6.1000000000000005,15.008301,7.6846313,3.902564102564104,1023.9354838709676,0.49006727,0.8174009818249189,-0.5760691233798758,5
2023-05-08,18.268674698795184,3.830120481927711,15.964233,7.5145264,4.443589743589743,1026.7193548387097,0.49006727,0.8073707443023492,-0.5900444739548627,5
2023-05-09,19.65421686746988,5.948192771084337,17.24408,8.794312,5.046153846153848,1020.3322580645162,0.49006727,0.7971015927871943,-0.6038452208771035,5
2023-05-10,21.33614457831325,8.536144578313253,20.267578,10.963684,3.9666666666666672,1012.1483870967744,0.49006727,0.7865965660866021,-0.6174672802835514,5
2023-05-11,22.368674698795186,9.607228915662652,19.818756,12.595673,3.235897435897436,1015.1548387096776,0.49006727,0.7758587728069828,-0.6309066211876704,5
2023-05-12,22.6710843373494,9.732530120481927,20.673187,12.6519165,3.534210526315789,1018.9096774193548,0.49006727,0.7648913904341225,-0.6441592666722685,5
2023-05-13,22.097590361445786,8.113253012048194,20.09674,12.696503,3.3736842105263154,1021.5387096774194,0.49006727,0.753697664392914,-0.6572212950663319,5
2023-05-14,21.16265060240964,7.743373493975904,19.772705,9.494202,2.2605263157894733,1018.3645161290324,0.49006727,0.742280907086982,-0.6700888411055113,5
2023-05-15,20.875903614457837,7.406024096385543,19.779846,10.91272,2.3210526315789477,1009.6870967741936,0.49006727,0.7306444969184916,-0.6827580970759147,5
2023-05-16,15.733734939759035,6.339759036144579,15.864563,11.140381,4.110526315789474,1013.8516129032258,0.49006727,0.7187918772884232,-0.6952253139408722,5
2023-05-17,15.475903614457833,4.30843373493976,13.784332,8.4314575,3.971052631578948,1022.0193548387095,0.49006727,0.7067265555776158,-0.7074868024503348,5
2023-05-18,16.66987951807229,3.3313253012048194,13.94635,8.125397,2.2487179487179487,1027.7967741935483,0.49006727,0.6944521021088763,-0.719538934232584,5
2023-05-19,18.90963855421687,5.796385542168675,16.837128,8.381409,3.253846153846154,1027.0096774193548,0.49006727,0.6819721490904629,-0.7313781428679254,5
2023-05-20,20.04698795180723,8.961445783132532,19.75415,11.703003,3.6051282051282056,1024.7387096774194,0.49006727,0.6692903895412567,-0.7430009249440493,5
2023-05-21,27.13734939759036,11.604819277108437,25.635864,14.121002,3.548717948717949,1018.9645161290324,0.49006727,0.6564105761979381,-0.7544038410927472,5
2023-05-22,26.365060240963857,13.659036144578314,25.10498,16.93158,3.3,1016.016129032258,0.49006727,0.6433365204044917,-0.765583517007675,5
2023-05-23,20.03253012048193,9.481927710843374,18.59137,14.820862,3.4743589743589745,1013.3645161290322,0.49006727,0.6300720909843687,-0.7765366444428655,5
2023-05-24,16.092771084337347,6.8265060240963855,15.130737,10.228912,2.653846153846154,1020.4580645161292,0.49006727,0.6166212130956382,-0.7872599821916922,5
2023-05-25,20.06626506024097,5.656626506024097,18.538696,11.098145,2.5641025641025643,1024.451612903226,0.49006727,0.6029878670694714,-0.7977503570459932,5
2023-05-26,19.64457831325301,6.107228915662652,17.651978,10.212891,2.994871794871795,1026.716129032258,0.49006727,0.5891760872322963,-0.8080046647350754,5
2023-05-27,21.067469879518075,4.720481927710844,19.531006,8.859497,1.7641025641025645,1026.9741935483871,0.49006727,0.5751899607119775,-0.8180198708443174,5
2023-05-28,23.789156626506024,5.492771084337349,22.005127,10.346741,1.9102564102564104,1020.9967741935486,0.49006727,0.5610336262283677,-0.8277930117131022,5
2023-05-29,21.8277108433735,7.472289156626506,19.90805,12.954742,2.7076923076923074,1021.4387096774192,0.49006727,0.5467112728685939,-0.8373211953118121,5
2023-05-30,22.29879518072289,6.2373493975903616,20.959503,10.2977295,2.51025641025641,1024.0419354838712,0.49006727,0.5322271388474397,-0.8466016020976267,5
2023-05-31,25.255421686746985,6.7373493975903616,23.023163,11.938904,1.9615384615384612,1023.767741935484,0.49006727,0.5175855102531889,-0.8556314858488706,5
2023-06-01,22.08674698795181,9.437349397590362,20.59378,12.916809,3.676923076923077,1016.1645161290322,0.5514463,0.5027907197793043,-0.8644081744776648,6
2023-06-02,19.555421686746996,7.2144578313253,18.461914,13.072601,3.4692307692307693,1011.403125,0.5514463,0.4878471454423119,-0.8729290708206411,6
2023-06-03,20.6289156626506,4.198795180722891,19.66394,9.939941,2.369230769230769,998.616129032258,0.5514463,0.47275920928627757,-0.881191653407483,6
2023-06-04,23.510843373493977,4.534939759036145,22.062805,10.828125,1.807692307692308,1021.9451612903226,0.5514463,0.4575313760742512,-0.8891934772070711,6
2023-06-05,26.0855421686747,7.33012048192771,24.96228,12.286926,2.213157894736842,1012.1903225806452,0.5514463,0.44216815196707204,-0.8969321743510065,6
2023-06-06,23.965060240963854,12.334939759036144,21.944855,17.13916,2.021052631578948,1019.0774193548386,0.5514463,0.42667408318992467,-0.9044054548343001,6
2023-06-07,27.879518072289155,14.065060240963856,27.322205,16.568237,2.263157894736843,1010.2612903225807,0.5514463,0.4110537546870351,-0.9116111071930239,6
2023-06-08,28.943373493975905,13.819277108433734,26.86493,18.046265,2.305263157894737,1000.4290322580646,0.5514463,0.3953117887649151,-0.9185469991587165,6
2023-06-09,28.82530120481928,13.05421686746988,27.174347,18.386871,3.181578947368422,1015.9193548387096,0.5514463,0.37945284372454435,-0.925211078289358,6
2023-06-10,28.686746987951807,12.633734939759035,28.226776,17.522919,3.297368421052631,1000.9580645161292,0.5514463,0.36348161248290634,-0.9316013725767187,6
2023-06-11,27.680722891566266,11.679518072289158,25.91626,17.911865,2.9342105263157894,1002.9266666666666,0.5514463,0.3474028211842774,-0.9377159910299093,6
2023-06-12,26.34578313253012,11.459036144578317,25.566925,18.387115,3.139473684210526,1011.5967741935484,0.5514463,0.3312212278016865,-0.9435531242349544,6
2023-06-13,24.20963855421687,9.837349397590362,22.716614,17.403473,3.4157894736842103,991.2612903225807,0.5514463,0.31494162072895193,-0.9491110448902284,6
2023-06-14,23.852380952380955,9.492857142857144,22.711884,15.187988,2.810526315789473,1010.734375,0.5514463,0.2985688173637202,-0.9543881083175908,6
2023-06-15,24.261445783132533,11.751807228915665,20.371338,14.899078,2.307894736842105,1017.8032258064516,0.5514463,0.2821076626819194,-0.9593827529490743,6
2023-06-16,20.08433734939759,12.387951807228916,18.967316,13.697754,2.5923076923076915,1015.2870967741936,0.5514463,0.26556302780405594,-0.9640935007889755,6
2023-06-17,22.485542168674694,11.727710843373496,21.658386,13.441559,1.9947368421052636,1013.7225806451612,0.5514463,0.24893980855376657,-0.9685189578512204,6
2023-06-18,26.726506024096388,10.618072289156627,24.5878,12.930969,1.5540540540540542,1014.2096774193548,0.5514463,0.23224292400907015,-0.9726578145718654,6
2023-06-19,28.772289156626503,14.687951807228917,28.184998,16.323883,2.1621621621621627,1013.2774193548388,0.5514463,0.21547731504673012,-0.976508846196619,6
2023-06-20,27.56024096385542,16.550602409638554,26.059021,19.720398,1.8297297297297292,1013.6290322580646,0.5514463,0.19864794288017112,-0.9800709131432666,6
2023-06-21,28.93855421686747,17.313253012048193,28.04071,20.353668,2.9473684210526314,1014.183870967742,0.5514463,0.18175978759137534,-0.9833429613388902,6
2023-06-22,29.46265060240964,15.56987951807229,28.402954,18.995361,2.7025641025641027,1017.8483870967742,0.5514463,0.16481784665719793,-0.9863240225317866,6
2023-06-23,20.46144578313253,14.956626506024095,19.090942,17.518707,3.135897435897436,1015.9935483870968,0.5514463,0.14782713347053048,-0.9890132145779883,6
2023-06-24,25.39036144578313,13.662650602409638,23.928131,15.972076,2.576923076923077,1022.8612903225808,0.5514463,0.13079267585675922,-0.9914097417023038,6
2023-06-25,27.30240963855422,14.636144578313257,25.046783,18.55426,1.38974358974359,1019.6322580645162,0.5514463,0.11371951458594969,-0.9935128947338007,6
2023-06-26,31.146987951807237,15.256626506024098,29.11969,18.549622,2.881578947368421,1013.8354838709678,0.5514463,0.0966127018812031,-0.9953220513156602,6
2023-06-27,21.41204819277109,12.536144578313252,21.023804,16.192291,4.278947368421053,1015.3612903225808,0.5514463,0.07947729992362097,-0.9968366760893436,6
2023-06-28,23.40722891566265,11.998795180722892,20.660828,15.000641,3.782051282051282,1015.7870967741936,0.5514463,0.062318379354325076,-0.998056320853012,6
2023-06-29,25.883132530120484,11.436144578313256,23.330383,13.967285,1.7333333333333332,1014.971875,0.5514463,0.04514101777397193,-0.9989806246941579,6
2023-06-30,21.79879518072289,15.3,21.957275,18.2984,2.0333333333333337,1010.6290322580646,0.5514463,0.02795029824021032,-0.999609314096404,6
2023-07-01,24.31807228915663,14.085542168674698,24.132507,16.349121,3.456410256410257,1006.2129032258064,0.5514463,0.01075130776352193,-0.9999422030204416,7
2023-07-02,22.555421686746985,13.22289156626506,21.567566,16.812897,5.146153846153847,1005.7193548387098,0.5514463,-0.00645086419810515,-0.9999791929590823,7
2023-07-03,22.3710843373494,12.237349397590362,20.635529,15.849365,4.120512820512821,1009.209677419355,0.5514463,-0.023651127245231586,-0.9997202729664083,7
2023-07-04,23.27469879518073,11.884337349397592,21.676422,15.347076,4.123684210526315,1011.5548387096776,0.5514463,-0.04084439154329611,-0.9991655196610109,7
2023-07-05,24.840963855421688,11.545783132530122,23.720856,13.313629,4.371052631578947,1011.0870967741936,0.5514463,-0.05802556932878035,-0.9983150972033183,7
2023-07-06,23.56144578313253,10.634939759036143,21.743195,15.528473,2.6578947368421058,1017.1419354838712,0.5514463,-0.07518957641475855,-0.9971692572470178,7
2023-07-07,28.289156626506024,9.359036144578312,26.64093,15.284241,1.694736842105263,1021.683870967742,0.5514463,-0.09233133369539122,-0.9957283388645872,7
2023-07-08,30.96506024096386,12.356626506024096,29.404541,15.728912,2.1184210526315788,1020.574193548387,0.5514463,-0.10944576864891556,-0.993992768446958,7
2023-07-09,32.29156626506024,13.507228915662653,31.096558,18.77887,2.028947368421053,1020.441935483871,0.5514463,-0.12652781683868314,-0.9919630595773397,7
2023-07-10,29.05421686746988,15.548192771084338,27.74881,21.44458,2.9578947368421056,1018.032258064516,0.5514463,-0.1435724234118113,-0.9896398128792412,7
2023-07-11,30.2710843373494,13.196385542168676,29.797424,17.817383,2.2526315789473683,1016.258064516129,0.5514463,-0.16057454459499376,-0.9870237158387383,7
2023-07-12,28.174698795180724,16.253012048192772,26.924377,23.141418,4.328947368421053,1008.6354838709676,0.5514463,-0.17752914918703497,-0.984115542601034,7
2023-07-13,25.93253012048193,13.162650602409638,24.398499,17.855621,3.1131578947368417,1014.4096774193548,0.5514463,-0.19443122004766195,-0.9809161537413774,7
2023-07-14,26.906024096385547,11.83975903614458,25.198456,16.509674,2.060526315789474,1016.8741935483872,0.5514463,-0.2112757555821793,-0.9774264960104055,7
2023-07-15,34.90963855421687,15.461445783132532,34.340424,19.687744,2.9736842105263164,1010.1483870967744,0.5514463,-0.2280577712215198,-0.9736476020539838,7
2023-07-16,28.40602409638554,15.662650602409638,27.860413,21.679108,3.702631578947369,1012.0806451612904,0.5514463,-0.24477230089725957,-0.9695805901076308,7
2023-07-17,27.567469879518075,13.313253012048197,26.324615,19.827637,3.921052631578948,1016.2612903225806,0.5514463,-0.2614143985111562,-0.965226663665613,7
2023-07-18,25.27349397590362,11.644578313253012,23.514954,17.016022,2.694736842105263,1018.8967741935484,0.5514463,-0.2779791393987801,-0.9605871111248129,7
2023-07-19,25.74819277108434,11.586746987951807,25.488708,15.710999,2.407692307692308,1011.983870967742,0.5514463,-0.2944616217868012,-0.9556633054034704,7
2023-07-20,22.76024096385542,11.413253012048193,21.945404,15.719543,3.1641025641025644,1011.9935483870968,0.5514463,-0.3108569682435036,-0.9504567035349151,7
2023-07-21,22.13975903614458,9.24578313253012,20.239777,14.682526,1.8205128205128205,1011.4741935483872,0.5514463,-0.3271603271220951,-0.9449688462364056,7
2023-07-22,22.544578313253016,12.018072289156626,21.539001,14.782776,3.5333333333333337,1012.6548387096774,0.5514463,-0.34336687399638804,-0.939201357453208,7
2023-07-23,27.012048192771083,14.034939759036146,27.2995,17.425781,3.425641025641025,1009.3774193548388,0.5514463,-0.3594718130884232,-0.9331559438780432,7
2023-07-24,27.95542168674699,15.036144578313252,27.237457,17.705719,3.612820512820512,1003.1903225806452,0.5514463,-0.3754703786876202,-0.9268343944460494,7
2023-07-25,21.33012048192771,13.189156626506028,21.121765,15.922363,3.1435897435897435,1003.583870967742,0.5514463,-0.3913578365610259,-0.9202385798054075,7
2023-07-26,20.86144578313253,10.946987951807229,20.46112,14.751953,3.3205128205128207,1009.516129032258,0.5514463,-0.4071294853542516,-0.9133704517637858,7
2023-07-27,20.214457831325305,10.121686746987953,20.667877,13.98233,3.0256410256410264,1009.0935483870968,0.5514463,-0.4227806579826773,-0.9062320427107697,7
2023-07-28,24.333734939759037,15.90843373493976,21.555603,16.30719,3.297435897435898,1004.7612903225806,0.5514463,-0.4383067230125192,-0.898825465016444,7
2023-07-29,25.040963855421687,14.72289156626506,23.19806,16.31128,2.543589743589744,1007.209677419355,0.5514463,-0.45370308603134424,-0.8911529104063088,7
2023-07-30,24.656626506024097,13.998795180722892,23.672668,16.94815,3.428205128205128,1009.283870967742,0.5514463,-0.46896519100763184,-0.8832166493127127,7
2023-07-31,21.434939759036148,14.09156626506024,20.774231,15.002838,4.0,1008.2666666666668,0.5514463,-0.48408852163897587,-0.8750190302029955,7
2023-08-01,21.97710843373494,15.067469879518072,20.815582,17.026367,4.097297297297298,998.6300000000002,0.5514463,-0.4990686026885319,-0.8665624788845385,8
2023-08-02,22.73614457831325,14.49277108433735,22.361755,16.166565,4.324324324324324,998.5483870967744,0.5514463,-0.5139010013093103,-0.8578494977869301,8
2023-08-03,23.025301204819275,16.220481927710843,22.163605,18.463562,5.560526315789476,997.2258064516128,0.5514463,-0.5285813283559292,-0.8488826652214553,8
2023-08-04,23.222891566265066,13.771084337349398,22.306458,16.85553,3.0263157894736845,1009.4806451612905,0.5514463,-0.5431052396834317,-0.8396646346181327,8
2023-08-05,21.401204819277112,12.56867469879518,20.876831,14.785461,1.88421052631579,1013.4451612903226,0.5514463,-0.5574684374327892,-0.8301981337405212,8
2023-08-06,18.403614457831324,13.765060240963855,18.106628,15.616608,2.363157894736842,1004.8,0.5514463,-0.5716666713027052,-0.8204859638785327,8
2023-08-07,19.78674698795181,12.981927710843374,18.897339,13.988281,6.16842105263158,1004.8290322580646,0.5514463,-0.5856957398073508,-0.8105309990194823,8
2023-08-08,19.84819277108434,11.389156626506026,19.40033,13.982971,5.471052631578947,1009.4645161290324,0.5514463,-0.5995514915196489,-0.8003361849976323,8
2023-08-09,20.392771084337348,10.442168674698795,19.413757,13.0555725,3.018421052631579,1013.5290322580646,0.5514463,-0.6132298262997502,-0.7899045386224707,8
2023-08-10,21.968674698795184,9.333734939759037,19.204773,12.06958,2.186842105263158,1020.2193548387098,0.5514463,-0.6267266965083301,-0.7792391467859886,8
2023-08-11,25.521686746987957,10.00843373493976,25.101654,13.480133,1.6842105263157894,1021.474193548387,0.5514463,-0.6400381082043503,-0.7683431655492202,8
2023-08-12,28.156626506024097,15.103614457831329,24.579346,18.036041,2.5500000000000003,1017.141935483871,0.5514463,-0.65316012232693,-0.7572198192083127,8
2023-08-13,26.565060240963856,15.983132530120484,25.373627,18.007812,2.0078947368421054,1017.3096774193548,0.5514463,-0.666088855860977,-0.7458723993404063,8
2023-08-14,30.44578313253012,14.566265060240964,28.888214,19.05426,2.1973684210526314,1016.264516129032,0.5514463,-0.6788204829862355,-0.734304263829602,8
2023-08-15,30.844578313253017,18.09879518072289,30.164734,21.48175,2.4138888888888883,1015.6129032258063,0.5514463,-0.6913512362094071,-0.722518835873311,8
2023-08-16,27.343373493975903,18.491566265060243,26.529938,20.490509,2.116216216216216,1019.816129032258,0.5514463,-0.7036774074790128,-0.7105196029692745,8
2023-08-17,26.2710843373494,17.198795180722893,24.754395,18.58789,2.9324324324324325,1019.7290322580644,0.5514463,-0.7157953492826642,-0.6983101158835584,8
2023-08-18,29.289156626506024,17.319277108433738,27.846588,19.528381,2.272972972972973,1017.9451612903226,0.5514463,-0.7277014757264236,-0.6858939875998223,8
2023-08-19,32.05421686746988,17.472289156626506,30.201843,19.870758,1.8500000000000003,1017.4129032258066,0.5514463,-0.7393922635959241,-0.673274892250183,8
2023-08-20,28.90481927710844,18.60843373493976,27.087158,21.640228,2.426315789473685,1020.3967741935484,0.5514463,-0.7508642533989489,-0.6604565640279754,8
2023-08-21,27.379518072289155,16.467469879518074,26.234436,19.486237,2.1421052631578945,1022.1,0.5514463,-0.7621140503891487,-0.6474427960827475,8
2023-08-22,26.55421686746988,14.556626506024095,24.111816,18.979645,1.7736842105263164,1019.7032258064517,0.5514463,-0.7731383255706026,-0.6342374393978054,8
2023-08-23,26.70963855421687,13.003614457831327,25.320892,16.679932,2.002702702702703,1018.9,0.5514463,-0.7839338166829201,-0.620844401650647,8
2023-08-24,28.15542168674699,13.984337349397594,27.124481,17.95929,1.7282051282051285,1016.5967741935484,0.5514463,-0.7944973291665992,-0.6072676460566135,8
2023-08-25,28.45301204819277,17.534939759036146,28.286102,20.349274,2.407692307692308,1008.9806451612905,0.5514463,-0.8048257371083452,-0.593511190196115,8
2023-08-26,25.328915662650605,13.821686746987956,24.04779,20.554352,2.97948717948718,1009.578125,0.5514463,-0.8149159841660791,-0.5795791048257612,8
2023-08-27,20.75301204819277,12.426506024096389,20.762482,17.1604,1.7794871794871792,1010.24375,0.5514463,-0.8247650844733614,-0.5654755126737576,8
2023-08-28,19.157831325301206,11.375903614457831,19.125183,14.475342,2.294594594594595,1010.871875,0.5514463,-0.8343701235229538,-0.5512045872199277,8
2023-08-29,17.18072289156627,12.981927710843374,15.367493,14.58194,2.117948717948718,1009.2875,0.5514463,-0.8437282590292712,-0.5367705514607103,8
2023-08-30,20.693975903614454,12.159036144578314,20.434753,13.581848,1.823076923076923,1007.246875,0.5514463,-0.8528367217694595,-0.522177676659508,8
2023-08-31,18.704819277108435,10.860240963855423,18.644989,13.169922,3.551282051282051,1008.365625,0.5514463,-0.8616928164028522,-0.5074302810827518,8
2023-09-01,21.022891566265063,9.372289156626508,21.269958,12.925781,2.6897435897435904,1013.58125,0.55493724,-0.8702939222685674,-0.49253272872205434,9
2023-09-02,22.1710843373494,10.275903614457832,21.450531,12.677643,1.6948717948717955,1019.80625,0.55493724,-0.8786374941610001,-0.4774894280028391,9
2023-09-03,21.20240963855422,11.750602409638551,20.118103,14.504059,2.551282051282051,1025.56875,0.55493724,-0.886721063082993,-0.46230483047981086,9
2023-09-04,25.373493975903614,10.49277108433735,23.568634,13.643616,1.5102564102564104,1028.24375,0.55493724,-0.8945422369764496,-0.4469834295196741,9
2023-09-05,27.718072289156627,12.607228915662652,26.146118,15.473633,2.282051282051281,1024.321875,0.55493724,-0.9020987014301837,-0.43152975897147144,9
2023-09-06,29.11927710843373,11.643373493975904,27.412903,15.654755,1.7666666666666668,1023.06875,0.55493724,-0.9093882203647925,-0.4159483918249421,9
2023-09-07,28.926506024096387,12.510843373493977,27.486694,16.357727,2.543589743589744,1024.115625,0.55493724,-0.9164086366943458,-0.4002439388573056,9
2023-09-08,29.33373493975904,12.403614457831326,28.093384,16.848267,2.335897435897436,1021.346875,0.55493724,-0.9231578729647039,-0.38442104726885545,9
2023-09-09,30.44578313253012,12.226506024096388,28.808289,16.24762,2.06923076923077,1018.246875,0.55493724,-0.9296339319682695,-0.3684843993077793,9
2023-09-10,30.52530120481928,12.074698795180725,29.147522,16.635162,1.425641025641026,1017.128125,0.55493724,-0.9358348973349941,-0.35243871088460327,9
2023-09-11,30.491566265060243,12.63132530120482,29.258545,16.88382,1.2692307692307694,1014.3125,0.55493724,-0.9417589340994617,-0.33628873017668287,9
2023-09-12,29.095180722891573,13.828915662650603,28.850098,17.50418,1.892307692307693,1012.365625,0.55493724,-0.9474042892438845,-0.32003923622313857,9
2023-09-13,22.934939759036148,13.263855421686747,22.625061,17.873413,3.27948717948718,1012.903125,0.55493724,-0.9527692922168511,-0.30369503751065885,9
2023-09-14,20.310843373493977,8.96987951807229,19.915497,13.115784,2.025641025641025,1021.846875,0.55493724,-0.9578523554276669,-0.28726097055059635,9
2023-09-15,23.251807228915663,7.542168674698795,22.762817,13.09613,2.4692307692307693,1022.3375,0.55493724,-0.9626519747161487,-0.2707418984477642,9
2023-09-16,25.71204819277109,10.587951807228915,24.874908,15.129181,2.4641025641025647,1017.9,0.55493724,-0.9671667297977312,-0.2541427094613622,9
2023-09-17,27.568674698795174,11.433734939759036,26.872498,15.618988,1.646153846153846,1015.66875,0.55493724,-0.97139528468375,-0.23746831555846842,9
2023-09-18,26.767469879518075,15.187951807228917,27.359863,18.662048,3.4128205128205136,1009.3375,0.55493724,-0.9753363880767837,-0.2207236509605022,9
2023-09-19,20.98192771084337,14.332530120481929,20.832672,17.9057,4.612820512820513,1009.00625,0.55493724,-0.9789888737409319,-0.20391367068311472,9
2023-09-20,24.978313253012047,13.574698795180726,24.661499,16.467346,3.764102564102564,1010.290625,0.55493724,-0.9823516608469237,-0.18704334906991657,9
2023-09-21,28.330120481927707,12.651807228915663,27.362854,16.008423,2.9421052631578952,1004.184375,0.55493724,-0.9854237542919524,-0.17011767832049052,9
2023-09-22,19.257831325301208,12.948192771084338,19.785889,17.254944,2.892105263157894,1002.5548387096776,0.55493724,-0.9882042449941422,-0.15314166701312007,9
2023-09-23,18.73132530120482,9.95421686746988,17.990265,14.098022,3.3947368421052637,1012.1064516129036,0.55493724,-0.9906923101615609,-0.13612033862266704,9
2023-09-24,19.591566265060244,7.97710843373494,18.699036,10.84552,1.8605263157894736,1025.593548387097,0.55493724,-0.9928872135356962,-0.11905873003404988,9
2023-09-25,21.95060240963856,6.675903614457831,21.64389,10.940186,2.1921052631578952,1027.01875,0.55493724,-0.994788305609327,-0.10196189005174576,9
2023-09-26,24.73614457831325,8.779518072289157,24.060547,13.211792,1.6820512820512818,1023.31875,0.55493724,-0.9963950238187231,-0.08483487790576538,9
2023-09-27,26.865060240963857,10.86987951807229,25.719055,15.391357,1.6333333333333333,1020.946875,0.55493724,-0.9977068927101168,-0.06768276175455162,9
2023-09-28,26.75421686746988,12.156626506024097,25.959778,15.395874,1.9589743589743591,1017.49375,0.55493724,-0.9987235240803972,-0.050510617185222886,9
2023-09-29,23.960240963855423,12.183132530120483,25.848755,15.623596,2.5128205128205128,1016.90625,0.55493724,-0.9994446170919858,-0.033323525711631344,9
2023-09-30,19.937349397590364,10.042168674698797,18.888977,13.707153,3.4820512820512826,1023.459375,0.55493724,-0.9998699583618592,-0.016126573270657762,9
2023-10-01,20.431325301204826,11.137349397590365,19.93991,14.489014,2.535897435897436,1023.665625,0.55493724,-0.9999994220246925,0.001075151282798226,10
2023-10-02,25.83855421686747,13.061445783132532,24.646667,14.353149,2.353846153846153,1020.390625,0.55493724,-0.999832969770105,0.018276557681691223,10
2023-10-03,24.76385542168675,11.909638554216867,24.66336,16.20694,4.758974358974359,1012.178125,0.55493724,-0.9993706508539969,0.03547255575312556,10
2023-10-04,17.731325301204823,11.267469879518073,17.582947,13.156067,4.907692307692308,1022.56875,0.55493724,-0.9986126020839734,0.052658056924614005,10
2023-10-05,17.106024096385543,10.045783132530122,16.77121,13.36618,4.305128205128205,1021.259375,0.55493724,-0.9975590477788613,0.06982797572987089,10
2023-10-06,18.27710843373494,10.528915662650604,17.682251,11.953369,4.466666666666668,1021.803125,0.55493724,-0.9962102997023297,0.0869772313136861,10
2023-10-07,18.467469879518077,11.318072289156628,17.279114,14.566559,5.321621621621621,1015.078125,0.55493724,-0.9945667569706337,0.1041007489354256,10
2023-10-08,15.395180722891569,8.528915662650604,14.689331,10.245483,2.1702702702702705,1023.409375,0.55493724,-0.9926289059345095,0.121193461470736,10
2023-10-09,12.504819277108435,8.504819277108435,12.519287,9.639557,2.051282051282051,1019.16875,0.55493724,-0.9903973200352558,0.1382503109109819,10
2023-10-10,17.379518072289155,11.018072289156626,17.4906,11.214081,2.3256410256410263,1018.384375,0.55493724,-0.9878726596350429,0.15526624985999563,10
2023-10-11,23.32409638554217,13.484337349397592,23.213806,15.079742,4.530769230769232,1011.7281250000002,0.55493724,-0.9850556718215013,0.172236243027682,10
2023-10-12,19.19156626506024,11.445783132530122,19.759277,13.871155,3.0384615384615388,1012.146875,0.55493724,-0.981947190186646,0.18915526872004093,10
2023-10-13,21.7710843373494,12.166265060240963,20.846954,11.641754,4.087179487179488,1009.678125,0.55493724,-0.9785481345802031,0.20601832032517084,10
2023-10-14,20.268674698795184,8.009638554216867,19.749695,12.356567,5.4,1005.184375,0.55493724,-0.9748595108374125,0.22282040779479959,10
2023-10-15,11.234939759036145,5.279518072289157,10.747955,8.059265,5.41794871794872,1014.3,0.55493724,-0.9708824104813836,0.23955655912092708,10
2023-10-16,11.174698795180722,2.927710843373494,10.430603,5.5585938,3.243589743589744,1020.1625,0.55493724,-0.9666180104000972,0.2562218218071163,10
2023-10-17,11.771084337349398,0.8204819277108433,10.523926,4.812439,1.328205128205128,1021.634375,0.55493724,-0.9620675724981452,0.27281126433401914,10
2023-10-18,12.413253012048193,-0.663855421686747,12.076599,2.0750732,2.3205128205128207,1015.590625,0.55493724,-0.957232443323312,0.28931997761869527,10
2023-10-19,8.59277108433735,5.3662650602409645,7.6780396,6.7499084,3.846153846153847,1001.1218750000002,0.55493724,-0.9521140536681102,0.3057430764672831,10
2023-10-20,7.620481927710843,5.606024096385542,7.2091675,6.0737305,5.474358974358975,992.728125,0.55493724,-0.9467139181463862,0.3220757010206104,10
2023-10-21,18.012048192771083,6.721686746987953,17.993805,7.389282,2.876923076923078,996.890625,0.55493724,-0.9410336347451197,0.3383130181923076,10
2023-10-22,16.465060240963854,9.04578313253012,15.669891,9.284607,2.5846153846153848,1007.59375,0.55493724,-0.9350748843515574,0.3544502230989869,10
2023-10-23,15.785542168674697,7.03855421686747,15.25705,9.207642,1.761538461538462,1014.1,0.55493724,-0.9288394302558068,0.3704825404820963,10
2023-10-24,13.556626506024095,8.713253012048193,13.326691,10.075073,2.302564102564102,1007.1875,0.55493724,-0.9223291176290545,0.3864052261209853,10
2023-10-25,14.014457831325302,7.82409638554217,13.787109,8.916626,2.08974358974359,1001.56875,0.55493724,-0.9155458729775467,0.40221356823680365,10
2023-10-26,11.212048192771084,7.983132530120481,10.673767,9.216827,2.256410256410257,994.965625,0.55493724,-0.9084917035725082,0.41790288888678667,10
2023-10-27,10.112048192771084,7.174698795180723,10.555115,9.1866455,1.858974358974359,994.94375,0.55493724,-0.9011686968561569,0.4334685453485363,10
2023-10-28,12.049397590361448,7.591566265060242,12.262451,8.800781,2.3205128205128207,999.8125,0.55493724,-0.8935790198239952,0.4489059314938798,10
2023-10-29,14.934939759036144,8.46144578313253,15.877014,8.40567,4.123076923076924,1000.234375,0.55493724,-0.8857249183835637,0.4642104791518923,10
2023-10-30,15.716867469879515,10.391566265060243,15.359528,11.2846985,3.2394736842105267,1002.43125,0.55493724,-0.8776087166898392,0.4793776594606945,10
2023-10-31,13.210843373493976,7.0,13.041412,11.007111,4.497368421052633,997.5258064516128,0.55493724,-0.8692328164574792,0.49440298420761813,10
2023-11-01,14.28674698795181,6.174698795180723,14.013977,7.8169556,2.8368421052631576,1005.8129032258066,0.55493724,-0.8605996962501181,0.5092820071573356,11
2023-11-02,13.63855421686747,7.908433734939758,13.396759,8.745148,4.042105263157895,993.3,0.55493724,-0.8517119107469189,0.5240103253675756,11
2023-11-03,11.263855421686747,7.310843373493976,10.944122,8.376343,2.7263157894736847,986.5161290322582,0.55493724,-0.8425720899866032,0.5385835804920232,11
2023-11-04,11.640963855421688,5.512048192771085,10.49234,6.638489,4.34736842105263,988.5096774193548,0.55493724,-0.8331829385891785,0.5529974600700271,11
2023-11-05,12.76265060240964,7.527710843373494,11.765015,8.664734,4.355263157894737,980.5290322580646,0.55493724,-0.8235472349556007,0.5672476988027229,11
2023-11-06,13.29397590361446,8.5,12.09375,9.654846,5.464102564102564,998.16875,0.55493724,-0.8136678304455991,0.5813300798152042,11
2023-11-07,12.780722891566263,6.7385542168674695,11.653015,7.957855,4.097435897435898,1009.134375,0.55493724,-0.8035476485339116,0.5952404359043674,11
2023-11-08,11.31566265060241,5.722891566265061,10.702393,7.2309265,4.178947368421053,1011.615625,0.55493724,-0.7931896839451843,0.6089746507720486,11
2023-11-09,11.59156626506024,5.981927710843373,10.40097,6.3247375,4.1000000000000005,1005.728125,0.55493724,-0.7825970017677834,0.6225286602431057,11
2023-11-10,10.972289156626507,4.571084337349398,10.511932,7.555176,3.331578947368421,1000.4812500000002,0.55493724,-0.7717727365467836,0.6358984534680745,11
2023-11-11,8.503614457831326,2.53855421686747,8.768127,3.957428,2.2368421052631584,1001.5645161290324,0.55493724,-0.7607200913564104,0.6490800741100398,11
2023-11-12,8.40120481927711,4.197590361445784,8.052002,5.2481384,2.3157894736842106,1006.548387096774,0.55493724,-0.7494423368521954,0.6620696215153815,11
2023-11-13,10.04698795180723,2.575903614457832,10.334747,2.4025574,3.1789473684210527,1006.7580645161293,0.55493724,-0.7379428103031386,0.6748632518680403,11
2023-11-14,13.002409638554218,8.467469879518072,12.240295,9.766174,6.042105263157896,998.7,0.55493724,-0.7262249146041543,0.6874571793269664,11
2023-11-15,9.680722891566266,5.087951807228916,9.718323,6.8572083,3.571052631578948,1007.80625,0.55493724,-0.7142921172691032,0.699847677146407,11
2023-11-16,9.07710843373494,1.613253012048193,8.3758545,5.534668,3.9128205128205127,1011.55625,0.55493724,-0.7021479494046978,0.7120310787787131,11
2023-11-17,5.72289156626506,1.0674698795180724,5.803711,3.0027466,4.2333333333333325,1014.128125,0.55493724,-0.6897960046655887,0.7240037789593305,11
2023-11-18,6.472289156626506,1.932530120481928,6.2478027,2.3843384,2.55897435897436,1023.509375,0.55493724,-0.6772399381909491,0.7357622347736527,11
2023-11-19,12.072289156626503,3.780722891566265,11.132111,4.286865,4.536842105263157,1008.803125,0.55493724,-0.6644834655228552,0.7473029667054296,11
2023-11-20,10.76867469879518,6.955421686746988,10.154114,8.661255,2.9473684210526314,1006.1375000000002,0.55493724,-0.6515303615068021,0.75862255966641,11
2023-11-21,7.254216867469879,-0.0939759036144578,7.5204163,1.6895752,3.4815789473684213,1014.946875,0.55493724,-0.6383844591746642,0.7697176640069211,11
2023-11-22,2.13855421686747,-3.426506024096385,1.0057983,-3.038269,2.548717948717949,1028.103125,0.55493724,-0.6250496486104377,0.7805849965070866,11
2023-11-23,10.607228915662652,1.0734939759036146,10.551819,0.8657837,7.773684210526317,1011.790625,0.55493724,-0.6115298757991053,0.7912213413483807,11
2023-11-24,7.221686746987953,0.4289156626506025,6.791443,3.2204895,6.231578947368422,998.659375,0.55493724,-0.5978291414589552,0.801623551065242,11
2023-11-25,2.687951807228916,-0.3975903614457831,3.3945923,0.80526733,3.810256410256411,1003.2875,0.55493724,-0.5839514998576998,0.8117885474764613,11
2023-11-26,1.6698795180722894,-2.136144578313253,1.3571777,-2.440918,2.471794871794872,1011.728125,0.55493724,-0.5699010576127624,0.8217133225960589,11
2023-11-27,2.371084337349398,-1.8228915662650604,1.730072,-2.1704712,2.5153846153846158,1006.69375,0.55493724,-0.5556819724760489,0.8313949395234058,11
2023-11-28,-0.0072289156626505,-4.84578313253012,0.17529297,-2.203003,3.152631578947369,1001.040625,0.55493724,-0.5412984521036173,0.8408305333122887,11
2023-11-29,0.7879518072289158,-4.336144578313254,0.39105225,-2.4449463,4.092307692307691,1002.309375,0.55493724,-0.5267547528105542,0.8500173118187018,11
2023-11-30,0.6397590361445784,-7.156626506024097,-1.098938,-5.0166626,1.838461538461538,1003.465625,0.55493724,-0.5120551783114646,0.8589525565270845,11
2023-12-01,-2.1349397590361447,-7.606024096385542,-2.9481506,-7.1610107,1.7871794871794873,1006.40625,0.55493724,-0.4972040784469378,0.8676336233547726,12
2023-12-02,-2.0,-7.051807228915662,-2.1791992,-6.3966064,2.471794871794873,1010.759375,0.55493724,-0.4822058478963526,0.8760579434344281,12
2023-12-03,-1.1879518072289157,-6.403614457831325,-0.9378357,-5.665222,2.802564102564103,1020.1031250000002,0.55493724,-0.46706492487743034,0.8842230238742036,12
2023-12-04,-1.008433734939759,-7.032530120481928,-0.66116333,-4.4635925,3.082051282051282,1018.246875,0.55493724,-0.451785789832884,0.8921264484954345,12
2023-12-05,0.0614457831325301,-3.1855421686746994,-0.35906982,-3.1660156,4.082051282051282,1010.36875,0.55493724,-0.4363729641045924,0.8997658785476209,12
2023-12-06,1.1698795180722892,-0.6024096385542169,0.89053345,-0.38082886,2.7641025641025645,1012.3625,0.55493724,-0.42083100859565564,0.9071390534005044,12
2023-12-07,1.872289156626506,-0.5433734939759037,0.9940796,-1.3845825,1.746153846153846,1019.6625,0.55493724,-0.4051645224207563,0.9142437912130223,12
2023-12-08,1.3397590361445786,-0.6783132530120483,0.85165405,-1.1158447,3.4,1014.878125,0.55493724,-0.3893781415452015,0.9210779895789526,12
2023-12-09,5.304819277108434,0.9963855421686748,3.8799438,0.9439087,3.1076923076923086,1010.696875,0.55493724,-0.37347653741307074,0.9276396261490467,12
2023-12-10,7.857831325301205,2.330120481927711,6.814453,2.8645325,4.323076923076922,1002.340625,0.55493724,-0.3574644155648614,0.9339267592294762,12
2023-12-11,9.320481927710844,5.56144578313253,8.459625,5.5308533,4.4051282051282055,998.059375,0.55493724,-0.34134651424503615,0.9399375283564133,12
2023-12-12,7.481927710843375,2.910843373493976,6.829956,4.23645,2.515384615384616,1006.23125,0.55493724,-0.3251276029999093,0.9456701548465688,12
2023-12-13,6.339759036144579,3.2506024096385544,5.2750854,3.1256104,2.912820512820512,1000.915625,0.55493724,-0.30881248126625377,0.9511229423235357,12
2023-12-14,4.293975903614458,1.7807228915662652,4.0115967,2.3079224,2.387179487179488,1013.684375,0.55493724,-0.29240597695107734,0.9562942772197719,12
2023-12-15,5.9156626506024095,-0.0939759036144578,5.814453,1.1585083,2.802564102564104,1029.88125,0.55493724,-0.27591294500296043,0.9611826292540837,12
2023-12-16,8.280722891566265,5.333734939759037,7.3571167,5.500061,4.630769230769231,1035.04375,0.55493724,-0.2593382659754056,0.9657865518844574,12
2023-12-17,9.273493975903614,5.171084337349398,8.494354,7.1550293,5.089743589743589,1032.39375,0.55493724,-0.2426868445825954,0.9701046827361175,12
2023-12-18,7.86987951807229,3.708433734939759,7.003662,5.311096,4.594871794871796,1027.7709677419357,0.55493724,-0.22596360824801906,0.974135744004672,12
2023-12-19,7.316867469879518,5.040963855421687,6.546936,5.6743164,4.648717948717949,1017.240625,0.55493724,-0.20917350564635637,0.9778785428342386,12
2023-12-20,6.773493975903615,3.734939759036144,6.4873962,4.382324,5.494871794871794,1007.7125,0.55493724,-0.19232150523909483,0.9813319716704275,12
2023-12-21,9.472289156626507,3.701204819277109,8.692688,4.9821167,7.589743589743589,990.70625,0.55493724,-0.17541259380427843,0.9844950085880858,12
2023-12-22,5.374698795180724,0.8493975903614458,3.9620972,1.9831848,8.794871794871794,988.715625,0.55493724,-0.15845177496083632,0.9873667175937016,12
2023-12-23,3.4240963855421684,0.7216867469879519,3.0706787,1.2032776,5.4282051282051285,998.915625,0.55493724,-0.14144406768794202,0.9899462489023779,12
2023-12-24,11.989156626506023,1.2783132530120482,11.128967,1.7326355,5.864102564102564,999.553125,0.55493724,-0.12439450483979998,0.9922328391893008,12
2023-12-25,11.446987951807229,7.863855421686748,10.989319,7.9844055,6.435897435897435,1000.740625,0.55493724,-0.10730813165636247,0.9942258118156161,12
2023-12-26,10.148192771084338,4.604819277108434,10.480713,7.293396,6.482051282051283,1006.215625,0.55493724,-0.09019000427034513,0.9959245770286599,12
2023-12-27,6.003614457831326,1.166265060240964,5.669922,3.6154175,3.5538461538461537,1019.61875,0.55493724,-0.07304518821104743,0.9973286321364752,12
2023-12-28,10.533734939759038,4.580722891566266,10.183685,5.535095,5.3128205128205135,1011.321875,0.55493724,-0.05587875690537313,0.9984375616565666,12
2023-12-29,10.919277108433738,6.6421686746987945,10.553955,7.769348,6.1564102564102585,1007.071875,0.55493724,-0.03869579017652689,0.9992510374388481,12
2023-12-30,8.627710843373492,3.45421686746988,8.491821,5.0921936,4.546153846153847,1009.65625,0.55493724,-0.021501372740813793,0.999768818762748,12
2023-12-31,7.928915662650601,2.5771084337349395,7.59848,3.113922,3.474358974358975,1007.8625,0.55493724,-0.004300592702981974,0.9999907524084426,12
2024-01-01,8.089156626506025,3.716867469879518,7.071594,4.2979126,3.674358974358975,1004.975,0.55493724,0.017201575418260506,0.9998520419557735,1
2024-01-02,7.740963855421687,2.3060240963855425,7.9368286,2.6016846,3.8,1000.7875,0.55493724,0.03439806061360801,0.9994082116062598,1
2024-01-03,11.159036144578314,7.157831325301206,10.275574,8.1388855,5.223076923076923,989.515625,0.55493724,0.051584366869408364,0.9986686402879997,1
2024-01-04,8.685542168674697,0.253012048192771,7.98172,1.4363098,5.113513513513513,996.3875,0.55493724,0.06875540848113941,0.9976335468520451,1
2024-01-05,2.201204819277108,-0.2987951807228916,1.5441589,-0.044952393,3.438461538461539,1006.1125,0.55493724,0.08590610426133272,0.9963032375991965,1
2024-01-06,0.9807228915662652,-1.869879518072289,1.5287476,-0.7624512,4.146153846153847,1010.6062499999998,0.55493724,0.10303137904317879,0.9946781061893646,1
2024-01-07,-0.7313253012048194,-5.863855421686748,-1.2008057,-3.6229248,3.9974358974358974,1022.4656250000002,0.55493724,0.1201261651823505,0.9927586335250793,1
2024-01-08,-3.912048192771085,-9.873493975903614,-4.9222107,-7.754486,3.5,1032.9625,0.55493724,0.13718540405660057,0.9905453876091833,1
2024-01-09,-4.15301204819277,-12.066265060240964,-5.4673157,-10.328125,1.7333333333333336,1038.071875,0.55493724,0.1542040475626894,0.988039023376751,1
2024-01-10,-2.075903614457832,-11.075903614457832,-2.7352905,-9.236481,1.5717948717948718,1034.409375,0.55493724,0.17117705961019986,0.985240282501282,1
2024-01-11,-0.2493975903614458,-8.483132530120484,-0.70306396,-6.670624,2.8205128205128207,1030.7218750000002,0.55493724,0.18809941761179758,0.9821499931752291,1
2024-01-12,0.9975903614457832,-1.6963855421686749,0.47402954,-1.4932556,3.3282051282051284,1028.871875,0.55493724,0.20496611396949532,0.9787690698649216,1
2024-01-13,2.7843373493975907,0.755421686746988,2.3032837,0.57110596,5.6179487179487175,1016.68125,0.55493724,0.22177215755648186,0.975098513039961,1
2024-01-14,3.1265060240963853,1.1012048192771084,3.1011047,0.81152344,5.807692307692307,1003.2125,0.55493724,0.23851257519407648,0.9711394088771653,1
2024-01-15,2.4566265060240964,-1.0542168674698795,1.9483032,-0.28759766,6.45897435897436,993.7875,0.55493724,0.2551824131233728,0.9668929289391521,1
2024-01-16,0.7265060240963855,-4.183132530120481,0.23382568,-4.427063,3.12051282051282,1004.71875,0.55493724,0.2717767384711357,0.9623603298276545,1
2024-01-17,-0.327710843373494,-5.660240963855422,-0.75567627,-6.917206,2.764102564102564,997.34375,0.55493724,0.2882906407095177,0.9575429528116719,1
2024-01-18,-0.4,-6.349397590361446,-0.4751587,-5.2801514,2.292307692307692,995.7375,0.55493724,0.3047192331091634,0.9524422234305676,1
2024-01-19,1.1975903614457832,-6.450602409638554,0.88061523,-8.216949,5.058974358974359,1013.503125,0.55493724,0.321057654185271,0.9470596510722283,1
2024-01-20,2.2337349397590365,-4.332530120481928,1.6576538,-1.309845,5.366666666666668,1024.540625,0.55493724,0.3373010691361842,0.9413968285264122,1
2024-01-21,3.132530120481928,-5.908433734939758,2.2948303,-6.2401733,4.3820512820512825,1025.76875,0.55493724,0.3534446712740877,0.9354554315134164,1
2024-01-22,9.213253012048192,2.190361445783133,9.022797,1.6293945,6.415384615384617,1010.7625,0.55493724,0.3694836834473831,0.9292372181882051,1
2024-01-23,7.934939759036145,3.50722891566265,7.078247,4.081787,5.8,1017.421875,0.55493724,0.38541335945432564,0.9227440286201427,1
2024-01-24,11.532530120481928,4.889156626506025,10.240021,4.514496,8.982051282051282,1010.80625,0.55493724,0.4012289854475009,0.9159777842484877,1
2024-01-25,8.473493975903617,2.430120481927711,7.8029785,5.5299683,7.015384615384616,1020.66875,0.55493724,0.4169258813287287,0.908940487313808,1
2024-01-26,9.56987951807229,0.4831325301204819,9.007385,2.4193115,4.941025641025641,1020.9875,0.55493724,0.4324994021339788,0.901634220265486,1
2024-01-27,7.345783132530121,0.6313253012048193,6.861145,3.693512,5.297435897435898,1030.428125,0.55493724,0.44794493940789115,0.8940611451454876,1
2024-01-28,7.620481927710843,-2.3313253012048194,5.8656616,-1.6543274,2.641025641025642,1035.171875,0.55493724,0.4632579225674917,0.88622350294858,1
2024-01-29,9.833734939759038,-0.5783132530120482,7.2554016,0.1998291,3.0405405405405403,1029.978125,0.55493724,0.4784338202547012,0.8781236129591848,1
2024-01-30,9.046987951807228,0.3843373493975903,8.198608,0.1510315,2.751351351351352,1028.725,0.55493724,0.49346814167723735,0.8697638720650646,1
2024-01-31,8.204819277108435,3.63132530120482,7.7530518,4.269104,4.756410256410257,1029.60625,0.55493724,0.5083564379375122,0.8611467540480452,1
2024-02-01,8.376829268292683,3.655421686746988,7.2973633,3.694275,6.07948717948718,1022.64375,0.55493724,0.5230943033491326,0.8522748088519838,2
2024-02-02,8.41566265060241,3.6493975903614455,7.481964,4.164673,5.574358974358975,1023.515625,0.55493724,0.5376773767406141,0.8431506618282,2
2024-02-03,10.698795180722891,7.051807228915662,10.1719055,7.6588135,6.494871794871794,1017.6875,0.55493724,0.5521013427459208,0.8337770129585915,2
2024-02-04,8.991566265060241,5.789156626506025,7.840637,6.028961,6.21025641025641,1014.83125,0.55493724,0.5663619330814524,0.8241566360566663,2
2024-02-05,10.591566265060242,7.357831325301205,9.410492,7.7009583,7.761538461538461,1009.45625,0.55493724,0.580454927809098,0.8142923779467267,2
2024-02-06,10.892771084337353,7.573493975903615,10.24646,8.010498,8.302564102564103,1005.2,0.55493724,0.5943761565849831,0.804187157621448,2
2024-02-07,9.065060240963856,-0.6313253012048192,9.742645,2.4232178,5.243589743589743,1001.175,0.55493724,0.6081214998935418,0.7938439653781019,2
2024-02-08,3.93855421686747,-1.7012048192771083,4.907837,-0.50097656,1.8410256410256411,1002.590625,0.55493724,0.6216868902665479,0.7832658619336791,2
2024-02-09,8.019277108433736,0.6590361445783133,8.095825,0.888855,3.571794871794872,993.028125,0.55493724,0.6350683134867438,0.7724559775191742,2
2024-02-10,12.363855421686749,5.901204819277109,12.028809,6.9223633,2.494871794871795,991.490625,0.55493724,0.6482618097757122,0.7614175109532997,2
2024-02-11,8.493975903614459,6.210843373493976,9.279724,6.138611,3.2743589743589743,991.225,0.55493724,0.6612634749656386,0.7501537286959042,2
2024-02-12,9.163855421686748,4.0530120481927705,8.0598755,5.985382,3.971794871794871,999.209375,0.55493724,0.6740694616546161,0.7386679638813748,2
2024-02-13,8.827710843373495,1.6650602409638555,8.209595,3.973236,3.682051282051282,1015.4,0.55493724,0.6866759803451553,0.726963615332308,2
2024-02-14,9.784337349397592,1.3542168674698796,9.033386,2.3399658,3.2871794871794875,1017.90625,0.55493724,0.6990793005655562,0.7150441465537444,2
2024-02-15,13.496385542168678,8.413253012048193,12.082703,8.525024,2.9538461538461536,1017.540625,0.55493724,0.7112757519738152,0.7029130847082615,2
2024-02-16,15.586746987951807,7.674698795180723,13.04361,7.394165,3.746153846153845,1014.609375,0.55493724,0.7232617254437388,0.6905740195722293,2
2024-02-17,11.49156626506024,3.363855421686747,11.127441,6.7578125,4.089743589743589,1025.496875,0.55493724,0.7350336741329413,0.6780306024735382,2
2024-02-18,10.242168674698798,0.5734939759036145,9.232513,2.8283386,2.9871794871794872,1029.81875,0.55493724,0.746588114532413,0.6652865452111116,2
2024-02-19,9.25301204819277,6.018072289156628,8.352173,7.115906,5.0128205128205146,1018.215625,0.55493724,0.7579216274973472,0.6523456189565257,2
2024-02-20,9.159036144578314,6.575903614457832,8.806641,6.6401367,4.371794871794871,1022.0093750000002,0.55493724,0.7690308592589181,0.6392116531380588,2
2024-02-21,11.045783132530122,6.40843373493976,10.143402,6.501343,4.21578947368421,1016.3093750000002,0.55493724,0.7799125224167177,0.6258885343075018,2
2024-02-22,11.665060240963856,7.36987951807229,10.6397705,7.7630005,4.3820512820512825,996.36875,0.55493724,0.7905633969115482,0.612380204990065,2
2024-02-23,11.675903614457832,2.7686746987951807,10.865051,6.753113,5.071794871794872,993.60625,0.55493724,0.8009803309782905,0.5986906625177214,2
2024-02-24,11.036144578313255,0.116867469879518,10.169769,0.4376831,3.0615384615384618,1002.28125,0.55493724,0.8111602420785621,0.5848239578463322,2
2024-02-25,11.960240963855425,0.0686746987951807,11.266418,0.7710571,2.8102564102564096,1006.3625000000002,0.55493724,0.8211001178128892,0.5707841943569036,2
2024-02-26,10.824096385542168,-1.219277108433735,10.134644,-0.61486816,2.553846153846154,1006.496875,0.55493724,0.8307970168121247,0.5565755266413303,2
2024-02-27,5.73855421686747,2.436144578313253,5.659088,2.8476562,3.187179487179487,1015.371875,0.55493724,0.8402480696078469,0.5422021592729844,2
2024-02-28,5.843373493975904,-0.9987951807228916,5.405487,2.875061,2.3256410256410254,1021.15,0.55493724,0.8494504794814806,0.527668345562516,2
2024-02-29,10.328915662650603,-2.049397590361446,9.020508,-0.72753906,3.2974358974358973,1017.75625,0.55493724,0.8584015232918917,0.512978386299228,2
2024-03-01,10.879518072289155,3.324096385542169,12.230591,3.5248108,2.456410256410256,1007.80625,0.55493724,0.8670985522812081,0.4981366284784055,3
2024-03-02,13.325301204819278,5.475903614457831,11.824493,6.305603,2.3324324324324324,1007.1125,0.55493724,0.8755389928586302,0.4831474640149687,3
2024-03-03,14.24698795180723,4.874698795180724,12.185669,6.492523,3.105405405405405,1005.825,0.55493724,0.8837203473619977,0.4680153284438345,3
2024-03-04,11.709638554216868,3.0891566265060244,11.960175,6.785034,2.6153846153846154,1009.53125,0.55493724,0.8916401947968874,0.45274469960737107,3
2024-03-05,7.733734939759036,0.4975903614457831,7.177643,4.3038025,2.897435897435898,1016.303125,0.55493724,0.8992961915530253,0.4373400963303323,3
2024-03-06,7.937349397590363,-1.6108433734939762,6.734192,-0.75164795,2.2102564102564104,1023.79375,0.55493724,0.9066860720977985,0.4218060770826634,3
2024-03-07,8.320481927710844,-1.2084337349397591,7.1757812,1.7539062,3.094871794871795,1026.7,0.55493724,0.9138076496466615,0.4061472386305789,3
2024-03-08,9.202409638554215,-2.909638554216868,6.782013,-1.982727,3.215789473684211,1021.465625,0.55493724,0.9206588168102428,0.3903682146763026,3
2024-03-09,10.407228915662651,-0.8228915662650603,8.995361,0.11593628,3.8868421052631583,1011.0032258064516,0.55493724,0.9272375462179537,0.374473674486883,3
2024-03-10,12.465060240963854,1.9156626506024097,11.917297,3.4883423,4.6,1004.4451612903224,0.55493724,0.9335418911179212,0.35846832151248087,3
2024-03-11,13.539759036144575,3.6987951807228914,13.72583,8.973602,3.3078947368421057,1004.096875,0.55493724,0.9395699859530622,0.342356891994542,3
2024-03-12,13.553012048192771,1.7734939759036144,13.18866,3.0191345,2.007692307692308,1012.921875,0.55493724,0.945320046913132,0.3261441535642696,3
2024-03-13,13.855421686746988,3.3084337349397592,12.557037,4.969116,2.36842105263158,1016.378125,0.55493724,0.9507903724625832,0.3098349038318025,3
2024-03-14,14.82168674698795,6.390361445783133,14.270905,7.9500427,2.723076923076924,1014.6,0.55493724,0.9559793438440766,0.2934339689665273,3
2024-03-15,18.501204819277103,6.391566265060241,17.7359,7.718811,3.456410256410256,1009.721875,0.55493724,0.9608854255574977,0.27694620226893646,3
2024-03-16,13.869879518072286,3.4530120481927717,12.586243,8.142761,4.687179487179487,1013.0,0.55493724,0.9655071658143364,0.2603764827344581,3
2024-03-17,9.272289156626508,-0.7337349397590363,6.980316,3.1742249,3.37948717948718,1023.35,0.55493724,0.969843196967294,0.24372971360968387,3
2024-03-18,7.818072289156627,-2.7927710843373497,5.6493225,-1.9961548,2.6666666666666665,1021.825,0.55493724,0.9738922359149924,0.22701082094141847,3
2024-03-19,10.51566265060241,-2.985542168674699,7.981018,-2.2142334,2.684615384615385,1022.61875,0.55493724,0.9776530844816641,0.2102247521189836,3
2024-03-20,16.579518072289154,1.6578313253012047,14.392975,1.5327454,1.9692307692307685,1020.6375,0.55493724,0.981124629771712,0.19337647441020586,3
2024-03-21,14.443373493975905,5.427710843373494,13.944458,8.021118,3.025641025641026,1019.225,0.55493724,0.984305844499033,0.17647097349152166,3
2024-03-22,13.233734939759035,5.9469879518072295,12.236145,7.7573853,3.543589743589744,1015.825,0.55493724,0.9871957872910085,0.15951325197263655,3
2024-03-23,9.178313253012048,2.3867469879518075,8.808563,5.8230286,3.2666666666666666,1006.24375,0.55493724,0.9897936029670716,0.14250832791617088,3
2024-03-24,8.286746987951807,1.607228915662651,7.5635986,2.1880493,4.361538461538462,1001.503125,0.55493724,0.992098522791769,0.12546123335273648,3
2024-03-25,9.773493975903614,0.5939759036144578,9.041046,4.373749,3.510256410256411,1003.21875,0.55493724,0.9941098647022418,0.10837701279187609,3
2024-03-26,13.60120481927711,-0.4566265060240964,13.159363,0.98165894,3.5743589743589754,1000.984375,0.55493724,0.9958270335100595,0.09126072172931188,3
2024-03-27,18.051807228915663,3.798795180722892,16.91034,5.4571533,3.343589743589743,989.503125,0.55493724,0.9972495210773451,0.07411742515094437,3
2024-03-28,14.59397590361446,6.179518072289158,14.001587,8.634338,5.015384615384615,987.9375,0.55493724,0.998376906467142,0.056952196034039754,3
2024-03-29,15.456626506024095,4.698795180722892,15.663025,6.223877,3.91025641025641,999.509375,0.55493724,0.9992088560679753,0.03977011384605572,3
2024-03-30,22.567469879518075,6.302409638554217,21.832153,8.307068,2.302564102564102,1000.146875,0.55493724,0.9997451236925734,0.022576263041545485,3
2024-03-31,19.15301204819277,7.86987951807229,19.017273,8.07547,2.0615384615384613,998.371875,0.55493724,0.9999855506507186,0.005375731557583884,3
2024-04-01,18.21566265060241,6.497590361445784,17.488281,8.553223,3.815384615384615,995.3312500000002,0.55493724,0.9999300657962057,-0.011826390691832589,4
2024-04-02,14.467469879518074,8.153012048192771,14.2404785,8.751831,6.2717948717948735,1002.36875,0.55493724,0.9995786855478958,-0.029025013321975237,4
2024-04-03,12.007228915662653,7.290361445783133,11.292297,8.479553,3.6076923076923073,1006.88125,0.55493724,0.9989315138848577,-0.046215046983708354,4
2024-04-04,15.406024096385543,8.545783132530122,13.801239,8.446472,4.246153846153846,1007.45625,0.55493724,0.9979887423155984,-0.06339140486951038,4
2024-04-05,18.78795180722892,9.385542168674698,17.786987,10.040161,4.4051282051282055,1011.028125,0.55493724,0.9967506498213929,-0.08054900421874167,4
2024-04-06,23.49277108433735,10.674698795180724,21.967224,11.977234,2.98974358974359,1014.334375,0.55493724,0.9952176027737294,-0.09768276782171598,4
2024-04-07,23.65903614457832,12.520481927710843,22.72171,14.082336,2.946153846153847,1014.2645161290324,0.55493724,0.9933900548258936,-0.11478762552212701,4
2024-04-08,26.03373493975904,12.59397590361446,25.303009,13.770569,2.312820512820513,1010.81875,0.55493724,0.9912685467787256,-0.13185851571739118,4
2024-04-09,25.83614457831325,10.484337349397592,25.496704,14.282654,3.9641025641025647,1008.1875,0.55493724,0.9888537064205885,-0.1488903868564548,4
2024-04-10,14.956626506024095,5.565060240963857,13.990784,10.355957,3.812820512820513,1024.4125,0.55493724,0.986146248341595,-0.16587819893463143,4
2024-04-11,17.03132530120482,3.8,16.087738,8.122589,3.4,1031.39375,0.55493724,0.9831469737221499,-0.1828169249850199,4
2024-04-12,19.89879518072289,10.3855421686747,19.508667,12.039673,3.2564102564102564,1029.5625,0.55493724,0.9798567700958665,-0.1997015525660636,4
2024-04-13,22.04939759036145,10.714457831325303,20.711426,13.486725,4.015384615384614,1023.309375,0.55493724,0.9762766110869321,-0.21652708524481437,4
2024-04-14,17.689156626506026,7.80843373493976,16.204254,12.676788,4.833333333333333,1016.740625,0.55493724,0.9724075561219968,-0.23328854407545518,4
2024-04-15,14.485542168674698,5.054216867469879,13.247681,8.549683,3.048717948717949,1008.0468750000002,0.55493724,0.9682507501166718,-0.2499809690726521,4
2024-04-16,10.766265060240965,3.102409638554217,11.079742,5.246643,5.002564102564103,1000.0,0.55493724,0.9638074231367307,-0.26659942067929354,4
2024-04-17,11.43012048192771,1.2012048192771083,10.342041,4.026581,2.448717948717949,1007.603125,0.55493724,0.9590788900341131,-0.28313898122818354,4
2024-04-18,11.709638554216868,-0.0783132530120482,11.029816,2.5687866,2.7025641025641023,1014.290625,0.55493724,0.9540665500578387,-0.2995947563972602,4
2024-04-19,8.603614457831325,4.11566265060241,8.707794,5.6674805,3.556410256410256,1006.325,0.55493724,0.9487718864399473,-0.31596187665790293,4
2024-04-20,9.03734939759036,0.8855421686746988,8.484009,3.8294678,3.941025641025641,1012.809375,0.55493724,0.9431964659565866,-0.33223549871590435,4
2024-04-21,9.448192771084338,-1.232530120481928,9.006622,1.2233582,3.1947368421052635,1022.75,0.55493724,0.9373419384643772,-0.3484108069446808,4
2024-04-22,7.1000000000000005,-2.1385542168674703,7.061493,0.51828,2.158974358974359,1024.3875,0.55493724,0.9312100364121947,-0.3644830148102912,4
2024-04-23,9.518072289156626,-2.146987951807229,8.671783,0.3190918,1.966666666666667,1019.403125,0.55493724,0.9248025743285089,-0.38044736628785164,4
2024-04-24,10.310843373493976,1.7927710843373494,10.557648,1.5117188,2.4461538461538463,1007.8903225806451,0.55493724,0.9181214482844364,-0.39629913726891813,4
2024-04-25,10.438554216867471,1.153012048192771,9.613068,1.952301,2.6384615384615384,1004.80625,0.55493724,0.9111686353326631,-0.41203363695942635,4
2024-04-26,15.250602409638557,2.0301204819277108,13.922638,3.6275024,3.082051282051282,1006.96875,0.55493724,0.9039461929224011,-0.42764620926777464,4
2024-04-27,21.33614457831325,3.297590361445783,18.800476,5.6035156,2.482051282051282,1010.56875,0.55493724,0.8964562582905575,-0.44313223418263453,4
2024-04-28,23.875903614457837,8.136144578313253,22.233276,10.828857,3.471794871794872,1012.603125,0.55493724,0.8887010478292915,-0.45848712914008766,4
2024-04-29,21.404819277108437,11.050602409638556,19.904419,13.733246,2.2717948717948717,1021.2937500000002,0.55493724,0.8806828564301475,-0.47370635037968,4
2024-04-30,27.592771084337357,9.698795180722891,25.802246,12.348114,3.217948717948718,1018.6677419354838,0.55493724,0.8724040568049612,-0.48878539428899265,4
2024-05-01,26.122891566265057,12.609638554216868,24.59372,15.902588,4.428205128205128,1011.6064516129032,0.55493724,0.8638670987837349,-0.503719798736334,5
2024-05-02,25.859036144578315,13.322891566265062,24.04248,15.734131,4.766666666666667,1005.253125,0.55493724,0.8550745085896932,-0.518505144391157,5
2024-05-03,23.051807228915663,12.302409638554218,21.368835,16.144775,3.1333333333333333,1008.5437500000002,0.55493724,0.8460288880917339,-0.533137056031809,5
2024-05-04,20.51686746987952,11.153012048192773,18.520508,13.076477,2.094871794871794,1015.25625,0.55493724,0.8367329140344921,-0.5476112038402312,5
2024-05-05,20.2421686746988,8.844578313253013,18.995361,13.264282,3.4153846153846152,1008.909375,0.55493724,0.8271893372462497,-0.5619233046832195,5
2024-05-06,19.11566265060241,6.807228915662651,17.269318,10.541107,2.602564102564103,1009.04375,0.55493724,0.8174009818249189,-0.5760691233798758,5
2024-05-07,14.91566265060241,7.486746987951808,15.135529,9.694,2.946153846153847,1017.234375,0.55493724,0.8073707443023492,-0.5900444739548627,5
2024-05-08,18.74457831325301,5.8,16.49823,10.136475,2.4102564102564106,1024.965625,0.55493724,0.7971015927871943,-0.6038452208771035,5
2024-05-09,20.375903614457837,4.130120481927712,18.162872,7.5162964,1.6128205128205129,1026.165625,0.55493724,0.7865965660866021,-0.6174672802835514,5
2024-05-10,22.4855421686747,8.287951807228916,20.49591,10.744202,1.7512820512820513,1023.265625,0.55493724,0.7758587728069828,-0.6309066211876704,5
2024-05-11,20.465060240963854,9.446987951807229,18.963196,12.705383,2.4307692307692315,1022.909375,0.55493724,0.7648913904341225,-0.6441592666722685,5
2024-05-12,21.41686746987952,7.680722891566265,19.61261,11.898071,3.2666666666666666,1022.4625,0.55493724,0.753697664392914,-0.6572212950663319,5
2024-05-13,24.343373493975903,7.983132530120484,22.438202,12.374023,3.5230769230769226,1017.65625,0.55493724,0.742280907086982,-0.6700888411055113,5
2024-05-14,25.4144578313253,9.267469879518073,23.519867,13.796265,3.938461538461537,1013.75,0.55493724,0.7306444969184916,-0.6827580970759147,5
2024-05-15,25.83614457831325,11.490361445783137,24.308014,15.730652,5.069230769230769,1012.340625,0.55493724,0.7187918772884232,-0.6952253139408722,5
2024-05-16,25.471084337349403,13.204819277108436,24.640411,16.374817,5.410256410256411,1011.08125,0.55493724,0.7067265555776158,-0.7074868024503348,5
2024-05-17,24.86987951807229,12.89879518072289,24.57611,16.12735,4.982051282051282,1010.534375,0.55493724,0.6944521021088763,-0.719538934232584,5
2024-05-18,19.880722891566265,11.333734939759037,20.212921,14.566528,2.5871794871794878,1010.70625,0.55493724,0.6819721490904629,-0.7313781428679254,5
2024-05-19,21.143373493975904,10.61566265060241,20.428497,12.345764,1.9384615384615385,1009.8125,0.55493724,0.6692903895412567,-0.7430009249440493,5
2024-05-20,23.10240963855422,9.813253012048197,21.621948,12.722168,1.92051282051282,1011.4375,0.55493724,0.6564105761979381,-0.7544038410927472,5
2024-05-21,26.978313253012047,11.37710843373494,25.14215,14.993988,3.8205128205128207,1010.809375,0.55493724,0.6433365204044917,-0.765583517007675,5
2024-05-22,24.320481927710844,14.998795180722892,24.700012,17.697632,3.756410256410256,1007.3375,0.55493724,0.6300720909843687,-0.7765366444428655,5
2024-05-23,23.20963855421687,12.74698795180723,21.773438,16.004028,2.9282051282051285,1013.240625,0.55493724,0.6166212130956382,-0.7872599821916922,5
2024-05-24,24.721686746987952,11.35301204819277,22.714355,14.382141,2.8102564102564105,1018.1843750000002,0.55493724,0.6029878670694714,-0.7977503570459932,5
2024-05-25,24.228915662650603,13.222891566265062,23.308228,15.827606,1.9564102564102563,1017.34375,0.55493724,0.5891760872322963,-0.8080046647350754,5
2024-05-26,25.73012048192771,12.066265060240964,24.65384,14.905609,2.2102564102564104,1017.965625,0.55493724,0.5751899607119775,-0.8180198708443174,5
2024-05-27,24.501204819277117,14.873493975903614,23.296844,17.384003,2.186842105263158,1016.9129032258064,0.55493724,0.5610336262283677,-0.8277930117131022,5
2024-05-28,18.714457831325305,10.448192771084338,17.800537,15.442688,2.594736842105263,1016.14375,0.55493724,0.5467112728685939,-0.8373211953118121,5
2024-05-29,22.32409638554217,9.22289156626506,21.832886,11.49527,3.0179487179487183,1013.5125,0.55493724,0.5322271388474397,-0.8466016020976267,5
2024-05-30,21.068674698795174,12.419277108433734,20.794006,14.658447,2.0615384615384618,1006.1645161290324,0.55493724,0.5175855102531889,-0.8556314858488706,5
2024-05-31,22.56144578313253,12.756626506024096,22.31665,14.834381,2.06923076923077,1007.1225806451614,0.55493724,0.5027907197793043,-0.8644081744776648,5
2024-06-01,25.89397590361446,14.542168674698797,24.7471,16.449768,3.2025641025641027,1010.167741935484,0.55493724,0.4878471454423119,-0.8729290708206411,6
2024-06-02,23.44939759036145,14.472289156626507,22.8284,16.261292,3.969230769230769,1014.1387096774192,0.55493724,0.47275920928627757,-0.881191653407483,6
2024-06-03,17.26987951807229,11.995180722891568,19.283081,14.211121,3.374358974358975,1016.6387096774196,0.55493724,0.4575313760742512,-0.8891934772070711,6
2024-06-04,20.828915662650605,11.312048192771083,19.430603,14.830353,1.9871794871794877,1014.2193548387098,0.55493724,0.44216815196707204,-0.8969321743510065,6
2024-06-05,21.150602409638555,10.795180722891567,19.852234,13.429474,3.0205128205128204,1010.3193548387098,0.55493724,0.42667408318992467,-0.9044054548343001,6
2024-06-06,21.026506024096385,9.837349397590362,19.144073,13.457275,2.243589743589744,1016.3774193548388,0.55493724,0.4110537546870351,-0.9116111071930239,6
2024-06-07,20.622891566265064,9.273493975903614,19.009735,12.782715,2.11025641025641,1017.2000000000002,0.55493724,0.3953117887649151,-0.9185469991587165,6
2024-06-08,25.689156626506023,8.148192771084338,23.74942,13.068665,3.020512820512821,1011.5354838709678,0.55493724,0.37945284372454435,-0.925211078289358,6
2024-06-09,21.167469879518077,9.449397590361446,19.903595,13.177002,3.312820512820513,1008.2290322580644,0.55493724,0.36348161248290634,-0.9316013725767187,6
2024-06-10,19.834939759036143,8.325301204819278,18.497253,11.055481,2.484615384615385,1006.2774193548388,0.55493724,0.3474028211842774,-0.9377159910299093,6
2024-06-11,17.697590361445783,8.714457831325301,17.370483,11.420654,4.910256410256411,1009.032258064516,0.55493724,0.3312212278016865,-0.9435531242349544,6
2024-06-12,18.42530120481928,7.097590361445784,17.540344,11.068665,3.238461538461539,1016.1774193548388,0.55493724,0.31494162072895193,-0.9491110448902284,6
2024-06-13,18.867469879518072,7.740963855421687,17.654785,10.961426,2.4153846153846152,1017.3096774193548,0.55493724,0.2985688173637202,-0.9543881083175908,6
2024-06-14,20.365060240963857,8.28433734939759,19.903656,9.699127,2.817948717948718,1013.3387096774194,0.55493724,0.2821076626819194,-0.9593827529490743,6
2024-06-15,22.206024096385548,10.557831325301205,21.17569,15.01651,3.4692307692307702,1007.0,0.55493724,0.26556302780405594,-0.9640935007889755,6
2024-06-16,24.565060240963856,9.463855421686748,23.182129,12.009827,2.438461538461538,1009.6645161290324,0.55493724,0.24893980855376657,-0.9685189578512204,6
2024-06-17,24.65180722891567,13.202409638554215,23.897644,15.359772,2.407692307692308,1011.9806451612905,0.55493724,0.23224292400907015,-0.9726578145718654,6
2024-06-18,27.083132530120483,12.40843373493976,26.094177,15.776428,1.9205128205128204,1014.1548387096776,0.55493724,0.21547731504673012,-0.976508846196619,6
2024-06-19,19.06626506024097,11.227710843373496,18.758118,15.800934,2.6820512820512823,1014.7483870967744,0.55493724,0.19864794288017112,-0.9800709131432666,6
2024-06-20,22.92048192771085,9.396385542168677,22.17694,12.38858,1.7974358974358975,1021.6935483870968,0.55493724,0.18175978759137534,-0.9833429613388902,6
2024-06-21,27.01566265060241,14.531325301204818,26.660889,16.131012,2.2333333333333334,1013.8870967741937,0.55493724,0.16481784665719793,-0.9863240225317866,6
2024-06-22,23.29036144578313,14.072289156626503,22.045807,17.958984,4.15897435897436,1009.5709677419356,0.55493724,0.14782713347053048,-0.9890132145779883,6
2024-06-23,23.319277108433734,12.738554216867472,21.407135,15.984528,3.27948717948718,1016.6612903225806,0.55493724,0.13079267585675922,-0.9914097417023038,6
2024-06-24,25.255421686746992,11.521686746987951,23.05069,15.586334,1.7128205128205127,1020.141935483871,0.55493724,0.11371951458594969,-0.9935128947338007,6
2024-06-25,26.96506024096386,12.796385542168672,25.62616,16.215637,2.7282051282051287,1018.5709677419356,0.55493724,0.0966127018812031,-0.9953220513156602,6
2024-06-26,31.10843373493976,15.82409638554217,29.423584,18.62378,2.887179487179488,1013.241935483871,0.55493724,0.07947729992362097,-0.9968366760893436,6
2024-06-27,31.363855421686743,18.66265060240964,28.033691,21.133545,2.338461538461539,1009.1709677419354,0.55493724,0.062318379354325076,-0.998056320853012,6
2024-06-28,28.75180722891566,14.36867469879518,26.814453,20.825745,3.139473684210526,1011.5129032258066,0.55493724,0.04514101777397193,-0.9989806246941579,6
2024-06-29,29.81927710843373,12.380722891566268,29.308807,16.312012,2.176315789473685,1015.9193548387096,0.55493724,0.02795029824021032,-0.999609314096404,6
2024-06-30,26.67590361445784,16.796385542168675,26.998535,19.641998,3.75,1005.0967741935484,0.55493724,0.01075130776352193,-0.9999422030204416,6
2024-07-01,20.674698795180724,13.106024096385545,20.77887,17.185486,2.7000000000000006,1010.68,0.55493724,-0.00645086419810515,-0.9999791929590823,7
2024-07-02,18.22409638554217,12.497590361445786,16.675323,14.3125,3.883783783783784,1010.7966666666669,0.55493724,-0.023651127245231586,-0.9997202729664083,7
2024-07-03,18.351807228915664,11.910843373493975,18.006104,13.354492,3.083783783783784,1008.7233333333334,0.55493724,-0.04084439154329611,-0.9991655196610109,7
2024-07-04,19.86987951807229,10.842168674698796,18.37439,12.965881,3.3552631578947367,1006.7100000000002,0.55493724,-0.05802556932878035,-0.9983150972033183,7
2024-07-05,21.91204819277109,9.607228915662652,20.515076,12.59137,3.555263157894737,1010.15,0.55493724,-0.07518957641475855,-0.9971692572470178,7
2024-07-06,30.931325301204826,13.073493975903611,29.230255,15.020813,3.962162162162161,1005.1833333333336,0.55493724,-0.09233133369539122,-0.9957283388645872,7
2024-07-07,22.913253012048195,11.812048192771083,22.405273,15.892731,3.2486486486486488,1012.3733333333332,0.55493724,-0.10944576864891556,-0.993992768446958,7
2024-07-08,26.540963855421687,10.59277108433735,24.83258,15.270172,2.010810810810811,1017.5666666666668,0.55493724,-0.12652781683868314,-0.9919630595773397,7
2024-07-09,31.39156626506024,15.797590361445785,29.85852,18.303772,2.5243243243243243,1018.1766666666664,0.55493724,-0.1435724234118113,-0.9896398128792412,7
2024-07-10,30.301204819277118,18.892771084337348,29.322296,23.167389,2.4736842105263164,1014.36,0.55493724,-0.16057454459499376,-0.9870237158387383,7
2024-07-11,26.81566265060241,17.621686746987955,25.752197,19.165527,2.021621621621622,1015.8,0.55493724,-0.17752914918703497,-0.984115542601034,7
2024-07-12,25.74457831325301,16.521686746987953,26.905365,18.164124,2.589473684210527,1012.3766666666668,0.55493724,-0.19443122004766195,-0.9809161537413774,7
2024-07-13,22.697590361445783,13.014457831325302,23.086853,15.345123,3.357894736842105,1010.6033333333334,0.55493724,-0.2112757555821793,-0.9774264960104055,7
2024-07-14,25.169879518072293,11.618072289156624,24.77478,17.446045,1.986842105263158,1013.57,0.55493724,-0.2280577712215198,-0.9736476020539838,7
2024-07-15,29.16867469879518,13.642168674698798,28.667084,17.641602,1.9189189189189189,1012.94,0.55493724,-0.24477230089725957,-0.9695805901076308,7
2024-07-16,27.874698795180727,15.969879518072291,27.03012,20.620514,2.889189189189189,1010.69,0.55493724,-0.2614143985111562,-0.965226663665613,7
2024-07-17,24.512048192771083,13.892771084337348,24.154358,18.504211,3.667567567567568,1017.6533333333334,0.55493724,-0.2779791393987801,-0.9605871111248129,7
2024-07-18,26.377108433734943,12.719277108433737,25.532104,17.351929,1.825,1023.1333333333334,0.55493724,-0.2944616217868012,-0.9556633054034704,7
2024-07-19,28.96144578313253,13.367469879518072,28.234467,17.16455,1.5657894736842106,1020.9733333333334,0.55493724,-0.3108569682435036,-0.9504567035349151,7
2024-07-20,30.309638554216864,15.69277108433735,29.270477,19.985992,2.247368421052632,1013.5366666666667,0.55493724,-0.3271603271220951,-0.9449688462364056,7
2024-07-21,32.49879518072289,16.40963855421687,31.410461,20.88321,2.3026315789473686,1008.35,0.55493724,-0.34336687399638804,-0.939201357453208,7
2024-07-22,24.490361445783133,13.76987951807229,23.959717,21.158691,3.4552631578947373,1012.2633333333335,0.55493724,-0.3594718130884232,-0.9331559438780432,7
2024-07-23,28.0,12.091566265060242,26.600067,16.7984,2.244736842105264,1016.5966666666668,0.55493724,-0.3754703786876202,-0.9268343944460494,7
2024-07-24,23.38192771084337,13.63132530120482,22.824036,17.413818,3.394736842105264,1015.74,0.55493724,-0.3913578365610259,-0.9202385798054075,7
2024-07-25,23.62530120481928,11.236144578313253,22.643036,15.458069,2.055263157894737,1015.6933333333334,0.55493724,-0.4071294853542516,-0.9133704517637858,7
2024-07-26,24.422891566265065,12.60120481927711,23.387024,15.635803,2.044736842105264,1012.1100000000002,0.55493724,-0.4227806579826773,-0.9062320427107697,7
2024-07-27,23.249397590361447,16.014457831325302,23.811584,18.645996,1.510526315789474,1014.1866666666666,0.55493724,-0.4383067230125192,-0.898825465016444,7
2024-07-28,23.228915662650603,13.772289156626504,22.191284,16.349365,3.873684210526316,1018.75,0.55493724,-0.45370308603134424,-0.8911529104063088,7
2024-07-29,24.03975903614458,11.56987951807229,22.883087,15.573364,2.847368421052632,1023.9133333333332,0.55493724,-0.46896519100763184,-0.8832166493127127,7
2024-07-30,28.163855421686748,10.12289156626506,26.122162,15.305664,1.5473684210526315,1019.39,0.55493724,-0.48408852163897587,-0.8750190302029955,7
2024-07-31,29.583132530120487,13.849397590361448,28.545563,17.611572,1.6236842105263158,1014.3533333333334,0.55493724,-0.4990686026885319,-0.8665624788845385,7
2024-08-01,28.21807228915663,15.636144578313257,26.022217,19.467773,1.952631578947368,1012.1266666666668,0.55493724,-0.5139010013093103,-0.8578494977869301,8
2024-08-02,22.27590361445783,15.43012048192771,21.91571,17.748444,2.1894736842105265,1010.6866666666668,0.55493724,-0.5285813283559292,-0.8488826652214553,8
2024-08-03,25.868674698795186,13.580722891566266,24.425934,16.679108,1.6473684210526316,1011.06,0.55493724,-0.5431052396834317,-0.8396646346181327,8
2024-08-04,24.26506024096386,15.524096385542167,22.56372,18.141357,2.955555555555556,1010.93,0.55493724,-0.5574684374327892,-0.8301981337405212,8
2024-08-05,23.457831325301203,12.72289156626506,21.851685,15.930481,2.655555555555556,1014.64,0.55493724,-0.5716666713027052,-0.8204859638785327,8
2024-08-06,26.328915662650605,11.287951807228916,24.174072,18.336487,1.6736842105263157,1014.42,0.55493724,-0.5856957398073508,-0.8105309990194823,8
2024-08-07,29.660240963855426,14.090361445783133,28.308899,17.717285,2.097368421052632,1011.3066666666668,0.55493724,-0.5995514915196489,-0.8003361849976323,8
2024-08-08,24.20843373493976,14.25421686746988,23.58966,18.704102,2.6763157894736844,1014.3933333333334,0.55493724,-0.6132298262997502,-0.7899045386224707,8
2024-08-09,25.106024096385543,13.242168674698794,24.681458,16.460693,3.1052631578947376,1014.8233333333336,0.55493724,-0.6267266965083301,-0.7792391467859886,8
2024-08-10,26.540963855421687,14.449397590361444,24.820557,17.386871,3.0368421052631582,1018.08,0.55493724,-0.6400381082043503,-0.7683431655492202,8
2024-08-11,25.94216867469879,13.65180722891566,24.969788,18.10846,2.6789473684210527,1020.5766666666664,0.55493724,-0.65316012232693,-0.7572198192083127,8
2024-08-12,27.89879518072289,11.210843373493978,26.557526,15.9661255,1.6421052631578943,1016.9533333333334,0.55493724,-0.666088855860977,-0.7458723993404063,8
2024-08-13,30.677108433734944,13.604819277108437,29.573181,17.49585,2.963888888888889,1013.6866666666668,0.55493724,-0.6788204829862355,-0.734304263829602,8
2024-08-14,32.348192771084335,16.849397590361445,31.705017,20.458313,2.988235294117647,1011.7964285714286,0.55493724,-0.6913512362094071,-0.722518835873311,8
2024-08-15,28.68674698795181,17.283132530120483,27.872925,21.154846,2.2705882352941176,1014.2066666666668,0.55493724,-0.7036774074790128,-0.7105196029692745,8
2024-08-16,30.115662650602413,16.050602409638554,28.932281,19.813873,2.8000000000000003,1014.6466666666668,0.55493724,-0.7157953492826642,-0.6983101158835584,8
2024-08-17,27.931325301204826,16.73734939759036,28.071228,20.669067,2.033333333333333,1012.3633333333332,0.55493724,-0.7277014757264236,-0.6858939875998223,8
2024-08-18,24.02409638554217,16.195180722891568,25.857086,18.650208,2.747222222222223,1009.9366666666668,0.55493724,-0.7393922635959241,-0.673274892250183,8
2024-08-19,23.559036144578315,12.255421686746988,22.620056,17.36612,2.5638888888888887,1016.3066666666668,0.55493724,-0.7508642533989489,-0.6604565640279754,8
2024-08-20,27.24578313253013,10.667469879518071,27.277008,16.829712,2.15,1014.9066666666666,0.55493724,-0.7621140503891487,-0.6474427960827475,8
2024-08-21,23.3578313253012,12.260240963855424,22.336273,19.401428,4.594736842105263,1011.08,0.55493724,-0.7731383255706026,-0.6342374393978054,8
2024-08-22,24.06144578313253,12.040963855421689,23.64505,15.41803,2.813888888888889,1013.4866666666668,0.55493724,-0.7839338166829201,-0.620844401650647,8
2024-08-23,30.180722891566266,15.00843373493976,29.186981,17.738342,4.189473684210527,1008.7733333333332,0.55493724,-0.7944973291665992,-0.6072676460566135,8
2024-08-24,32.41566265060241,15.291566265060242,31.414917,20.642334,3.305263157894737,1011.49,0.55493724,-0.8048257371083452,-0.593511190196115,8
2024-08-25,25.7843373493976,12.13132530120482,25.011719,20.78537,3.847368421052632,1015.1833333333332,0.55493724,-0.8149159841660791,-0.5795791048257612,8
2024-08-26,25.60120481927711,9.414457831325302,24.885315,17.134064,1.5842105263157893,1022.6766666666666,0.55493724,-0.8247650844733614,-0.5654755126737576,8
2024-08-27,27.09638554216868,9.840963855421686,26.164917,16.854279,2.031578947368421,1023.74,0.55493724,-0.8343701235229538,-0.5512045872199277,8
2024-08-28,30.63614457831325,13.034939759036146,29.69696,17.641998,2.928947368421053,1020.2633333333334,0.55493724,-0.8437282590292712,-0.5367705514607103,8
2024-08-29,34.20722891566265,18.00722891566265,33.043945,22.5289,2.0921052631578942,1016.43,0.55493724,-0.8528367217694595,-0.522177676659508,8
2024-08-30,28.03253012048193,15.50843373493976,26.070496,21.619293,3.2,1019.1166666666668,0.55493724,-0.8616928164028522,-0.5074302810827518,8
2024-08-31,23.689156626506023,13.804819277108436,22.196808,16.040955,2.5921052631578942,1024.72,0.55493724,-0.8702939222685674,-0.49253272872205434,8
2024-09-01,25.49518072289157,12.484337349397588,24.376099,15.596313,2.818421052631579,1021.7566666666668,0.55493724,-0.8786374941610001,-0.4774894280028391,9
2024-09-02,27.551807228915663,11.097590361445786,25.926483,15.195984,2.389473684210526,1016.24,0.55493724,-0.886721063082993,-0.46230483047981086,9
2024-09-03,32.47951807228916,15.84819277108434,30.845337,19.418152,2.23421052631579,1014.9,0.55493724,-0.8945422369764496,-0.4469834295196741,9
2024-09-04,33.818072289156625,17.743373493975902,32.55902,20.87622,3.136842105263157,1014.5033333333332,0.55493724,-0.9020987014301837,-0.43152975897147144,9
2024-09-05,31.51566265060241,18.36265060240964,30.341827,22.212402,4.794736842105263,1014.9,0.55493724,-0.9093882203647925,-0.4159483918249421,9
2024-09-06,29.927710843373493,16.004819277108435,28.915161,20.877502,3.86842105263158,1015.1466666666668,0.55493724,-0.9164086366943458,-0.4002439388573056,9
2024-09-07,31.4277108433735,13.995180722891565,30.374756,18.9729,2.642105263157895,1014.1400000000002,0.55493724,-0.9231578729647039,-0.38442104726885545,9
2024-09-08,32.23975903614458,17.014457831325306,30.528687,21.904083,2.7526315789473683,1009.3633333333336,0.55493724,-0.9296339319682695,-0.3684843993077793,9
2024-09-09,22.65301204819277,14.79397590361446,24.144348,17.508911,3.5289473684210524,1001.43,0.55493724,-0.9358348973349941,-0.35243871088460327,9
2024-09-10,19.28674698795181,13.561445783132532,19.517487,15.429993,3.736842105263158,1007.44,0.55493724,-0.9417589340994617,-0.33628873017668287,9
2024-09-11,16.68192771084337,9.586746987951807,16.708618,15.151611,3.7057142857142855,1004.19,0.55493724,-0.9474042892438845,-0.32003923622313857,9
2024-09-12,16.06867469879518,6.993975903614458,15.748505,10.407532,1.9243243243243249,1011.8633333333336,0.55493724,-0.9527692922168511,-0.30369503751065885,9
2024-09-13,14.542168674698797,7.381927710843374,14.177795,9.768372,3.568421052631579,1017.6366666666668,0.55493724,-0.9578523554276669,-0.28726097055059635,9
2024-09-14,17.748192771084337,9.56867469879518,16.961609,11.608093,5.802631578947368,1022.5233333333332,0.55493724,-0.9626519747161487,-0.2707418984477642,9
2024-09-15,18.002409638554216,8.465060240963856,17.442505,10.941223,4.760526315789474,1022.39,0.55493724,-0.9671667297977312,-0.2541427094613622,9
2024-09-16,17.9855421686747,12.328915662650603,19.5318,13.268402,4.315789473684211,1020.44,0.55493724,-0.97139528468375,-0.23746831555846842,9
2024-09-17,24.13132530120482,14.52289156626506,24.114716,14.230225,3.5789473684210527,1026.1833333333334,0.55493724,-0.9753363880767837,-0.2207236509605022,9
2024-09-18,24.801204819277107,13.787951807228916,24.71936,14.716888,3.005263157894737,1029.1966666666667,0.55493724,-0.9789888737409319,-0.20391367068311472,9
2024-09-19,23.901204819277112,13.434939759036146,23.542511,14.983215,3.2394736842105263,1027.1833333333332,0.55493724,-0.9823516608469237,-0.18704334906991657,9
2024-09-20,23.813253012048197,10.863855421686749,22.26538,14.028961,3.3864864864864868,1026.5200000000002,0.55493724,-0.9854237542919524,-0.17011767832049052,9
2024-09-21,24.11927710843373,8.403614457831326,22.717743,11.836945,2.610810810810811,1024.1241379310345,0.55493724,-0.9882042449941422,-0.15314166701312007,9
2024-09-22,24.75421686746988,8.186746987951807,23.052216,11.462341,1.9108108108108115,1017.9413793103448,0.55493724,-0.9906923101615609,-0.13612033862266704,9
2024-09-23,25.083132530120487,8.785542168674699,23.680206,12.039368,1.4378378378378378,1010.248275862069,0.55493724,-0.9928872135356962,-0.11905873003404988,9
2024-09-24,18.218072289156627,11.303614457831326,17.506378,13.625427,2.5567567567567564,1004.8233333333334,0.55493724,-0.994788305609327,-0.10196189005174576,9
2024-09-25,18.903614457831324,12.6710843373494,17.83191,13.879791,3.521052631578947,1005.18,0.55493724,-0.9963950238187231,-0.08483487790576538,9
2024-09-26,19.09638554216868,13.298795180722896,19.62976,14.567017,4.321052631578948,996.7933333333334,0.55493724,-0.9977068927101168,-0.06768276175455162,9
2024-09-27,19.809638554216868,12.489156626506023,19.530487,14.514374,5.931578947368421,997.1666666666669,0.55493724,-0.9987235240803972,-0.050510617185222886,9
2024-09-28,15.84698795180723,6.518072289156627,15.278137,11.570068,5.110526315789475,1010.7733333333334,0.55493724,-0.9994446170919858,-0.033323525711631344,9
2024-09-29,15.059036144578316,4.118072289156626,14.166443,7.3371277,2.3342105263157893,1026.7833333333335,0.55493724,-0.9998699583618592,-0.016126573270657762,9
2024-09-30,15.796385542168675,4.443373493975905,15.242004,8.905518,4.021052631578947,1022.9033333333334,0.55493724,-0.9999994220246925,0.001075151282798226,9
2024-10-01,12.791566265060242,7.673493975903615,12.510193,9.295227,3.742105263157895,1012.5633333333332,0.55493724,-0.999832969770105,0.018276557681691223,10
2024-10-02,11.396385542168677,8.120481927710845,11.308868,8.849915,2.926315789473685,1010.34,0.55493724,-0.9993706508539969,0.03547255575312556,10
2024-10-03,13.281927710843377,9.181927710843372,13.470306,9.263916,3.5289473684210524,1014.9633333333333,0.55493724,-0.9986126020839734,0.052658056924614005,10
2024-10-04,14.385542168674698,8.142168674698796,14.2482605,10.245789,3.1368421052631583,1018.8966666666668,0.55493724,-0.9975590477788613,0.06982797572987089,10
2024-10-05,13.473493975903615,6.471084337349398,13.676544,8.602295,1.9,1019.7166666666668,0.55493724,-0.9962102997023297,0.0869772313136861,10
2024-10-06,12.333734939759038,5.226506024096386,12.577942,8.842499,1.831578947368421,1014.3566666666668,0.55493724,-0.9945667569706337,0.1041007489354256,10
2024-10-07,16.47831325301205,5.7614457831325305,16.11444,8.186401,2.68421052631579,1007.37,0.55493724,-0.9926289059345095,0.121193461470736,10
2024-10-08,21.24457831325301,11.220481927710845,19.417908,11.999176,2.3131578947368423,1003.3566666666668,0.55493724,-0.9903973200352558,0.1382503109109819,10
2024-10-09,19.46506024096386,12.889156626506026,19.848755,12.74115,3.3131578947368423,996.9566666666668,0.55493724,-0.9878726596350429,0.15526624985999563,10
2024-10-10,18.70120481927711,8.151807228915665,18.450623,13.191132,5.326315789473685,991.2766666666668,0.55493724,-0.9850556718215013,0.172236243027682,10
2024-10-11,13.472289156626507,3.3120481927710848,12.776215,7.797882,3.026315789473684,1012.43,0.55493724,-0.981947190186646,0.18915526872004093,10
2024-10-12,13.827710843373492,1.2566265060240964,13.513611,3.3986816,3.086842105263158,1018.18,0.55493724,-0.9785481345802031,0.20601832032517084,10
2024-10-13,12.255421686746988,7.849397590361447,12.089233,9.680695,6.244736842105262,1006.9633333333334,0.55493724,-0.9748595108374125,0.22282040779479959,10
2024-10-14,12.306024096385544,5.216867469879519,12.315613,7.364746,3.384210526315789,1017.33,0.55493724,-0.9708824104813836,0.23955655912092708,10
2024-10-15,12.873493975903614,2.081927710843374,11.129486,5.753174,1.668421052631579,1023.9266666666668,0.55493724,-0.9666180104000972,0.2562218218071163,10
2024-10-16,14.804819277108436,3.166265060240964,13.91156,6.395294,4.434210526315791,1023.7966666666669,0.55493724,-0.9620675724981452,0.27281126433401914,10
2024-10-17,16.825301204819276,7.026506024096386,16.582855,8.954163,3.8078947368421057,1018.1,0.55493724,-0.957232443323312,0.28931997761869527,10
2024-10-18,17.434939759036144,7.165060240963856,16.669159,9.785431,2.431578947368421,1017.0466666666669,0.55493724,-0.9521140536681102,0.3057430764672831,10
2024-10-19,18.42168674698795,8.769879518072289,17.81009,10.259338,3.005263157894737,1017.59,0.55493724,-0.9467139181463862,0.3220757010206104,10
2024-10-20,17.73012048192771,9.473493975903615,16.141876,11.209595,2.652631578947368,1022.2566666666668,0.55493724,-0.9410336347451197,0.3383130181923076,10
2024-10-21,18.85542168674699,13.04698795180723,16.748383,13.635986,2.802631578947369,1023.4266666666666,0.55493724,-0.9350748843515574,0.3544502230989869,10
2024-10-22,16.93855421686747,6.721686746987952,16.205933,10.999817,3.21578947368421,1024.8133333333333,0.55493724,-0.9288394302558068,0.3704825404820963,10
2024-10-23,15.379518072289155,3.883132530120483,14.110046,7.699341,1.7157894736842103,1034.6066666666668,0.55493724,-0.9223291176290545,0.3864052261209853,10
2024-10-24,15.666265060240963,2.451807228915663,14.621643,7.8065186,2.471052631578948,1031.446666666667,0.55493724,-0.9155458729775467,0.40221356823680365,10
2024-10-25,17.633734939759037,5.518072289156627,16.333069,8.455994,2.1131578947368417,1022.3066666666668,0.55493724,-0.9084917035725082,0.41790288888678667,10
2024-10-26,18.33132530120482,5.573493975903615,16.362427,7.2504883,1.5473684210526315,1021.0,0.55493724,-0.9011686968561569,0.4334685453485363,10
2024-10-27,15.68313253012048,5.780722891566266,16.033508,8.715881,2.683783783783784,1019.12,0.55493724,-0.8935790198239952,0.4489059314938798,10
2024-10-28,16.021686746987953,6.983132530120481,15.424469,9.274933,2.454054054054054,1023.796551724138,0.55493724,-0.8857249183835637,0.4642104791518923,10
2024-10-29,15.502409638554214,11.159036144578314,14.046936,12.552307,2.6729729729729725,1023.85,0.55493724,-0.8776087166898392,0.4793776594606945,10
2024-10-30,15.24819277108434,10.36867469879518,14.613861,12.765747,3.0368421052631582,1024.88,0.55493724,-0.8692328164574792,0.49440298420761813,10
2024-10-31,13.553012048192771,7.865060240963855,14.0651245,9.541321,3.5868421052631576,1026.0034482758622,0.55493724,-0.8605996962501181,0.5092820071573356,10
2024-11-01,12.655421686746989,8.806024096385544,13.616974,10.472778,4.957894736842106,1020.7655172413796,0.55493724,-0.8517119107469189,0.5240103253675756,11
2024-11-02,10.871084337349396,-0.1771084337349397,12.068848,7.410431,2.3868421052631588,1029.2310344827588,0.55493724,-0.8425720899866032,0.5385835804920232,11
2024-11-03,10.055421686746987,-1.6289156626506025,9.545105,2.5559082,2.1,1031.4133333333334,0.55493724,-0.8331829385891785,0.5529974600700271,11
2024-11-04,10.353012048192774,4.397590361445783,9.933289,6.6666565,1.683783783783784,1030.3733333333334,0.55493724,-0.8235472349556007,0.5672476988027229,11
2024-11-05,9.537349397590363,3.1337349397590364,9.588287,6.6179504,2.0513513513513515,1028.1206896551726,0.55493724,-0.8136678304455991,0.5813300798152042,11
2024-11-06,5.872289156626507,3.002409638554217,7.291748,4.188843,1.245945945945946,1030.3482758620687,0.55493724,-0.8035476485339116,0.5952404359043674,11
2024-11-07,5.889156626506025,4.281927710843373,6.3035583,5.000305,1.3405405405405408,1034.79,0.55493724,-0.7931896839451843,0.6089746507720486,11
2024-11-08,6.140963855421687,3.790361445783133,6.935852,4.8125,3.1702702702702705,1033.496551724138,0.55493724,-0.7825970017677834,0.6225286602431057,11
2024-11-09,5.936144578313254,1.0385542168674702,7.904907,2.3477478,3.0243243243243243,1029.91,0.55493724,-0.7717727365467836,0.6358984534680745,11
2024-11-10,2.181927710843373,0.4337349397590361,3.125061,-0.58984375,1.762162162162162,1029.3133333333333,0.55493724,-0.7607200913564104,0.6490800741100398,11
2024-11-11,6.0530120481927705,1.7120481927710849,6.9415894,2.4396973,1.883783783783784,1028.3,0.55493724,-0.7494423368521954,0.6620696215153815,11
2024-11-12,5.643373493975904,3.213253012048193,4.889038,3.4804688,1.7702702702702706,1031.8966666666668,0.55493724,-0.7379428103031386,0.6748632518680403,11
2024-11-13,7.957831325301205,2.253012048192772,7.6331787,4.0939636,1.9540540540540543,1029.4666666666667,0.55493724,-0.7262249146041543,0.6874571793269664,11
2024-11-14,8.762650602409638,2.8397590361445784,8.981812,3.0098877,3.297368421052632,1022.8666666666668,0.55493724,-0.7142921172691032,0.699847677146407,11
2024-11-15,9.234939759036145,4.839759036144579,8.866638,4.6408386,3.365789473684211,1023.7366666666668,0.55493724,-0.7021479494046978,0.7120310787787131,11
2024-11-16,7.922891566265062,6.124096385542169,7.710907,5.299408,4.5736842105263165,1017.83,0.55493724,-0.6897960046655887,0.7240037789593305,11
2024-11-17,7.427710843373494,4.304819277108433,7.477997,5.3965454,5.381578947368421,1006.1133333333336,0.55493724,-0.6772399381909491,0.7357622347736527,11
2024-11-18,6.398795180722891,1.459036144578313,5.5249023,4.1054077,5.276315789473684,1005.5433333333334,0.55493724,-0.6644834655228552,0.7473029667054296,11
2024-11-19,8.700000000000001,0.4734939759036145,9.323303,2.5599976,4.231578947368421,996.1766666666668,0.55493724,-0.6515303615068021,0.75862255966641,11
2024-11-20,3.879518072289157,0.8289156626506026,3.1423035,1.0146484,4.726315789473684,993.65,0.55493724,-0.6383844591746642,0.7697176640069211,11
2024-11-21,3.1855421686746994,-1.4566265060240964,3.0944214,0.40734863,4.113157894736841,996.2633333333332,0.55493724,-0.6250496486104377,0.7805849965070866,11
2024-11-22,3.091566265060241,-1.2337349397590365,2.9903564,-0.34698486,4.081578947368421,997.0966666666668,0.55493724,-0.6115298757991053,0.7912213413483807,11
2024-11-23,5.04578313253012,-0.9891566265060244,4.3345337,-0.26766968,4.571052631578947,1015.5666666666668,0.55493724,-0.5978291414589552,0.801623551065242,11
2024-11-24,12.636144578313257,2.8012048192771086,12.042358,4.340149,4.85263157894737,1012.08,0.55493724,-0.5839514998576998,0.8117885474764613,11
2024-11-25,14.450602409638556,9.103614457831323,14.420471,11.246857,4.681578947368421,1009.66,0.55493724,-0.5699010576127624,0.8217133225960589,11
2024-11-26,11.261445783132531,5.133734939759036,11.623474,6.665283,2.955263157894737,1015.39,0.55493724,-0.5556819724760489,0.8313949395234058,11
2024-11-27,9.406024096385543,3.036144578313253,8.172058,4.5755005,3.4894736842105263,1019.34,0.55493724,-0.5412984521036173,0.8408305333122887,11
2024-11-28,9.304819277108434,4.987951807228916,9.137665,5.732483,6.594736842105262,1010.5166666666668,0.55493724,-0.5267547528105542,0.8500173118187018,11
2024-11-29,5.984337349397591,2.1963855421686747,5.754608,3.4721375,2.523684210526316,1031.513333333333,0.55493724,-0.5120551783114646,0.8589525565270845,11
2024-11-30,5.9554216867469885,-1.6096385542168676,4.9154663,1.5890503,2.6789473684210527,1033.3066666666668,0.55493724,-0.4972040784469378,0.8676336233547726,11
2024-12-01,5.14698795180723,-3.0000000000000004,3.1203308,-2.1150818,2.5815789473684214,1025.96,0.55493724,-0.4822058478963526,0.8760579434344281,12
2024-12-02,6.698795180722891,-1.3397590361445786,5.4716187,-0.5085144,3.194736842105263,1016.15,0.55493724,-0.46706492487743034,0.8842230238742036,12
2024-12-03,7.921686746987952,3.566265060240964,6.6429443,3.70755,2.810526315789473,1014.1033333333332,0.55493724,-0.451785789832884,0.8921264484954345,12
2024-12-04,5.026506024096386,3.014457831325301,4.9953613,3.6497498,2.647368421052632,1021.2966666666669,0.55493724,-0.4363729641045924,0.8997658785476209,12
2024-12-05,4.938554216867471,1.119277108433735,4.137146,1.9293823,3.5289473684210533,1022.2366666666666,0.55493724,-0.42083100859565564,0.9071390534005044,12
2024-12-06,6.877108433734939,2.4975903614457837,6.9969788,2.9152527,3.7815789473684216,1004.1433333333332,0.55493724,-0.4051645224207563,0.9142437912130223,12
2024-12-07,6.314457831325303,3.887951807228915,6.081848,5.0018616,3.5368421052631573,1006.3266666666666,0.55493724,-0.3893781415452015,0.9210779895789526,12
2024-12-08,5.183132530120482,2.687951807228916,4.5545654,3.915039,3.181578947368421,1010.0633333333334,0.55493724,-0.37347653741307074,0.9276396261490467,12
2024-12-09,4.6493975903614455,2.0542168674698797,4.116211,2.7269897,4.05,1023.5366666666667,0.55493724,-0.3574644155648614,0.9339267592294762,12
2024-12-10,4.019277108433736,1.930120481927711,2.8650513,1.7087402,3.4342105263157894,1030.2933333333333,0.55493724,-0.34134651424503615,0.9399375283564133,12
2024-12-11,3.0530120481927714,1.191566265060241,3.1535034,1.6259766,1.8342105263157893,1030.493333333333,0.55493724,-0.3251276029999093,0.9456701548465688,12
2024-12-12,2.280722891566265,0.3024096385542169,2.3927002,0.8223877,1.247368421052632,1031.9133333333332,0.55493724,-0.30881248126625377,0.9511229423235357,12
2024-12-13,2.403614457831325,-1.5867469879518077,3.2563782,-0.04071045,2.544736842105264,1032.0533333333335,0.55493724,-0.29240597695107734,0.9562942772197719,12
2024-12-14,3.287951807228916,-2.0698795180722893,2.5620422,-1.8604736,4.221052631578947,1017.36,0.55493724,-0.27591294500296043,0.9611826292540837,12
2024-12-15,8.624096385542169,3.0301204819277108,8.035431,2.9273682,6.155263157894738,1017.5966666666668,0.55493724,-0.2593382659754056,0.9657865518844574,12
2024-12-16,11.090361445783136,8.060240963855422,10.149963,8.3229065,7.878947368421055,1020.4133333333336,0.55493724,-0.2426868445825954,0.9701046827361175,12
2024-12-17,9.920481927710844,7.253012048192771,9.310547,8.188263,5.842105263157896,1022.8433333333336,0.55493724,-0.22596360824801906,0.974135744004672,12
2024-12-18,11.89277108433735,5.443373493975904,11.082886,4.862671,4.8,1014.9633333333336,0.55493724,-0.20917350564635637,0.9778785428342386,12
2024-12-19,13.296385542168675,5.38433734939759,12.3377075,8.186157,5.955263157894738,998.7566666666668,0.55493724,-0.19232150523909483,0.9813319716704275,12
2024-12-20,6.492771084337351,2.3289156626506027,6.1037903,4.4595947,6.147368421052632,1009.56,0.55493724,-0.17541259380427843,0.9844950085880858,12
2024-12-21,6.696385542168674,1.8012048192771084,6.28714,3.225586,5.350000000000001,1013.0166666666668,0.55493724,-0.15845177496083632,0.9873667175937016,12
2024-12-22,7.212048192771085,2.921686746987952,6.960724,2.9197388,4.510526315789474,996.4466666666668,0.55493724,-0.14144406768794202,0.9899462489023779,12
2024-12-23,5.17710843373494,1.9385542168674696,4.508362,1.0629883,4.855263157894737,1004.5233333333332,0.55493724,-0.12439450483979998,0.9922328391893008,12
2024-12-24,4.720481927710844,0.2795180722891566,4.8637085,1.4541626,2.886842105263157,1022.3586206896553,0.55493724,-0.10730813165636247,0.9942258118156161,12
2024-12-25,5.945783132530122,-0.063855421686747,5.0144043,0.85046387,2.3605263157894742,1033.9333333333334,0.55493724,-0.09019000427034513,0.9959245770286599,12
2024-12-26,6.161445783132531,3.136144578313253,6.0688477,5.0215454,1.75,1037.6766666666667,0.55493724,-0.07304518821104743,0.9973286321364752,12
2024-12-27,3.3855421686746987,-0.5578313253012048,5.401428,4.363556,1.4289473684210527,1036.1333333333334,0.55493724,-0.05587875690537313,0.9984375616565666,12
2024-12-28,0.7228915662650603,-2.846987951807229,2.1836243,0.17364502,1.4842105263157894,1030.9333333333334,0.55493724,-0.03869579017652689,0.9992510374388481,12
2024-12-29,2.519277108433735,-3.8506024096385545,1.1338501,-1.774292,3.1,1026.7900000000002,0.55493724,-0.021501372740813793,0.999768818762748,12
2024-12-30,3.151807228915663,-0.0493975903614458,3.410553,1.1636963,5.044736842105263,1025.9633333333334,0.55493724,-0.004300592702981974,0.9999907524084426,12
2024-12-31,4.320481927710843,-0.6614457831325301,2.524231,1.0661621,4.273684210526317,1023.69,0.55493724,0.012901459949419653,0.9999167727021953,12
2025-01-01,8.402439024390244,1.569512195121951,7.089813,1.295044,7.694736842105264,1011.6766666666668,0.55493724,0.017201575418260506,0.9998520419557735,1
2025-01-02,7.897560975609758,0.8353658536585366,6.686615,1.6779785,5.292105263157895,1006.3666666666668,0.55493724,0.03439806061360801,0.9994082116062598,1
2025-01-03,3.3182926829268293,-1.5975609756097562,2.406128,-0.016296387,6.081578947368421,1010.0433333333334,0.55493724,0.051584366869408364,0.9986686402879997,1
2025-01-04,0.5658536585365854,-2.803658536585366,1.0632935,-1.9285278,3.6783783783783774,1017.4206896551724,0.55493724,0.06875540848113941,0.9976335468520451,1
2025-01-05,2.341463414634146,-3.3560975609756105,1.9832458,-0.95440674,3.5513513513513506,1007.396551724138,0.55493724,0.08590610426133272,0.9963032375991965,1
2025-01-06,11.73780487804878,1.9585365853658536,10.131836,3.979309,5.073684210526316,990.9033333333334,0.55493724,0.10303137904317879,0.9946781061893646,1
2025-01-07,8.371951219512194,1.0963414634146342,6.780487,2.364502,5.310526315789474,997.6366666666668,0.55493724,0.1201261651823505,0.9927586335250793,1
2025-01-08,4.420731707317073,-0.6000000000000001,3.8712769,0.9306946,4.336842105263158,1001.5966666666666,0.55493724,0.13718540405660057,0.9905453876091833,1
2025-01-09,2.9109756097560977,-0.2817073170731707,1.5656738,-0.117004395,3.1684210526315795,998.5433333333336,0.55493724,0.1542040475626894,0.988039023376751,1
2025-01-10,1.8560975609756096,0.3048780487804878,1.0141296,-0.04663086,5.107894736842105,1009.4,0.55493724,0.17117705961019986,0.985240282501282,1
2025-01-11,1.5158536585365856,-0.5646341463414635,0.4998474,-0.5204468,6.542105263157895,1015.8766666666668,0.55493724,0.18809941761179758,0.9821499931752291,1
2025-01-12,1.5390243902439027,-1.828048780487805,0.23556519,-1.2906494,4.03157894736842,1030.8000000000002,0.55493724,0.20496611396949532,0.9787690698649216,1
2025-01-13,0.5890243902439026,-4.647560975609756,-1.0772095,-6.236267,2.3526315789473684,1041.8566666666668,0.55493724,0.22177215755648186,0.975098513039961,1
2025-01-14,2.8243902439024398,-4.117073170731707,2.0096436,-6.150757,3.918421052631579,1032.2033333333334,0.55493724,0.23851257519407648,0.9711394088771653,1
2025-01-15,5.098780487804878,1.8902439024390243,4.064392,2.1610107,2.897368421052632,1029.1066666666666,0.55493724,0.2551824131233728,0.9668929289391521,1
2025-01-16,3.542682926829269,1.1146341463414635,2.7583923,1.8688965,3.0105263157894733,1036.7,0.55493724,0.2717767384711357,0.9623603298276545,1
2025-01-17,1.7634146341463417,-1.9012195121951223,2.8858032,-0.2263794,2.5631578947368427,1038.0733333333333,0.55493724,0.2882906407095177,0.9575429528116719,1
2025-01-18,-0.1365853658536585,-3.3536585365853657,-0.74554443,-2.0761108,1.4184210526315792,1034.5633333333335,0.55493724,0.3047192331091634,0.9524422234305676,1
2025-01-19,5.059756097560976,-4.020731707317074,4.540161,-2.7566528,1.9763157894736845,1027.2666666666669,0.55493724,0.321057654185271,0.9470596510722283,1
2025-01-20,5.243902439024391,-2.841463414634146,4.8572083,-0.20715332,2.2783783783783784,1019.8833333333332,0.55493724,0.3373010691361842,0.9413968285264122,1
2025-01-21,-0.4231707317073171,-3.1439024390243904,1.2934265,-2.1903076,2.102702702702703,1018.6733333333334,0.55493724,0.3534446712740877,0.9354554315134164,1
2025-01-22,3.3182926829268293,-3.793902439024391,3.791687,-3.2893066,2.710810810810811,1013.1533333333334,0.55493724,0.3694836834473831,0.9292372181882051,1
2025-01-23,4.745121951219512,-0.0085365853658536,4.267456,-0.12988281,4.505555555555556,1003.95,0.55493724,0.38541335945432564,0.9227440286201427,1
2025-01-24,7.821951219512196,1.9853658536585368,6.9137573,0.90115356,4.237837837837836,1008.2633333333334,0.55493724,0.4012289854475009,0.9159777842484877,1
2025-01-25,13.68536585365854,5.324390243902439,11.949829,6.6509094,3.754054054054054,1006.1133333333332,0.55493724,0.4169258813287287,0.908940487313808,1
2025-01-26,9.25,2.8329268292682923,10.105225,4.857971,3.1486486486486487,1006.56,0.55493724,0.4324994021339788,0.901634220265486,1
2025-01-27,11.291463414634148,3.0792682926829267,10.101715,4.0871887,4.391891891891893,999.2166666666668,0.55493724,0.44794493940789115,0.8940611451454876,1
2025-01-28,8.501219512195123,3.709756097560976,8.668457,5.1381226,2.55,998.01,0.55493724,0.4632579225674917,0.88622350294858,1
2025-01-29,9.402439024390244,3.181707317073171,8.232117,4.1848145,4.289473684210527,1001.64,0.55493724,0.4784338202547012,0.8781236129591848,1
2025-01-30,8.491463414634145,2.298780487804878,7.938263,2.5074463,2.631578947368421,1013.6966666666668,0.55493724,0.49346814167723735,0.8697638720650646,1
2025-01-31,5.996341463414635,1.675609756097561,5.290283,2.1251526,4.247368421052631,1023.18,0.55493724,0.5083564379375122,0.8611467540480452,1
2025-02-01,4.937804878048781,0.0439024390243902,4.8010254,1.6858215,1.9921052631578944,1032.0000000000002,0.55493724,0.5230943033491326,0.8522748088519838,2
2025-02-02,4.567073170731708,-1.6121951219512194,3.9155579,0.17233276,1.368421052631579,1027.9366666666667,0.55493724,0.5376773767406141,0.8431506618282,2
2025-02-03,5.313414634146342,-4.267073170731708,4.3356934,-1.548706,1.5052631578947366,1028.5966666666668,0.55493724,0.5521013427459208,0.8337770129585915,2
2025-02-04,5.332926829268293,-4.909756097560976,3.81839,-3.8093872,1.95,1028.8033333333333,0.55493724,0.5663619330814524,0.8241566360566663,2
2025-02-05,3.1890243902439024,-3.9365853658536594,3.7109985,-3.156372,2.7184210526315784,1034.19,0.55493724,0.580454927809098,0.8142923779467267,2
2025-02-06,4.443902439024391,1.598780487804878,4.6503906,1.5067139,2.4,1041.5433333333333,0.55493724,0.5943761565849831,0.804187157621448,2
2025-02-07,3.789024390243903,0.4475609756097561,3.1445618,-0.5442505,4.094736842105263,1037.6233333333334,0.55493724,0.6081214998935418,0.7938439653781019,2
2025-02-08,5.20609756097561,-1.874390243902439,5.713928,-0.1937561,3.8394736842105264,1030.1366666666668,0.55493724,0.6216868902665479,0.7832658619336791,2
2025-02-09,3.902439024390244,-3.814634146341464,3.7489014,-2.3695068,2.513157894736842,1031.34,0.55493724,0.6350683134867438,0.7724559775191742,2
2025-02-10,3.315853658536586,-2.002439024390244,3.6878052,-1.7364807,3.5842105263157897,1032.013333333333,0.55493724,0.6482618097757122,0.7614175109532997,2
2025-02-11,3.952439024390244,-3.871951219512196,2.7397156,-2.788269,4.813157894736841,1029.7900000000002,0.55493724,0.6612634749656386,0.7501537286959042,2
2025-02-12,-0.5463414634146341,-5.1780487804878055,2.1815186,-3.6046143,3.963157894736844,1023.73,0.55493724,0.6740694616546161,0.7386679638813748,2
2025-02-13,-0.4451219512195122,-2.9902439024390244,-0.21707153,-2.3881226,2.381578947368421,1017.9666666666668,0.55493724,0.6866759803451553,0.726963615332308,2
2025-02-14,1.6780487804878048,-1.8792682926829267,1.2012024,-3.6435547,2.555263157894737,1024.1966666666667,0.55493724,0.6990793005655562,0.7150441465537444,2
2025-02-15,1.2170731707317073,-5.048780487804878,0.70010376,-3.111023,1.523684210526316,1025.88,0.55493724,0.7112757519738152,0.7029130847082615,2
2025-02-16,0.8158536585365854,-8.602439024390245,-0.2715149,-6.10907,1.905263157894737,1024.9,0.55493724,0.7232617254437388,0.6905740195722293,2
2025-02-17,0.3792682926829268,-11.397560975609755,-1.5370178,-6.41687,1.2105263157894737,1027.6466666666668,0.55493724,0.7350336741329413,0.6780306024735382,2
2025-02-18,1.326829268292683,-12.195121951219512,-0.017456055,-9.575806,1.5763157894736843,1030.3033333333335,0.55493724,0.746588114532413,0.6652865452111116,2
2025-02-19,2.9951219512195126,-11.313414634146342,1.2476196,-9.546509,2.1921052631578952,1032.3966666666668,0.55493724,0.7579216274973472,0.6523456189565257,2
2025-02-20,3.973170731707318,-7.614634146341465,2.2375183,-7.786194,3.554054054054054,1028.9466666666667,0.55493724,0.7690308592589181,0.6392116531380588,2
2025-02-21,9.11829268292683,0.4963414634146342,8.888733,0.023925781,3.0473684210526324,1025.1433333333332,0.55493724,0.7799125224167177,0.6258885343075018,2
2025-02-22,11.01219512195122,0.6865853658536586,9.500946,0.6567383,3.705263157894737,1020.9266666666668,0.55493724,0.7905633969115482,0.612380204990065,2
2025-02-23,12.170731707317076,0.2719512195121951,9.566101,2.8045044,2.6368421052631583,1025.5366666666666,0.55493724,0.8009803309782905,0.5986906625177214,2
2025-02-24,14.769512195121951,-0.698780487804878,11.9496155,0.12844849,3.194736842105263,1023.4433333333332,0.55493724,0.8111602420785621,0.5848239578463322,2
2025-02-25,12.48780487804878,4.826829268292684,11.848938,6.407257,2.176315789473685,1015.2366666666666,0.55493724,0.8211001178128892,0.5707841943569036,2
2025-02-26,8.78170731707317,4.153658536585366,8.8316345,3.716858,2.260526315789474,1013.68,0.55493724,0.8307970168121247,0.5565755266413303,2
2025-02-27,9.458536585365854,2.782926829268293,8.956787,3.3268433,2.36578947368421,1016.53,0.55493724,0.8402480696078469,0.5422021592729844,2
2025-02-28,6.143902439024391,0.4378048780487805,4.5336,-0.36288452,2.781578947368422,1020.8766666666668,0.55493724,0.8494504794814806,0.527668345562516,2
2025-03-01,6.8914634146341465,-0.4621951219512195,6.0756836,2.367035,3.0157894736842112,1029.44,0.55493724,0.8584015232918917,0.512978386299228,3
2025-03-02,7.810975609756097,-0.4585365853658535,6.9871216,0.94573975,3.376315789473684,1032.7,0.55493724,0.8670985522812081,0.4981366284784055,3
2025-03-03,10.349382716049384,-0.119753086419753,9.034912,2.8222656,3.297368421052632,1028.72,0.55493724,0.8755389928586302,0.4831474640149687,3
2025-03-04,12.466666666666669,-1.632098765432099,10.242401,-1.2724609,2.88421052631579,1025.76,0.55493724,0.8837203473619977,0.4680153284438345,3
2025-03-05,16.599999999999998,-0.8518518518518519,13.426819,-0.018676758,3.418421052631579,1023.2966666666669,0.55493724,0.8916401947968874,0.45274469960737107,3
2025-03-06,17.27283950617284,-0.4938271604938272,13.998871,-1.3526306,2.460526315789474,1020.6200000000002,0.55493724,0.8992961915530253,0.4373400963303323,3
2025-03-07,18.6679012345679,-0.3654320987654321,16.002136,-0.6326904,1.7947368421052632,1019.8066666666668,0.55493724,0.9066860720977985,0.4218060770826634,3
2025-03-08,17.444444444444443,-0.2765432098765433,15.400787,-0.40716553,2.1526315789473687,1017.3733333333332,0.55493724,0.9138076496466615,0.4061472386305789,3
2025-03-09,16.64567901234568,0.4271604938271605,13.952545,1.4812927,1.8236842105263165,1008.92,0.55493724,0.9206588168102428,0.3903682146763026,3
2025-03-10,16.40740740740741,-0.5851851851851853,13.989441,1.1871338,1.831578947368421,1000.9333333333336,0.55493724,0.9272375462179537,0.374473674486883,3
2025-03-11,8.593827160493827,0.7839506172839507,10.079285,1.6607666,1.65,1000.9633333333334,0.55493724,0.9335418911179212,0.35846832151248087,3
2025-03-12,7.344444444444446,2.075308641975309,8.150421,2.6334229,1.8684210526315796,999.73,0.55493724,0.9395699859530622,0.342356891994542,3
2025-03-13,7.801234567901235,-0.4641975308641975,7.3602905,0.43008423,1.978947368421052,998.2633333333332,0.55493724,0.945320046913132,0.3261441535642696,3
2025-03-14,8.166666666666666,0.4308641975308642,7.8799133,-1.166565,1.821052631578948,1006.16,0.55493724,0.9507903724625832,0.3098349038318025,3
2025-03-15,8.480246913580247,-1.2271604938271607,7.75058,1.5721436,2.5131578947368416,1018.5066666666668,0.55493724,0.9559793438440766,0.2934339689665273,3
2025-03-16,9.296296296296296,-3.6962962962962966,6.902252,-0.1927185,2.768421052631579,1019.83,0.55493724,0.9608854255574977,0.27694620226893646,3
2025-03-17,6.780246913580246,-4.201234567901236,5.17807,-0.6689453,3.444736842105263,1028.0966666666668,0.55493724,0.9655071658143364,0.2603764827344581,3
2025-03-18,9.058024691358025,-6.087654320987655,6.8026123,-3.2845154,2.047368421052632,1031.9200000000003,0.55493724,0.969843196967294,0.24372971360968387,3
2025-03-19,13.6609756097561,-5.424390243902439,10.258484,-2.905487,1.8421052631578945,1028.46,0.55493724,0.9738922359149924,0.22701082094141847,3
2025-03-20,17.571951219512197,-2.379268292682927,13.595154,-2.1297607,1.892105263157895,1024.2066666666667,0.55493724,0.9776530844816641,0.2102247521189836,3
2025-03-21,18.334146341463416,-0.4121951219512195,15.78186,-0.46444702,2.515789473684211,1021.2933333333332,0.55493724,0.981124629771712,0.19337647441020586,3
2025-03-22,15.550000000000002,4.528048780487806,13.101685,4.081604,5.424324324324324,1015.993103448276,0.55493724,0.984305844499033,0.17647097349152166,3
2025-03-23,14.73048780487805,5.456097560975611,13.634949,5.3901978,3.962857142857144,1008.6,0.55493724,0.9871957872910085,0.15951325197263655,3
2025-03-24,15.578048780487809,4.6658536585365855,13.640869,5.6430664,1.444736842105263,1011.69,0.55493724,0.9897936029670716,0.14250832791617088,3
2025-03-25,13.306097560975612,3.413414634146341,13.210419,4.9002686,2.676315789473685,1016.89,0.55493724,0.992098522791769,0.12546123335273648,3
2025-03-26,10.759756097560976,3.897560975609757,9.5625305,6.1158447,3.073684210526316,1018.8966666666666,0.55493724,0.9941098647022418,0.10837701279187609,3
2025-03-27,10.282926829268291,0.448780487804878,10.99469,2.5162354,2.289473684210526,1021.72,0.55493724,0.9958270335100595,0.09126072172931188,3
2025-03-28,16.541463414634148,-0.4939024390243902,14.554474,1.4506226,2.3368421052631576,1014.8633333333332,0.55493724,0.9972495210773451,0.07411742515094437,3
2025-03-29,13.695121951219512,1.3414634146341464,13.566559,3.5992737,3.3189189189189188,1012.7482758620692,0.55493724,0.998376906467142,0.056952196034039754,3
2025-03-30,10.006097560975611,-0.0707317073170731,9.797363,2.6063843,4.135135135135136,1011.403448275862,0.55493724,0.9992088560679753,0.03977011384605572,3
2025-03-31,9.508536585365857,4.219512195121952,10.73999,5.6319885,3.9684210526315793,1018.8033333333332,0.55493724,0.9997451236925734,0.022576263041545485,3
2025-04-01,13.95421686746988,2.609638554216868,12.172455,2.1305542,2.897368421052632,1028.2766666666669,0.55493724,0.9999855506507186,0.005375731557583884,4
2025-04-02,16.47831325301205,1.8710843373493975,14.924713,3.2806091,3.3342105263157897,1028.3433333333337,0.55493724,0.9999300657962057,-0.011826390691832589,4
2025-04-03,19.02771084337349,1.3433734939759037,16.750916,3.777771,2.2078947368421056,1027.47,0.55493724,0.9995786855478958,-0.029025013321975237,4
2025-04-04,20.9421686746988,2.812048192771084,18.946106,6.5978394,1.7702702702702706,1021.8466666666668,0.55493724,0.9989315138848577,-0.046215046983708354,4
2025-04-05,11.801204819277109,0.116867469879518,10.225098,4.502777,4.3108108108108105,1019.1413793103447,0.55493724,0.9979887423155984,-0.06339140486951038,4
2025-04-06,8.595180722891568,-2.109638554216868,6.6180115,0.65115356,3.4810810810810806,1026.3966666666668,0.55493724,0.9967506498213929,-0.08054900421874167,4
2025-04-07,12.873493975903614,1.5481927710843373,11.868042,3.4933472,3.3210526315789477,1024.8866666666668,0.55493724,0.9952176027737294,-0.09768276782171598,4
2025-04-08,13.614457831325302,1.227710843373494,12.2560425,2.7910461,1.8756756756756765,1027.14,0.55493724,0.9933900548258936,-0.11478762552212701,4
2025-04-09,14.912048192771085,2.981927710843374,13.61731,6.099182,3.0552631578947373,1022.28,0.55493724,0.9912685467787256,-0.13185851571739118,4
2025-04-10,14.420481927710844,4.084337349397591,13.908051,4.7557373,4.097368421052632,1023.0800000000002,0.55493724,0.9888537064205885,-0.1488903868564548,4
2025-04-11,14.602409638554215,5.775903614457833,12.958893,6.645691,4.973684210526317,1016.0166666666668,0.55493724,0.986146248341595,-0.16587819893463143,4
2025-04-12,18.69638554216868,5.807228915662651,17.45288,9.64917,2.0789473684210527,1014.4833333333332,0.55493724,0.9831469737221499,-0.1828169249850199,4
2025-04-13,22.614457831325304,5.581927710843374,21.600769,8.545105,3.471052631578948,1006.3966666666668,0.55493724,0.9798567700958665,-0.1997015525660636,4
2025-04-14,21.03614457831325,8.0855421686747,19.120789,10.84082,2.228947368421052,1009.58,0.55493724,0.9762766110869321,-0.21652708524481437,4
2025-04-15,21.73373493975904,10.35542168674699,21.019196,12.192993,4.428947368421052,1004.8766666666668,0.55493724,0.9724075561219968,-0.23328854407545518,4
2025-04-16,25.386746987951813,10.13975903614458,23.4245,13.353821,2.542105263157895,1007.0233333333332,0.55493724,0.9682507501166718,-0.2499809690726521,4
2025-04-17,23.549397590361448,11.348192771084337,25.799194,15.718689,3.2368421052631584,1006.6,0.55493724,0.9638074231367307,-0.26659942067929354,4
2025-04-18,13.81566265060241,8.579518072289156,14.785706,11.277618,3.160526315789474,1008.9033333333334,0.55493724,0.9590788900341131,-0.28313898122818354,4
2025-04-19,10.463855421686748,5.719277108433734,9.84964,8.332581,2.526315789473685,1009.8433333333336,0.55493724,0.9540665500578387,-0.2995947563972602,4
2025-04-20,20.03373493975904,3.644578313253012,18.861084,5.5684204,1.7026315789473685,1007.3766666666668,0.55493724,0.9487718864399473,-0.31596187665790293,4
2025-04-21,18.65301204819277,7.573493975903616,18.482025,9.525391,1.9138888888888888,1009.9633333333334,0.55493724,0.9431964659565866,-0.33223549871590435,4
2025-04-22,18.44939759036145,6.73132530120482,18.01239,9.710907,2.1026315789473684,1015.7266666666668,0.55493724,0.9373419384643772,-0.3484108069446808,4
2025-04-23,18.828915662650605,5.990361445783133,17.856659,9.463684,1.905263157894737,1017.1433333333332,0.55493724,0.9312100364121947,-0.3644830148102912,4
2025-04-24,17.419277108433736,7.706024096385541,16.449066,10.709961,3.223684210526316,1015.77,0.55493724,0.9248025743285089,-0.38044736628785164,4
2025-04-25,16.628915662650602,5.573493975903615,15.62323,8.176025,3.5500000000000003,1019.6,0.55493724,0.9181214482844364,-0.39629913726891813,4
2025-04-26,15.909638554216867,2.687951807228916,14.354767,7.136841,3.1763157894736844,1025.6466666666668,0.55493724,0.9111686353326631,-0.41203363695942635,4
2025-04-27,17.76385542168675,1.4506024096385544,16.003357,6.457062,2.842105263157895,1028.15,0.55493724,0.9039461929224011,-0.42764620926777464,4
2025-04-28,21.18674698795181,1.6578313253012051,19.219727,6.483032,1.5710526315789477,1026.6766666666667,0.55493724,0.8964562582905575,-0.44313223418263453,4
2025-04-29,22.212195121951225,4.269512195121951,20.670319,8.477661,2.4837837837837844,1024.99,0.55493724,0.8887010478292915,-0.45848712914008766,4
2025-04-30,22.87682926829269,6.642682926829269,21.417511,11.088318,1.9837837837837835,1023.5793103448276,0.55493724,0.8806828564301475,-0.47370635037968,4
2025-05-01,24.81341463414634,6.713414634146342,23.283478,11.052795,1.6810810810810812,1021.2137931034484,0.55493724,0.8724040568049612,-0.48878539428899265,5
2025-05-02,28.00487804878049,9.903658536585366,26.098541,13.616974,3.3432432432432435,1013.6896551724138,0.55493724,0.8638670987837349,-0.503719798736334,5
2025-05-03,17.345121951219515,9.61707317073171,18.109985,11.836365,2.3864864864864863,1009.3689655172412,0.55493724,0.8550745085896932,-0.518505144391157,5
2025-05-04,14.031707317073172,5.184146341463415,14.472107,9.590698,4.435135135135135,1007.9896551724138,0.55493724,0.8460288880917339,-0.533137056031809,5
2025-05-05,13.963414634146345,1.5975609756097562,13.503418,6.45401,2.8459459459459464,1017.1724137931036,0.55493724,0.8367329140344921,-0.5476112038402312,5
2025-05-06,16.307317073170733,-0.6158536585365854,15.581818,4.791992,2.383783783783784,1017.8862068965516,0.55493724,0.8271893372462497,-0.5619233046832195,5
2025-05-07,16.043902439024393,4.035365853658537,14.725128,8.010254,3.018918918918919,1020.2793103448276,0.55493724,0.8174009818249189,-0.5760691233798758,5
2025-05-08,15.88048780487805,1.8195121951219515,14.674866,7.8788757,2.05945945945946,1019.9206896551724,0.55493724,0.8073707443023492,-0.5900444739548627,5
2025-05-09,19.126506024096383,1.5120481927710845,16.865417,6.7296143,1.691891891891892,1020.7033333333331,0.55493724,0.7971015927871943,-0.6038452208771035,5
2025-05-10,18.714457831325305,6.259036144578313,16.131104,10.188477,2.844736842105263,1020.6133333333332,0.55493724,0.7865965660866021,-0.6174672802835514,5
2025-05-11,18.661445783132528,4.144578313253013,17.617249,8.222961,2.692105263157895,1019.9233333333334,0.55493724,0.7758587728069828,-0.6309066211876704,5
2025-05-12,18.38795180722892,2.708433734939759,17.616821,8.078125,2.765789473684211,1018.6966666666668,0.55493724,0.7648913904341225,-0.6441592666722685,5
2025-05-13,20.70120481927711,2.36144578313253,19.323792,7.5151367,1.7729729729729733,1020.2366666666666,0.55493724,0.753697664392914,-0.6572212950663319,5
2025-05-14,22.25301204819277,7.071084337349397,21.009766,10.395966,3.91578947368421,1014.12,0.55493724,0.742280907086982,-0.6700888411055113,5
2025-05-15,15.779518072289155,6.385542168674699,13.909332,9.287964,4.5052631578947375,1014.47,0.55493724,0.7306444969184916,-0.6827580970759147,5
2025-05-16,16.950602409638556,7.072289156626506,15.327881,8.903809,3.826315789473683,1015.7733333333332,0.55493724,0.7187918772884232,-0.6952253139408722,5
2025-05-17,17.397590361445783,5.867469879518072,15.916931,11.052795,4.010526315789474,1012.6066666666668,0.55493724,0.7067265555776158,-0.7074868024503348,5
2025-05-18,15.681927710843372,5.545783132530121,15.06131,7.4954224,3.886842105263157,1012.2900000000002,0.55493724,0.6944521021088763,-0.719538934232584,5
2025-05-19,15.515662650602412,9.173493975903616,15.692993,11.049469,3.3552631578947367,1016.7866666666667,0.55493724,0.6819721490904629,-0.7313781428679254,5
2025-05-20,23.540963855421687,7.597590361445784,21.5307,9.230774,2.0842105263157897,1016.1766666666666,0.55493724,0.6692903895412567,-0.7430009249440493,5
2025-05-21,21.93855421686747,9.96987951807229,20.781067,14.116394,4.1342105263157904,1009.81,0.55493724,0.6564105761979381,-0.7544038410927472,5
2025-05-22,16.29759036144578,4.114457831325301,15.30542,10.571045,4.902631578947369,1008.8033333333332,0.55493724,0.6433365204044917,-0.765583517007675,5
2025-05-23,14.29397590361446,2.648192771084338,13.010193,7.4231567,3.4864864864864864,1013.22,0.55493724,0.6300720909843687,-0.7765366444428655,5
2025-05-24,18.431325301204826,4.378313253012049,16.993378,7.4283752,3.221621621621621,1015.4517241379313,0.55493724,0.6166212130956382,-0.7872599821916922,5
2025-05-25,16.616867469879523,9.191566265060242,15.036896,11.742676,3.4108108108108106,1011.2482758620688,0.55493724,0.6029878670694714,-0.7977503570459932,5
2025-05-26,21.168674698795183,9.60843373493976,19.718018,13.073425,2.8405405405405406,1013.7866666666667,0.55493724,0.5891760872322963,-0.8080046647350754,5
2025-05-27,21.45903614457832,7.82289156626506,20.34668,10.361481,3.381081081081082,1016.8379310344828,0.55493724,0.5751899607119775,-0.8180198708443174,5
2025-05-28,19.70481927710844,11.7855421686747,18.217102,14.432068,3.975675675675676,1011.0966666666668,0.55493724,0.5610336262283677,-0.8277930117131022,5
2025-05-29,19.48795180722892,10.389156626506026,17.921173,12.417908,3.8684210526315783,1018.86,0.55493724,0.5467112728685939,-0.8373211953118121,5
2025-05-30,24.813253012048197,12.914457831325302,23.605164,14.293976,3.6526315789473687,1017.64,0.55493724,0.5322271388474397,-0.8466016020976267,5
2025-05-31,26.22409638554217,13.154216867469884,24.397339,15.377472,1.989473684210526,1017.8233333333334,0.55493724,0.5175855102531889,-0.8556314858488706,5
2025-06-01,26.3566265060241,14.097590361445782,26.6203,16.312317,2.905263157894737,1013.51,0.55493724,0.5027907197793043,-0.8644081744776648,6
2025-06-02,22.85783132530121,11.949397590361444,21.894836,16.038818,2.426315789473685,1014.16,0.55493724,0.4878471454423119,-0.8729290708206411,6
2025-06-03,24.72289156626506,10.406024096385543,24.309387,12.648804,2.371052631578947,1014.083870967742,0.55493724,0.47275920928627757,-0.881191653407483,6
2025-06-04,25.41204819277109,13.14819277108434,25.3927,17.040405,3.123684210526316,1008.8366666666666,0.55493724,0.4575313760742512,-0.8891934772070711,6
2025-06-05,22.35421686746988,12.727710843373496,22.318909,16.854095,2.815789473684211,1009.9333333333332,0.55493724,0.44216815196707204,-0.8969321743510065,6
2025-06-06,22.489156626506027,12.528915662650604,21.580536,15.660156,4.36842105263158,1008.39,0.55493724,0.42667408318992467,-0.9044054548343001,6
2025-06-07,22.58192771084337,11.85542168674699,22.273499,15.288605,3.1236842105263154,1009.2071428571428,0.55493724,0.4110537546870351,-0.9116111071930239,6
2025-06-08,18.96144578313253,10.889156626506026,19.536743,14.577576,4.95,1008.2428571428572,0.55493724,0.3953117887649151,-0.9185469991587165,6
2025-06-09,18.767469879518075,9.436144578313254,18.152588,11.885345,4.336842105263158,1019.63,0.55493724,0.37945284372454435,-0.925211078289358,6
2025-06-10,19.03734939759036,9.337349397590362,19.05066,12.225098,3.360526315789474,1016.083870967742,0.55493724,0.36348161248290634,-0.9316013725767187,6
2025-06-11,20.56265060240964,9.237349397590362,19.995941,12.783264,4.278947368421053,1018.248387096774,0.55493724,0.3474028211842774,-0.9377159910299093,6
2025-06-12,23.457831325301203,6.969879518072289,22.124054,10.886383,2.484210526315789,1023.4580645161292,0.55493724,0.3312212278016865,-0.9435531242349544,6
2025-06-13,25.077108433734946,10.102409638554215,23.683746,13.586426,3.502777777777778,1026.232258064516,0.55493724,0.31494162072895193,-0.9491110448902284,6
2025-06-14,29.139759036144586,11.953012048192774,27.561096,15.551758,3.5621621621621617,1022.2466666666668,0.55493724,0.2985688173637202,-0.9543881083175908,6
2025-06-15,31.26626506024096,14.443373493975905,30.386261,18.572998,3.0972972972972967,1017.1033333333334,0.55493724,0.2821076626819194,-0.9593827529490743,6
2025-06-16,22.89277108433735,13.186746987951809,21.17688,15.895172,4.307894736842106,1022.3645161290324,0.55493724,0.26556302780405594,-0.9640935007889755,6
2025-06-17,26.92409638554217,11.332530120481929,26.063416,15.0243225,2.3526315789473684,1024.583870967742,0.55493724,0.24893980855376657,-0.9685189578512204,6
2025-06-18,27.1,13.6855421686747,26.263245,17.5318,3.1297297297297297,1020.883870967742,0.55493724,0.23224292400907015,-0.9726578145718654,6
2025-06-19,22.56024096385542,10.96987951807229,22.273407,16.339172,4.444736842105263,1022.441935483871,0.55493724,0.21547731504673012,-0.976508846196619,6
2025-06-20,23.8132530120482,8.545783132530122,22.958466,13.448303,2.373684210526316,1025.6580645161291,0.55493724,0.19864794288017112,-0.9800709131432666,6
2025-06-21,29.04457831325301,8.032530120481928,28.109283,14.135803,1.7054054054054055,1023.2419354838712,0.55493724,0.18175978759137534,-0.9833429613388902,6
2025-06-22,33.54096385542168,12.037349397590363,32.601105,17.723694,2.3864864864864868,1017.0,0.55493724,0.16481784665719793,-0.9863240225317866,6
2025-06-23,27.137349397590363,13.498795180722892,27.643799,20.770752,5.163157894736842,1008.0870967741936,0.55493724,0.14782713347053048,-0.9890132145779883,6
2025-06-24,23.12530120481928,12.309638554216868,22.223694,16.44751,5.036842105263158,1010.5612903225808,0.55493724,0.13079267585675922,-0.9914097417023038,6
2025-06-25,26.592771084337347,14.426506024096389,24.596497,19.246643,4.586842105263158,1010.058064516129,0.55493724,0.11371951458594969,-0.9935128947338007,6
2025-06-26,31.97590361445783,12.72289156626506,29.788757,17.57129,3.105405405405406,1012.2129032258064,0.55493724,0.0966127018812031,-0.9953220513156602,6
2025-06-27,22.343373493975907,14.321686746987952,22.271545,17.38208,4.623684210526315,1017.6451612903228,0.55493724,0.07947729992362097,-0.9968366760893436,6
2025-06-28,29.6277108433735,12.763855421686747,27.003693,16.394287,3.75945945945946,1021.651612903226,0.55493724,0.062318379354325076,-0.998056320853012,6
2025-06-29,28.919277108433736,15.59156626506024,26.960571,20.99112,4.543243243243242,1020.4733333333334,0.55493724,0.04514101777397193,-0.9989806246941579,6
2025-06-30,26.92530120481928,11.373493975903616,25.836426,16.136047,2.7,1021.7066666666668,0.55493724,0.02795029824021032,-0.999609314096404,6
2025-07-01,32.54819277108434,11.242168674698798,30.99997,16.744202,1.9722222222222223,1019.05,0.55493724,0.01075130776352193,-0.9999422030204416,7
2025-07-02,37.24698795180723,14.84819277108434,35.94635,20.816406,2.351351351351352,1014.9533333333334,0.55493724,-0.00645086419810515,-0.9999791929590823,7
2025-07-03,25.749397590361443,12.742168674698794,26.748718,22.126038,4.245945945945946,1019.0193548387098,0.55493724,-0.023651127245231586,-0.9997202729664083,7
2025-07-04,24.63132530120482,9.943373493975905,24.149841,17.54776,2.357894736842105,1025.1741935483872,0.55493724,-0.04084439154329611,-0.9991655196610109,7
2025-07-05,28.66144578313253,10.761445783132531,27.884705,15.444,3.173684210526316,1016.2387096774194,0.55493724,-0.05802556932878035,-0.9983150972033183,7
2025-07-06,28.40602409638554,14.65180722891566,28.773407,19.82608,3.139473684210526,1008.1225806451612,0.55493724,-0.07518957641475855,-0.9971692572470178,7
2025-07-07,24.19156626506024,14.773493975903614,23.44867,18.545319,2.7526315789473683,1002.316129032258,0.55493724,-0.09233133369539122,-0.9957283388645872,7
2025-07-08,21.583132530120483,12.695180722891568,21.120636,14.907776,3.8868421052631583,1007.8096774193548,0.55493724,-0.10944576864891556,-0.993992768446958,7
2025-07-09,21.50722891566265,14.004819277108435,21.621155,15.920898,3.978947368421053,1015.0548387096776,0.55493724,-0.12652781683868314,-0.9919630595773397,7
2025-07-10,23.706024096385548,12.940963855421687,21.811066,16.188416,3.060526315789474,1018.616129032258,0.55493724,-0.1435724234118113,-0.9896398128792412,7
2025-07-11,24.34819277108434,11.704819277108436,23.513458,14.874512,3.8078947368421057,1015.1483870967742,0.55493724,-0.16057454459499376,-0.9870237158387383,7
2025-07-12,17.73132530120482,14.379518072289155,17.758057,14.89801,2.9555555555555557,1009.5225806451612,0.55493724,-0.17752914918703497,-0.984115542601034,7
2025-07-13,22.697590361445783,15.2855421686747,21.03595,15.459869,2.3888888888888893,1009.6096774193549,0.55493724,-0.19443122004766195,-0.9809161537413774,7
2025-07-14,27.643373493975904,14.373493975903614,25.74347,15.192535,2.289473684210526,1012.325806451613,0.55493724,-0.2112757555821793,-0.9774264960104055,7
2025-07-15,23.01686746987952,13.92289156626506,22.634338,17.934967,2.6421052631578954,1014.8064516129032,0.55493724,-0.2280577712215198,-0.9736476020539838,7
2025-07-16,22.86987951807229,12.038554216867473,22.714294,15.195068,2.4368421052631577,1012.5387096774194,0.55493724,-0.24477230089725957,-0.9695805901076308,7
2025-07-17,20.02530120481928,12.614457831325302,19.607117,14.954407,3.5026315789473683,1011.8612903225808,0.55493724,-0.2614143985111562,-0.965226663665613,7
2025-07-18,24.339759036144574,15.198795180722891,23.219757,16.040192,1.810526315789473,1013.0580645161292,0.55493724,-0.2779791393987801,-0.9605871111248129,7
2025-07-19,28.444578313253007,13.836144578313254,26.493866,17.601227,1.5736842105263158,1011.5709677419356,0.55493724,-0.2944616217868012,-0.9556633054034704,7
2025-07-20,30.755421686746992,15.526506024096388,28.44748,17.781311,2.186111111111111,1007.2419354838712,0.55493724,-0.3108569682435036,-0.9504567035349151,7
2025-07-21,23.437349397590364,15.069879518072293,23.349243,17.124329,2.763157894736842,1005.4096774193548,0.55493724,-0.3271603271220951,-0.9449688462364056,7
2025-07-22,22.638554216867472,14.503614457831327,21.43927,15.759033,3.5842105263157893,1005.9612903225808,0.55493724,-0.34336687399638804,-0.939201357453208,7
2025-07-23,21.872289156626508,15.918072289156626,21.944214,16.73877,4.271052631578949,1007.9,0.55493724,-0.3594718130884232,-0.9331559438780432,7
2025-07-24,24.196385542168677,15.638554216867472,23.23883,18.279358,2.3736842105263163,1011.4483870967742,0.55493724,-0.3754703786876202,-0.9268343944460494,7
2025-07-25,25.31686746987952,16.867469879518076,23.243286,18.427734,2.539473684210526,1013.5354838709678,0.55493724,-0.3913578365610259,-0.9202385798054075,7
2025-07-26,22.27710843373494,14.772289156626508,21.816101,18.036469,2.118421052631579,1015.0387096774195,0.55493724,-0.4071294853542516,-0.9133704517637858,7
2025-07-27,25.31566265060241,14.344578313253011,23.33609,16.943512,1.736842105263158,1011.1483870967742,0.55493724,-0.4227806579826773,-0.9062320427107697,7
2025-07-28,23.049397590361448,15.545783132530122,22.068542,16.736084,3.778947368421053,1009.7161290322582,0.55493724,-0.4383067230125192,-0.898825465016444,7
2025-07-29,22.23493975903615,12.965060240963856,20.776184,15.998291,3.921621621621622,1012.958064516129,0.55493724,-0.45370308603134424,-0.8911529104063088,7
2025-07-30,22.96746987951807,11.553012048192771,21.586365,14.774719,2.9,1013.7032258064517,0.55493724,-0.46896519100763184,-0.8832166493127127,7
2025-07-31,19.946987951807227,13.49397590361446,20.122467,14.948547,3.342105263157895,1012.1387096774192,0.55493724,-0.48408852163897587,-0.8750190302029955,7
2025-08-01,22.20379746835443,13.896385542168677,20.90976,15.868805,2.6447368421052637,1008.6967741935484,0.55493724,-0.4990686026885319,-0.8665624788845385,8
2025-08-02,23.365822784810128,13.628915662650604,21.57965,15.735657,2.681578947368421,1009.835483870968,0.55493724,-0.5139010013093103,-0.8578494977869301,8
2025-08-03,20.11139240506329,13.681927710843372,19.41864,15.932922,3.381578947368421,1014.6096774193549,0.55493724,-0.5285813283559292,-0.8488826652214553,8
2025-08-04,23.910126582278483,14.396385542168677,23.041016,15.936523,3.271052631578948,1015.2322580645164,0.55493724,-0.5431052396834317,-0.8396646346181327,8
2025-08-05,20.98607594936709,12.634939759036143,20.04889,17.828857,3.460526315789474,1014.6548387096776,0.55493724,-0.5574684374327892,-0.8301981337405212,8
2025-08-06,22.06455696202532,10.732530120481927,20.647644,14.71228,3.5157894736842104,1021.458064516129,0.55493724,-0.5716666713027052,-0.8204859638785327,8
2025-08-07,25.77974683544304,11.10602409638554,24.71164,13.910217,2.081578947368421,1019.3129032258066,0.55493724,-0.5856957398073508,-0.8105309990194823,8
2025-08-08,26.93037974683544,15.332530120481929,26.19519,17.40384,2.439473684210526,1016.8096774193548,0.55493724,-0.5995514915196489,-0.8003361849976323,8
2025-08-09,29.464556962025316,13.067469879518072,28.126862,16.432526,1.8472222222222223,1019.741935483871,0.55493724,-0.6132298262997502,-0.7899045386224707,8
2025-08-10,24.58987341772152,12.038554216867473,23.564026,17.096344,3.6162162162162166,1023.3451612903226,0.55493724,-0.6267266965083301,-0.7792391467859886,8
2025-08-11,26.47341772151898,9.620481927710845,24.970215,14.584473,1.4722222222222223,1025.616129032258,0.55493724,-0.6400381082043503,-0.7683431655492202,8
2025-08-12,29.370886075949368,11.409638554216867,27.976013,15.3862915,1.9750000000000003,1020.783870967742,0.55493724,-0.65316012232693,-0.7572198192083127,8
2025-08-13,32.34683544303797,14.701204819277113,30.677704,19.257843,2.2,1017.0290322580644,0.55493724,-0.666088855860977,-0.7458723993404063,8
2025-08-14,33.78860759493671,15.36867469879518,32.282043,20.100494,1.9000000000000004,1018.5,0.55493724,-0.6788204829862355,-0.734304263829602,8
2025-08-15,33.53164556962025,17.091566265060244,33.316956,22.504944,2.455263157894737,1018.8645161290324,0.55493724,-0.6913512362094071,-0.722518835873311,8
2025-08-16,24.425316455696205,13.85421686746988,25.155945,19.523346,3.4368421052631586,1019.8870967741937,0.55493724,-0.7036774074790128,-0.7105196029692745,8
2025-08-17,22.745569620253164,10.90843373493976,21.419464,14.993225,2.636111111111111,1019.0967741935484,0.55493724,-0.7157953492826642,-0.6983101158835584,8
2025-08-18,25.14430379746836,8.798795180722891,24.15686,14.958252,1.544736842105263,1020.6741935483872,0.55493724,-0.7277014757264236,-0.6858939875998223,8
2025-08-19,27.63544303797468,10.689156626506024,26.194519,15.365631,1.7216216216216218,1015.3193548387096,0.55493724,-0.7393922635959241,-0.673274892250183,8
2025-08-20,24.625316455696204,11.490361445783131,24.232544,16.77475,2.783783783783784,1010.632258064516,0.55493724,-0.7508642533989489,-0.6604565640279754,8
2025-08-21,24.121518987341776,9.13975903614458,22.92511,15.550934,2.5131578947368425,1010.2645161290322,0.55493724,-0.7621140503891487,-0.6474427960827475,8
2025-08-22,19.5746835443038,9.820481927710844,19.52533,14.108795,3.96578947368421,1013.5870967741936,0.55493724,-0.7731383255706026,-0.6342374393978054,8
2025-08-23,17.98987341772152,8.360240963855423,18.185059,13.326904,4.0,1014.2032258064517,0.55493724,-0.7839338166829201,-0.620844401650647,8
2025-08-24,19.855696202531643,6.936144578313254,18.61383,11.28717,3.2588235294117647,1018.2933333333332,0.55493724,-0.7944973291665992,-0.6072676460566135,8
2025-08-25,20.673417721518984,8.327710843373495,18.723694,12.937561,2.902857142857143,1017.3774193548388,0.55493724,-0.8048257371083452,-0.593511190196115,8
2025-08-26,23.31645569620253,7.63855421686747,21.984802,11.661285,1.855555555555556,1013.832258064516,0.55493724,-0.8149159841660791,-0.5795791048257612,8
2025-08-27,29.11038961038961,13.53012048192771,27.104431,15.847534,2.631428571428572,1009.9451612903226,0.55493724,-0.8247650844733614,-0.5654755126737576,8
2025-08-28,22.15921052631579,15.878313253012047,23.100647,19.483398,1.844117647058824,1005.9709677419356,0.55493724,-0.8343701235229538,-0.5512045872199277,8
2025-08-29,21.662337662337663,14.227710843373496,19.79535,17.271423,1.4783783783783784,1003.6516129032258,0.55493724,-0.8437282590292712,-0.5367705514607103,8
2025-08-30,23.91168831168832,12.939759036144578,23.524872,15.448059,2.1694444444444443,1006.8633333333332,0.55493724,-0.8528367217694595,-0.522177676659508,8
2025-08-31,26.042857142857144,10.871084337349398,25.260406,14.26886,1.958333333333333,1012.0866666666668,0.55493724,-0.8616928164028522,-0.5074302810827518,8
2025-09-01,26.042857142857144,10.871084337349398,26.722015,17.09375,1.958333333333333,1012.0866666666668,0.55493724,-0.8702939222685674,-0.49253272872205434,9
2025-09-02,26.042857142857144,10.871084337349398,21.050964,16.899414,1.958333333333333,1012.0866666666668,0.55493724,-0.8786374941610001,-0.4774894280028391,9
2025-09-03,26.042857142857144,10.871084337349398,23.91632,14.870605,1.958333333333333,1012.0866666666668,0.55493724,-0.886721063082993,-0.46230483047981086,9
2025-09-04,26.042857142857144,10.871084337349398,27.016418,18.033997,1.958333333333333,1012.0866666666668,0.55493724,-0.8945422369764496,-0.4469834295196741,9
2025-09-05,26.042857142857144,10.871084337349398,19.550049,17.144196,1.958333333333333,1012.0866666666668,0.55493724,-0.9020987014301837,-0.43152975897147144,9
2025-09-06,26.042857142857144,10.871084337349398,20.842163,14.339966,1.958333333333333,1012.0866666666668,0.55493724,-0.9093882203647925,-0.4159483918249421,9
2025-09-07,26.042857142857144,10.871084337349398,22.236237,12.487061,1.958333333333333,1012.0866666666668,0.55493724,-0.9164086366943458,-0.4002439388573056,9
2025-09-08,26.042857142857144,10.871084337349398,22.525696,13.288757,1.958333333333333,1012.0866666666668,0.55493724,-0.9231578729647039,-0.38442104726885545,9
2025-09-09,26.042857142857144,10.871084337349398,24.20581,14.415894,1.958333333333333,1012.0866666666668,0.55493724,-0.9296339319682695,-0.3684843993077793,9
2025-09-10,26.042857142857144,10.871084337349398,22.893433,16.02948,1.958333333333333,1012.0866666666668,0.55493724,-0.9358348973349941,-0.35243871088460327,9
2025-09-11,26.042857142857144,10.871084337349398,22.46109,14.218933,1.958333333333333,1012.0866666666668,0.55493724,-0.9417589340994617,-0.33628873017668287,9
2025-09-12,26.042857142857144,10.871084337349398,20.215515,14.278717,1.958333333333333,1012.0866666666668,0.55493724,-0.9474042892438845,-0.32003923622313857,9
2025-09-13,26.042857142857144,10.871084337349398,21.368134,12.303558,1.958333333333333,1012.0866666666668,0.55493724,-0.9527692922168511,-0.30369503751065885,9
2025-09-14,26.042857142857144,10.871084337349398,18.47998,14.04483,1.958333333333333,1012.0866666666668,0.55493724,-0.9578523554276669,-0.28726097055059635,9
2025-09-15,26.042857142857144,10.871084337349398,20.897278,11.842194,1.958333333333333,1012.0866666666668,0.55493724,-0.9626519747161487,-0.2707418984477642,9
2025-09-16,26.042857142857144,10.871084337349398,18.174805,15.227417,1.958333333333333,1012.0866666666668,0.55493724,-0.9671667297977312,-0.2541427094613622,9
2025-09-17,26.042857142857144,10.871084337349398,18.335968,12.613922,1.958333333333333,1012.0866666666668,0.55493724,-0.97139528468375,-0.23746831555846842,9
2025-09-18,26.042857142857144,10.871084337349398,19.048096,14.7221985,1.958333333333333,1012.0866666666668,0.55493724,-0.9753363880767837,-0.2207236509605022,9
2025-09-19,26.042857142857144,10.871084337349398,23.403625,16.911407,1.958333333333333,1012.0866666666668,0.55493724,-0.9789888737409319,-0.20391367068311472,9
2025-09-20,26.042857142857144,10.871084337349398,26.8544,15.591675,1.958333333333333,1012.0866666666668,0.55493724,-0.9823516608469237,-0.18704334906991657,9
2025-09-21,26.042857142857144,10.871084337349398,26.243958,17.510315,1.958333333333333,1012.0866666666668,0.55493724,-0.9854237542919524,-0.17011767832049052,9
2025-09-22,26.042857142857144,10.871084337349398,15.00296,11.951355,1.958333333333333,1012.0866666666668,0.55493724,-0.9882042449941422,-0.15314166701312007,9
2025-09-23,26.042857142857144,10.871084337349398,15.622131,7.3323364,1.958333333333333,1012.0866666666668,0.55493724,-0.9906923101615609,-0.13612033862266704,9
2025-09-24,26.042857142857144,10.871084337349398,15.859314,8.02887,1.958333333333333,1012.0866666666668,0.55493724,-0.9928872135356962,-0.11905873003404988,9
2025-09-25,26.042857142857144,10.871084337349398,15.129272,8.935547,1.958333333333333,1012.0866666666668,0.55493724,-0.994788305609327,-0.10196189005174576,9
2025-09-26,26.042857142857144,10.871084337349398,15.126617,10.843201,1.958333333333333,1012.0866666666668,0.55493724,-0.9963950238187231,-0.08483487790576538,9
2025-09-27,26.042857142857144,10.871084337349398,17.698578,11.660187,1.958333333333333,1012.0866666666668,0.55493724,-0.9977068927101168,-0.06768276175455162,9
2025-09-28,26.042857142857144,10.871084337349398,17.52594,9.2435,1.958333333333333,1012.0866666666668,0.55493724,-0.9987235240803972,-0.050510617185222886,9
2025-09-29,26.042857142857144,10.871084337349398,17.52594,10.245056,1.958333333333333,1012.0866666666668,0.55493724,-0.9994446170919858,-0.033323525711631344,9
2025-09-30,26.042857142857144,10.871084337349398,17.52594,7.1153564,1.958333333333333,1012.0866666666668,0.55493724,-0.9998699583618592,-0.016126573270657762,9
2025-10-01,26.042857142857144,10.871084337349398,17.52594,9.410706,1.958333333333333,1012.0866666666668,0.55493724,-0.9999994220246925,0.001075151282798226,10
2025-10-02,26.042857142857144,10.871084337349398,17.52594,9.2031555,1.958333333333333,1012.0866666666668,0.55493724,-0.999832969770105,0.018276557681691223,10
2025-10-03,26.042857142857144,10.871084337349398,17.52594,4.347351,1.958333333333333,1012.0866666666668,0.55493724,-0.9993706508539969,0.03547255575312556,10
2025-10-04,26.042857142857144,10.871084337349398,17.52594,8.4599,1.958333333333333,1012.0866666666668,0.55493724,-0.9986126020839734,0.052658056924614005,10
2025-10-05,26.042857142857144,10.871084337349398,17.52594,9.852478,1.958333333333333,1012.0866666666668,0.55493724,-0.9975590477788613,0.06982797572987089,10
2025-10-06,26.042857142857144,10.871084337349398,17.52594,10.18689,1.958333333333333,1012.0866666666668,0.55493724,-0.9962102997023297,0.0869772313136861,10
2025-10-07,26.042857142857144,10.871084337349398,17.52594,10.955383,1.958333333333333,1012.0866666666668,0.55493724,-0.9945667569706337,0.1041007489354256,10
2025-10-08,26.042857142857144,10.871084337349398,17.52594,13.16272,1.958333333333333,1012.0866666666668,0.55493724,-0.9926289059345095,0.121193461470736,10
2025-10-09,26.042857142857144,10.871084337349398,17.52594,12.236359,1.958333333333333,1012.0866666666668,0.55493724,-0.9903973200352558,0.1382503109109819,10
2025-10-10,26.042857142857144,10.871084337349398,17.52594,12.87912,1.958333333333333,1012.0866666666668,0.55493724,-0.9878726596350429,0.15526624985999563,10
2025-10-11,26.042857142857144,10.871084337349398,17.52594,13.193115,1.958333333333333,1012.0866666666668,0.55493724,-0.9850556718215013,0.172236243027682,10
2025-10-12,26.042857142857144,10.871084337349398,17.52594,11.81311,1.958333333333333,1012.0866666666668,0.55493724,-0.981947190186646,0.18915526872004093,10
2025-10-13,26.042857142857144,10.871084337349398,17.52594,9.351929,1.958333333333333,1012.0866666666668,0.55493724,-0.9785481345802031,0.20601832032517084,10
2025-10-14,26.042857142857144,10.871084337349398,17.52594,6.15921,1.958333333333333,1012.0866666666668,0.55493724,-0.9748595108374125,0.22282040779479959,10
2025-10-15,26.042857142857144,10.871084337349398,17.52594,8.817078,1.958333333333333,1012.0866666666668,0.55493724,-0.9708824104813836,0.23955655912092708,10
2025-10-16,26.042857142857144,10.871084337349398,17.52594,10.097565,1.958333333333333,1012.0866666666668,0.55493724,-0.9666180104000972,0.2562218218071163,10
2025-10-17,26.042857142857144,10.871084337349398,17.52594,9.989502,1.958333333333333,1012.0866666666668,0.55493724,-0.9620675724981452,0.27281126433401914,10
2025-10-18,26.042857142857144,10.871084337349398,17.52594,5.3532715,1.958333333333333,1012.0866666666668,0.55493724,-0.957232443323312,0.28931997761869527,10
2025-10-19,26.042857142857144,10.871084337349398,17.52594,1.4459534,1.958333333333333,1012.0866666666668,0.55493724,-0.9521140536681102,0.3057430764672831,10
2025-10-20,26.042857142857144,10.871084337349398,17.52594,3.5479126,1.958333333333333,1012.0866666666668,0.55493724,-0.9467139181463862,0.3220757010206104,10
2025-10-21,26.042857142857144,10.871084337349398,17.52594,8.374023,1.958333333333333,1012.0866666666668,0.55493724,-0.9410336347451197,0.3383130181923076,10
2025-10-22,26.042857142857144,10.871084337349398,17.52594,10.380127,1.958333333333333,1012.0866666666668,0.55493724,-0.9350748843515574,0.3544502230989869,10
2025-10-23,26.042857142857144,10.871084337349398,17.52594,10.817902,1.958333333333333,1012.0866666666668,0.55493724,-0.9288394302558068,0.3704825404820963,10
2025-10-24,26.042857142857144,10.871084337349398,17.52594,9.930206,1.958333333333333,1012.0866666666668,0.55493724,-0.9223291176290545,0.3864052261209853,10
2025-10-25,26.042857142857144,10.871084337349398,17.52594,7.772583,1.958333333333333,1012.0866666666668,0.55493724,-0.9155458729775467,0.40221356823680365,10
2025-10-26,26.042857142857144,10.871084337349398,17.52594,6.145569,1.958333333333333,1012.0866666666668,0.55493724,-0.9084917035725082,0.41790288888678667,10
2025-10-27,26.042857142857144,10.871084337349398,17.52594,5.7720337,1.958333333333333,1012.0866666666668,0.55493724,-0.9011686968561569,0.4334685453485363,10
2025-10-28,26.042857142857144,10.871084337349398,17.52594,7.487854,1.958333333333333,1012.0866666666668,0.55493724,-0.8935790198239952,0.4489059314938798,10
2025-10-29,26.042857142857144,10.871084337349398,17.52594,7.47995,1.958333333333333,1012.0866666666668,0.55493724,-0.8857249183835637,0.4642104791518923,10
2025-10-30,26.042857142857144,10.871084337349398,17.52594,9.560059,1.958333333333333,1012.0866666666668,0.55493724,-0.8776087166898392,0.4793776594606945,10
2025-10-31,26.042857142857144,10.871084337349398,17.52594,4.563904,1.958333333333333,1012.0866666666668,0.55493724,-0.8692328164574792,0.49440298420761813,10
2025-11-01,26.042857142857144,10.871084337349398,17.52594,6.4561157,1.958333333333333,1012.0866666666668,0.55493724,-0.8605996962501181,0.5092820071573356,11
2025-11-02,26.042857142857144,10.871084337349398,17.52594,9.900574,1.958333333333333,1012.0866666666668,0.55493724,-0.8517119107469189,0.5240103253675756,11
2025-11-03,26.042857142857144,10.871084337349398,17.52594,8.3723755,1.958333333333333,1012.0866666666668,0.55493724,-0.8425720899866032,0.5385835804920232,11
2025-11-04,26.042857142857144,10.871084337349398,17.52594,9.38324,1.958333333333333,1012.0866666666668,0.55493724,-0.8331829385891785,0.5529974600700271,11
2025-11-05,26.042857142857144,10.871084337349398,17.52594,6.473175,1.958333333333333,1012.0866666666668,0.55493724,-0.8235472349556007,0.5672476988027229,11
2025-11-06,26.042857142857144,10.871084337349398,17.52594,4.9603577,1.958333333333333,1012.0866666666668,0.55493724,-0.8136678304455991,0.5813300798152042,11
2025-11-07,26.042857142857144,10.871084337349398,17.52594,4.310486,1.958333333333333,1012.0866666666668,0.55493724,-0.8035476485339116,0.5952404359043674,11
2025-11-08,26.042857142857144,10.871084337349398,17.52594,0.8890991,1.958333333333333,1012.0866666666668,0.55493724,-0.7931896839451843,0.6089746507720486,11
2025-11-09,26.042857142857144,10.871084337349398,17.52594,3.9155273,1.958333333333333,1012.0866666666668,0.55493724,-0.7825970017677834,0.6225286602431057,11
2025-11-10,26.042857142857144,10.871084337349398,17.52594,7.0248413,1.958333333333333,1012.0866666666668,0.55493724,-0.7717727365467836,0.6358984534680745,11
2025-11-11,26.042857142857144,10.871084337349398,17.52594,6.708008,1.958333333333333,1012.0866666666668,0.55493724,-0.7607200913564104,0.6490800741100398,11
2025-11-12,26.042857142857144,10.871084337349398,17.52594,4.8944397,1.958333333333333,1012.0866666666668,0.55493724,-0.7494423368521954,0.6620696215153815,11
2025-11-13,26.042857142857144,10.871084337349398,17.52594,7.7749023,1.958333333333333,1012.0866666666668,0.55493724,-0.7379428103031386,0.6748632518680403,11
2025-11-14,26.042857142857144,10.871084337349398,17.52594,9.21994,1.958333333333333,1012.0866666666668,0.55493724,-0.7262249146041543,0.6874571793269664,11
2025-11-15,26.042857142857144,10.871084337349398,17.52594,5.1361694,1.958333333333333,1012.0866666666668,0.55493724,-0.7142921172691032,0.699847677146407,11
2025-11-16,26.042857142857144,10.871084337349398,17.52594,5.3965454,1.958333333333333,1012.0866666666668,0.55493724,-0.7021479494046978,0.7120310787787131,11
2025-11-17,26.042857142857144,10.871084337349398,17.52594,3.461853,1.958333333333333,1012.0866666666668,0.55493724,-0.6897960046655887,0.7240037789593305,11
2025-11-18,26.042857142857144,10.871084337349398,17.52594,0.9248657,1.958333333333333,1012.0866666666668,0.55493724,-0.6772399381909491,0.7357622347736527,11
2025-11-19,26.042857142857144,10.871084337349398,17.52594,1.6237793,1.958333333333333,1012.0866666666668,0.55493724,-0.6644834655228552,0.7473029667054296,11
2025-11-20,26.042857142857144,10.871084337349398,17.52594,1.0510864,1.958333333333333,1012.0866666666668,0.55493724,-0.6515303615068021,0.75862255966641,11
2025-11-21,26.042857142857144,10.871084337349398,17.52594,-2.6871948,1.958333333333333,1012.0866666666668,0.55493724,-0.6383844591746642,0.7697176640069211,11
2025-11-22,26.042857142857144,10.871084337349398,17.52594,-4.09729,1.958333333333333,1012.0866666666668,0.55493724,-0.6250496486104377,0.7805849965070866,11
2025-11-23,26.042857142857144,10.871084337349398,17.52594,-4.126007,1.958333333333333,1012.0866666666668,0.55493724,-0.6115298757991053,0.7912213413483807,11
2025-11-24,26.042857142857144,10.871084337349398,17.52594,-2.4979248,1.958333333333333,1012.0866666666668,0.55493724,-0.5978291414589552,0.801623551065242,11
2025-11-25,26.042857142857144,10.871084337349398,17.52594,1.142456,1.958333333333333,1012.0866666666668,0.55493724,-0.5839514998576998,0.8117885474764613,11
2025-11-26,26.042857142857144,10.871084337349398,17.52594,-0.8773804,1.958333333333333,1012.0866666666668,0.55493724,-0.5699010576127624,0.8217133225960589,11
2025-11-27,26.042857142857144,10.871084337349398,17.52594,0.1519165,1.958333333333333,1012.0866666666668,0.55493724,-0.5556819724760489,0.8313949395234058,11
