date,TX_C_city_mean,TN_C_city_mean,RR_mm_city_mean,PP_hPa_city_mean,FG_ms_city_mean,NDVI_city,ERA5_tp_m,ERA5_u10_ms,ERA5_v10_ms,ERA5_t2m_max_C,ERA5_t2m_min_C,ERA5_t2m_max_C_anom,ERA5_t2m_min_C_anom,TX_C_city_mean_anom,TN_C_city_mean_anom,NDVI_city_anom
2020-01-01,4.678571428571429,-2.9654761904761906,0.010309278350515464,1033.1696969696968,2.7837837837837838,,4.705528e-06,2.1672804,0.77202964,3.718567,0.21429443,-11.1588335,-8.286947,-10.95747070422059,-9.027955084319023,
2020-01-02,5.921428571428572,-4.25,0.010309278350515464,1027.1363636363637,2.686486486486486,,1.2827414e-06,1.6138703,1.7099673,3.5474243,-3.1270752,-11.329976,-11.628317,-9.714613561363446,-10.312478893842833,
2020-01-03,7.252380952380953,1.0750000000000002,33.30927835051546,1017.9454545454545,4.87027027027027,,0.0009728057,3.0943105,2.6039374,6.6934204,0.6359863,-8.18398,-7.8652554,-8.383661180411066,-4.987478893842832,
2020-01-04,5.9,1.3214285714285714,33.628865979381445,1019.2636363636365,6.281081081081082,,0.0015393809,5.16336,-0.72945076,5.1173706,2.6992798,-9.76003,-5.801962,-9.736042132792019,-4.741050322414261,
2020-01-05,3.9047619047619055,-1.6380952380952383,0.4948453608247423,1031.8454545454547,3.1918918918918924,,0.00012883158,2.274346,0.3219314,3.3859863,-0.88879395,-11.491414,-9.390036,-11.731280228030114,-7.700574131938071,
2020-01-06,5.9226190476190474,0.9904761904761905,0.8556701030927835,1027.7242424242424,3.135135135135136,,0.00018880336,1.6952358,1.7724031,5.2417603,3.2477417,-9.63564,-5.2535,-9.713423085172971,-5.072002703366642,
2020-01-07,5.069047619047619,-1.5452380952380953,2.577319587628866,1023.8757575757576,3.086486486486486,,4.462142e-05,1.7409245,1.6649595,4.60791,-1.3847656,-10.26949,-9.886007,-10.566994513744401,-7.607716989080927,
2020-01-08,8.21547619047619,3.1261904761904766,30.350515463917525,1022.939393939394,4.633333333333334,,0.002559175,2.5667837,2.9675543,7.9991455,3.048767,-6.878255,-5.4524746,-7.420565942315829,-2.9362884176523556,
2020-01-09,9.870238095238095,6.810714285714286,66.05154639175258,1017.4454545454545,3.638888888888889,,0.0035321556,1.3433856,2.8111598,10.003754,7.1079407,-4.8736467,-1.393301,-5.765804037553924,0.7482353918714537,
2020-01-10,10.942857142857145,4.8047619047619055,16.97938144329897,1013.2454545454548,4.808108108108109,,0.0038921523,3.6084452,1.4799309,10.432556,8.052734,-4.4448442,-0.4485073,-4.693184989934874,-1.2577169890809268,
2020-01-11,6.601190476190477,1.83452380952381,0.31958762886597936,1028.448484848485,4.132432432432433,,0.00034492766,2.8681219,0.8420022,5.6405334,3.6057434,-9.236867,-4.8954983,-9.034851656601543,-4.227955084319023,
2020-01-12,6.404761904761905,0.7726190476190475,1.6391752577319587,1021.8000000000001,5.237837837837837,,1.1635816e-05,2.95872,3.0759704,6.5416565,1.4378662,-8.335744,-7.0633755,-9.231280228030114,-5.289859846223784,
2020-01-13,7.497619047619047,1.7904761904761908,1.9690721649484537,1019.6909090909091,3.8216216216216226,,0.00014284176,1.9986051,2.270482,7.513855,4.6553345,-7.3635454,-3.8459072,-8.138423085172972,-4.272002703366642,
2020-01-14,10.09404761904762,2.020238095238095,1.1958762886597938,1011.781818181818,5.24864864864865,,0.00054529955,1.3991737,4.2723064,9.770508,3.7690735,-5.1068926,-4.732168,-5.541994513744399,-4.0422407986047375,
2020-01-15,13.03452380952381,7.1035714285714295,0.25773195876288657,1013.687878787879,5.375675675675676,,0.0002599672,2.2535489,4.1658945,11.411102,8.820465,-3.466298,0.3192234,-2.601518323268209,1.0410925347285973,
2020-01-16,10.733333333333334,1.7476190476190478,0.0,1026.042424242424,2.9945945945945946,,1.7448221e-05,0.8673839,1.6364359,9.756653,5.1637573,-5.1207476,-3.3374844,-4.902708799458685,-4.314859846223785,
2020-01-17,8.782142857142858,0.44047619047619047,1.9793814432989691,1021.0,3.4756756756756757,,7.761312e-06,-0.69421846,2.772774,6.9033813,2.8300781,-7.974019,-5.6711636,-6.853899275649161,-5.6220027033666415,
2020-01-18,6.910714285714286,1.9857142857142858,0.9484536082474226,1021.0363636363636,3.791891891891892,,0.00010770854,3.0506399,1.300087,7.102722,4.9732056,-7.774678,-3.528036,-8.725327847077732,-4.0767646081285465,
2020-01-19,4.9976190476190485,1.044047619047619,1.2474226804123711,1032.2666666666667,2.4432432432432436,,0.00010145933,2.0886545,-0.4706856,5.5828247,3.0051575,-9.294576,-5.496084,-10.63842308517297,-5.018431274795214,
2020-01-20,4.748809523809524,-1.6428571428571428,0.061855670103092786,1044.8666666666666,2.502702702702703,,3.7406175e-05,2.1503112,0.48875108,3.658905,-0.35394287,-11.218495,-8.855185,-10.887232608982494,-7.7053360366999755,
2020-01-21,5.5773809523809526,-1.3964285714285716,0.3402061855670103,1040.1727272727271,3.913513513513514,,6.1431697e-06,2.972998,1.194706,4.7619934,0.20440674,-10.115407,-8.296835,-10.058661180411066,-7.458907465271404,
2020-01-22,5.170238095238095,0.24642857142857147,0.8350515463917526,1032.3060606060606,4.072972972972973,,3.9399954e-05,3.1633518,-0.29273805,5.7344055,1.6234741,-9.142995,-6.8777676,-10.465804037553923,-5.81605032241426,
2020-01-23,5.413095238095239,-1.717857142857143,0.010309278350515464,1032.9272727272728,2.2702702702702706,,7.634765e-05,1.7109572,0.8160267,4.67276,1.8328857,-10.20464,-6.668356,-10.22294689469678,-7.780336036699975,
2020-01-24,3.6821428571428574,-3.2511904761904766,0.29896907216494845,1023.3909090909092,2.8783783783783785,,1.225861e-05,1.7868518,0.99011546,3.2438965,-2.146637,-11.633504,-10.647879,-11.953899275649162,-9.31366937003331,
2020-01-25,1.4119047619047622,-0.5142857142857143,0.4639175257731959,1021.7333333333335,3.021621621621622,,0.00016065476,1.628225,1.1926125,2.130188,-0.06951904,-12.747212,-8.570761,-14.224137370887256,-6.5767646081285465,
2020-01-26,1.679761904761905,-1.5880952380952378,0.27835051546391754,1019.4666666666667,2.3972972972972983,,5.8214395e-05,0.44334245,1.596476,3.0524597,-1.9880371,-11.824941,-10.489279,-13.956280228030113,-7.65057413193807,
2020-01-27,8.697619047619046,0.2761904761904762,27.371134020618555,1011.2969696969695,3.6000000000000005,,0.00018302181,1.0509641,3.034837,7.020813,0.6977844,-7.8565874,-7.8034573,-6.938423085172973,-5.786288417652356,
2020-01-28,8.3,2.6654761904761908,65.28865979381443,994.6818181818181,5.429729729729728,,0.0031743485,2.9427497,3.615647,8.0720825,3.9647522,-6.805318,-4.5364895,-7.336042132792018,-3.3970027033666415,
2020-01-29,6.020238095238096,2.1654761904761903,19.257731958762886,999.6636363636364,6.6891891891891895,,0.0020699846,5.3295937,1.3476769,5.081909,2.2427979,-9.795491,-6.258444,-9.615804037553923,-3.897002703366642,
2020-01-30,8.013095238095238,2.2273809523809525,28.876288659793815,1006.9151515151515,5.683783783783784,,0.0034800966,4.0034366,2.6364248,6.652649,2.9304504,-8.224751,-5.5707912,-7.622946894696781,-3.8350979414618798,
2020-01-31,11.65952380952381,6.328571428571429,3.8969072164948453,1002.1545454545454,5.870270270270271,,0.0010795362,4.929213,0.86155814,10.018463,6.9540405,-4.8589373,-1.5472012,-3.976518323268209,0.26609253472859695,
2020-02-01,12.715476190476192,7.6071428571428585,58.24742268041237,1002.1515151515154,5.324324324324325,,0.0035934227,3.95424,2.099223,11.338806,9.724976,-3.5385942,1.2237339,-2.920565942315827,1.5446639633000263,
2020-02-02,8.823809523809524,5.201190476190478,59.24742268041237,1004.760606060606,4.954054054054054,,0.0043379464,4.1924477,0.92281705,7.9499817,5.704071,-6.9274187,-2.7971706,-6.8122326089824945,-0.8612884176523545,
2020-02-03,9.542857142857143,5.190476190476191,53.56701030927835,1006.760606060606,3.921621621621622,,0.0036203626,3.4333909,0.6288817,9.221985,5.118866,-5.6554155,-3.3823757,-6.093184989934876,-0.8720027033666415,
2020-02-04,6.623809523809525,2.9714285714285715,22.350515463917525,1005.1696969696969,5.0864864864864865,,0.0017598526,3.9023438,-1.81895,6.047699,3.892212,-8.829701,-4.60903,-9.012232608982494,-3.0910503224142607,
2020-02-05,5.2214285714285715,0.7214285714285713,0.5360824742268041,1026.9363636363637,4.781081081081082,,0.00064442336,2.222482,-2.4869344,4.2368164,1.4010315,-10.640584,-7.10021,-10.414613561363447,-5.341050322414261,
2020-02-06,5.972619047619047,1.6392857142857145,1.4123711340206186,1028.2606060606063,4.6378378378378375,,0.00011010013,3.8932886,-0.09709539,5.423065,2.0513306,-9.454335,-6.449911,-9.663423085172973,-4.423193179557118,
2020-02-07,6.405952380952381,3.6845238095238093,0.21649484536082475,1029.3121212121214,2.22972972972973,,0.00015879185,0.67713803,0.045913775,6.257324,4.7213745,-8.620076,-3.7798672,-9.230089751839639,-2.377955084319023,
2020-02-08,8.71860465116279,0.47558139534883725,0.0,1024.221212121212,3.4666666666666663,,1.1952497e-05,-0.18978776,2.841757,7.842865,1.774353,-7.0345354,-6.7268887,-6.917437481629229,-5.586897498493995,
2020-02-09,13.158139534883723,4.297674418604651,71.04123711340206,1011.8696969696971,6.602564102564102,,0.0007558385,2.0782623,5.329895,11.795319,3.9725952,-3.0820818,-4.5286465,-2.4779025979082956,-1.764804475238181,
2020-02-10,13.484883720930233,3.3337209302325586,54.55670103092783,989.8909090909091,7.866666666666667,,0.0038867935,6.2239175,3.0716858,12.643372,5.3632812,-2.2340288,-3.1379604,-2.151158411861786,-2.7287579636102737,
2020-02-11,6.57093023255814,2.1348837209302327,6.536082474226804,994.4969696969697,8.151282051282049,,0.0021881158,6.83355,1.5777463,6.470337,2.6684875,-8.4070635,-5.832754,-9.06511190023388,-3.9275951729125995,
2020-02-12,6.4581395348837205,2.21046511627907,1.4123711340206186,1005.751515151515,7.7615384615384615,,0.0004573449,6.457409,1.7222195,5.616455,2.7515259,-9.260945,-5.749716,-9.177902597908298,-3.852013777563762,
2020-02-13,5.774418604651163,0.6348837209302327,13.391752577319588,1010.4090909090909,4.61025641025641,,0.00062423636,1.0571138,2.8835547,5.6536255,0.92456055,-9.223775,-7.576681,-9.861623528140857,-5.4275951729126,
2020-02-14,6.289534883720932,0.8325581395348838,6.43298969072165,1013.8878787878789,2.0846153846153848,,0.00026495848,1.30871,-0.2483654,6.4613647,1.1021729,-8.416036,-7.399069,-9.346507249071088,-5.2299207543079484,
2020-02-15,10.222093023255814,0.9151162790697674,0.020618556701030927,1021.7030303030302,3.9256410256410255,,1.5050257e-05,0.6513765,3.4605892,9.290497,3.0742188,-5.5869036,-5.427023,-5.413949109536205,-5.147362614773065,
2020-02-16,16.209302325581394,7.1139534883720925,14.0,1008.3878787878789,6.923076923076923,,0.0012206152,3.2306087,5.5077987,15.860718,6.9157104,0.9833174,-1.5855312,0.573260192789375,1.0514745945292603,
2020-02-17,12.681395348837212,6.258139534883721,3.7010309278350517,1010.2272727272727,6.3,,0.0009445711,4.4642625,2.9098241,15.571228,8.299011,0.6938276,-0.20223045,-2.954646783954807,0.19566064104088898,
2020-02-18,8.70232558139535,4.098837209302325,11.536082474226804,1016.4909090909092,6.148717948717949,,0.0015933892,4.780893,2.067941,8.297852,6.1062317,-6.579549,-2.39501,-6.933716551396669,-1.963641684540507,
2020-02-19,7.104651162790698,3.088372093023256,36.28865979381443,1013.460606060606,5.466666666666667,,0.0028848231,4.0603385,1.555997,7.1648865,4.518738,-7.712514,-3.982504,-8.531390970001322,-2.9741068008195763,
2020-02-20,7.695348837209302,0.458139534883721,43.44329896907217,1017.2575757575758,4.438461538461539,,0.00048107086,1.7654594,3.116437,7.1966553,0.598999,-7.680745,-7.9022427,-7.940693295582717,-5.604339358959111,
2020-02-21,7.834883720930232,3.5755813953488373,0.6082474226804123,1017.2303030303032,6.251282051282051,,0.0031097897,5.041248,0.7660642,7.626465,3.829895,-7.2509356,-4.6713467,-7.8011584118617865,-2.486897498493995,
2020-02-22,11.913953488372094,5.138372093023255,18.97938144329897,1015.9666666666667,7.374358974358974,,0.00068494555,4.9544444,3.1420994,10.624268,4.9384766,-4.253133,-3.5627651,-3.722088644419925,-0.924106800819577,
2020-02-23,9.80813953488372,3.8232558139534887,126.79381443298969,1008.709090909091,6.025641025641025,,0.0071581206,4.4838386,-0.05522373,8.615173,6.057678,-6.262227,-2.4435635,-5.827902597908299,-2.2392230798893435,
2020-02-24,8.066279069767443,2.993023255813954,59.03092783505155,1014.1242424242424,5.376923076923077,,0.0017713485,3.5432703,1.319314,8.2229,3.8491821,-6.6545,-4.6520596,-7.569763063024576,-3.069455638028878,
2020-02-25,10.542352941176471,3.150588235294118,17.395833333333332,996.8636363636364,5.523076923076922,,0.0009976707,4.395965,1.8502828,9.454773,6.5622864,-5.4226274,-1.9389553,-5.093689191615548,-2.9118906585487143,
2020-02-26,5.477647058823529,1.0270588235294118,35.4375,993.790909090909,3.861538461538462,,0.00136454,2.7306948,0.6981886,4.6260986,2.0880127,-10.251302,-6.413229,-10.158395073968489,-5.03542007031342,
2020-02-27,5.957647058823531,0.6458823529411766,7.416666666666667,1000.9060606060605,3.1999999999999997,,0.0011215862,2.2520342,0.5230713,5.468384,1.5448608,-9.409017,-6.956381,-9.678395073968488,-5.416596540901656,
2020-02-28,7.784705882352941,0.056470588235294106,33.541666666666664,1010.0636363636365,4.31025641025641,,0.0012784923,3.1177444,0.40013573,7.0389404,-0.046020508,-7.83846,-8.547262,-7.851336250439078,-6.006008305607538,
2020-02-29,11.318823529411764,0.9623529411764707,15.614583333333334,999.609090909091,5.333333333333333,,0.0053945947,1.1089896,4.025744,11.854675,1.7175293,-3.022725,-6.7837124,-4.317218603380255,-5.100125952666361,
2020-03-01,10.522352941176472,3.4200000000000004,29.4375,996.2424242424242,4.6692307692307695,0.4951833,0.0008802807,2.1158853,3.4680243,10.741394,4.6311646,-4.1360064,-3.8700771,-5.113689191615547,-2.642478893842832,0.012744248
2020-03-02,9.130232558139536,2.797674418604651,3.7708333333333335,994.0818181818183,3.020512820512821,0.4951833,0.001847906,0.048024073,1.1952133,8.699219,4.017029,-6.1781816,-4.484213,-6.505809574652483,-3.264804475238181,0.012744248
2020-03-03,6.610588235294118,1.2164705882352942,17.126315789473683,997.9181818181819,2.930769230769231,0.4951833,0.0013740527,1.2274395,-1.0199646,6.8529663,3.0128784,-8.024434,-5.4883633,-9.0254538974979,-4.846008305607538,0.012744248
2020-03-04,8.354651162790697,-0.15697674418604654,1.3333333333333333,1009.0333333333333,3.128205128205128,0.4951833,0.00075930794,2.4095223,1.2751642,8.02771,1.8012695,-6.8496904,-6.699972,-7.281390970001322,-6.219455638028879,0.012744248
2020-03-05,10.327906976744186,-0.458139534883721,18.40625,1004.4090909090909,3.1538461538461533,0.4951833,9.671604e-05,-1.337258,1.931324,9.670471,-0.9220886,-5.206929,-9.42333,-5.3081351560478325,-6.520618428726554,0.012744248
2020-03-06,7.4837209302325585,2.88953488372093,50.708333333333336,993.5454545454545,3.6717948717948716,0.4951833,0.0027094835,-1.5723735,1.1071849,8.770874,3.4552307,-6.1065264,-5.046011,-8.15232120255946,-3.172944010121902,0.012744248
2020-03-07,6.880232558139536,0.9790697674418607,3.2604166666666665,1009.5060606060607,4.541025641025643,0.4951833,0.0017093787,3.485307,-1.4773222,6.9396973,3.5671997,-7.937703,-4.934042,-8.755809574652483,-5.083409126400971,0.012744248
2020-03-08,10.260465116279072,-0.47441860465116287,5.979166666666667,1016.4363636363637,3.502564102564104,0.4951833,8.704449e-05,0.7796201,3.012636,9.91452,0.90527344,-4.96288,-7.5959682,-5.375577016512947,-6.536897498493995,0.012744248
2020-03-09,10.343678160919541,3.272413793103449,13.051546391752577,1010.9060606060607,2.8307692307692314,0.4951833,0.002529646,1.571242,1.5128106,10.1918335,5.955414,-4.685567,-2.5458279,-5.2923639718724775,-2.7900651007393833,0.012744248
2020-03-10,10.767816091954023,2.19080459770115,91.98969072164948,1007.0212121212122,5.253846153846153,0.4951833,0.002215022,2.43603,3.8644598,10.488342,2.9506836,-4.389058,-5.550558,-4.868226040837996,-3.8716742961416823,0.012744248
2020-03-11,12.813793103448278,6.950574712643679,19.0,1006.469696969697,5.353846153846153,0.4951833,0.0022749736,4.470778,0.625104,11.870117,7.9782104,-3.0072832,-0.52303123,-2.822249029343741,0.8880958188008465,0.012744248
2020-03-12,13.37241379310345,3.624137931034482,18.103092783505154,1005.4878787878788,6.966666666666667,0.4951833,0.0037540225,5.3806996,2.215261,12.482788,7.7023315,-2.3946123,-0.79891014,-2.2636283396885695,-2.43834096280835,0.012744248
2020-03-13,9.440229885057471,2.0126436781609196,9.628865979381443,1010.030303030303,6.6282051282051295,0.4951833,0.0013385527,5.4858947,1.0986406,9.344269,4.75531,-5.5331316,-3.7459316,-6.195812247734548,-4.049835215681913,0.012744248
2020-03-14,8.02528735632184,-2.52183908045977,0.0,1023.6636363636364,2.312820512820513,0.4951833,0.00010144835,-0.32318562,0.10055238,6.512207,-1.4257507,-8.365193,-9.926992,-7.610754776470179,-8.584317974302602,0.012744248
2020-03-15,12.020689655172417,-1.2862068965517242,0.0,1021.3242424242424,4.753846153846153,0.4951833,7.1028865e-08,-0.8986941,4.109957,11.04895,0.32583618,-3.8284502,-8.1754055,-3.615352477619602,-7.348685790394557,0.012744248
2020-03-16,16.301149425287353,1.7425287356321841,0.0,1018.6636363636364,3.0153846153846158,0.4951833,0.0,1.0057515,1.2793365,15.2265625,2.663025,0.3491621,-5.838217,0.6651072924953336,-4.3199501582106485,0.012744248
2020-03-17,15.057471264367816,1.4114942528735632,2.670103092783505,1026.6636363636364,2.3358974358974365,0.4951833,0.0004951753,1.074802,0.4945837,14.371826,3.4750366,-0.5055742,-5.026205,-0.5785708684242028,-4.650984640969269,0.012744248
2020-03-18,17.1,4.205747126436782,0.030927835051546393,1025.9212121212122,3.597435897435897,0.4951833,3.391143e-05,2.3817708,1.8204452,15.484985,4.7765503,0.60758495,-3.7246914,1.4639578672079825,-1.8567317674060506,0.012744248
2020-03-19,14.579310344827586,5.375862068965517,0.6597938144329897,1024.878787878788,2.3615384615384616,0.4951833,7.4178074e-06,0.82272357,-0.5443727,12.778687,8.372864,-2.0987139,-0.12837791,-1.0567317879644325,-0.6866168248773148,0.012744248
2020-03-20,9.343678160919541,3.9873563218390804,3.8247422680412373,1025.9818181818182,2.487179487179488,0.4951833,0.00017150065,-1.0801357,-2.0512912,9.909576,6.1898804,-4.967824,-2.3113613,-6.2923639718724775,-2.075122572003752,0.012744248
2020-03-21,7.097701149425289,-1.2252873563218392,0.0,1030.6060606060605,4.43076923076923,0.4951833,1.2798292e-05,-3.0373504,-2.9285986,6.5752563,2.0638428,-8.302144,-6.437399,-8.53834098336673,-7.287766250164672,0.012744248
2020-03-22,6.096551724137932,-3.682758620689655,0.0,1036.530303030303,3.47948717948718,0.4951833,1.28446e-07,-2.9315681,-1.5467649,4.7061157,-1.5175476,-10.171285,-10.018789,-9.539490408654087,-9.745237514532487,0.012744248
2020-03-23,6.1528735632183915,-5.6816091954023,0.0,1039.9151515151516,2.474358974358974,0.4951833,9.1062624e-08,-2.3478699,0.09132197,4.705353,-3.4759521,-10.172048,-11.977194,-9.483168569573628,-11.744088089245132,0.012744248
2020-03-24,8.044827586206898,-5.565517241379311,0.0,1037.748484848485,2.7641025641025636,0.4951833,1.8129741e-08,-2.3857107,1.0296334,5.8103943,-3.2659607,-9.067006,-11.767202,-7.591214546585121,-11.627996135222144,0.012744248
2020-03-25,9.796551724137931,-3.875862068965518,0.0,1033.278787878788,3.5789473684210527,0.4951833,0.0,-3.2303784,0.5928049,6.7496033,-2.0683594,-8.127797,-10.569601,-5.839490408654088,-9.93834096280835,0.012744248
2020-03-26,11.163218390804598,-2.4241379310344833,0.0,1028.6242424242423,3.4743589743589745,0.4951833,0.0,-3.1890447,-0.32378432,8.798248,-0.9968872,-6.079152,-9.498129,-4.472823741987421,-8.486616824877316,0.012744248
2020-03-27,16.22528735632184,1.1896551724137934,0.0,1023.7848484848486,2.98974358974359,0.4951833,0.0,-2.155119,-1.4420191,13.454376,1.8580017,-1.4230242,-6.64324,0.5892452235298204,-4.872823721429039,0.012744248
2020-03-28,14.54137931034483,0.09540229885057472,0.030927835051546393,1019.7999999999998,3.223076923076923,0.4951833,5.8803715e-07,0.5975651,-2.6897087,13.297974,1.7089844,-1.5794268,-6.7922573,-1.094662822447189,-5.967076594992258,0.012744248
2020-03-29,5.460919540229885,-2.8045977011494254,11.443298969072165,1022.3636363636366,4.817948717948718,0.4951833,0.0009227058,-0.2594503,-3.8000984,5.1438293,2.1634521,-9.733571,-6.3377895,-10.175122592562133,-8.867076594992257,0.012744248
2020-03-30,4.366666666666668,-5.242528735632185,10.515463917525773,1027.318181818182,3.202564102564103,0.4951833,0.000878904,2.3633788,-0.74147624,3.5785522,-2.5950928,-11.298848,-11.096334,-11.26937546612535,-11.305007629475018,0.012744248
2020-03-31,5.498850574712644,-3.7735632183908048,0.041237113402061855,1029.5121212121212,2.4307692307692306,0.4951833,0.00014996623,0.13455306,-1.4471607,4.3198547,-1.9953613,-10.557546,-10.496603,-10.137191558079376,-9.836042112233637,0.012744248
2020-04-01,9.60919540229885,-3.716091954022989,0.010309278350515464,1021.0757575757576,3.88421052631579,0.4951833,7.103625e-06,2.971646,0.97884494,8.025818,-2.3086548,-6.8515825,-10.809896,-6.026846730493169,-9.778570847865822,0.012744248
2020-04-02,10.789655172413793,2.0287356321839085,1.0309278350515463,1011.248484848485,4.4692307692307685,0.4951833,2.446218e-06,3.5618904,1.3251725,9.145264,1.0340881,-5.7321367,-7.4671535,-4.846386960378226,-4.033743261658923,0.012744248
2020-04-03,10.995402298850575,2.495402298850575,0.32989690721649484,1011.3090909090909,4.9512820512820515,0.4951833,0.00020411545,4.029533,-0.44331762,9.60733,4.2524414,-5.27007,-4.2488003,-4.640639833941444,-3.5670765949922574,0.012744248
2020-04-04,12.555172413793104,0.3241379310344828,0.0,1024.578787878788,1.9102564102564104,0.4951833,4.5065928e-05,0.68836576,0.004958537,10.795441,2.850647,-4.0819597,-5.6505947,-3.0808697189989154,-5.7383409628083495,0.012744248
2020-04-05,16.47241379310345,-0.4505747126436782,0.0,1029.6090909090908,3.605128205128205,0.4951833,2.0780192e-06,-2.804492,1.8406409,14.706421,1.2323608,-0.1709795,-7.268881,0.8363716603114302,-6.51305360648651,0.012744248
2020-04-06,21.666666666666668,3.2781609195402304,0.0,1024.2303030303033,3.8000000000000003,0.4951833,3.551443e-08,-1.4512568,2.8758469,18.629822,6.1568604,3.7524214,-2.3443813,6.030624533874649,-2.784317974302602,0.012744248
2020-04-07,19.594252873563217,4.887356321839081,0.0,1029.1757575757576,3.028205128205128,0.4951833,2.1308658e-07,0.4918213,-1.1520009,17.580688,7.4921875,2.703288,-1.0090542,3.9582107407711984,-1.175122572003751,0.012744248
2020-04-08,22.368965517241378,3.4885057471264367,0.0,1028.0424242424242,2.1897435897435904,0.4951833,3.9065876e-07,-1.2717991,0.7833392,19.87146,6.5069885,4.9940596,-1.9942532,6.732923384449359,-2.5739731467163955,0.012744248
2020-04-09,18.34712643678161,3.3000000000000003,0.0,1022.9545454545455,3.276923076923077,0.4951833,1.5077802e-06,1.4907994,-2.141207,16.353638,7.460449,1.4762373,-1.0407925,2.711084303989592,-2.762478893842832,0.012744248
2020-04-10,15.836781609195404,0.8793103448275862,0.0,1026.227272727273,2.1461538461538465,0.4951833,3.8994725e-07,1.0165051,-1.2701253,14.085144,5.2684937,-0.79225636,-3.232748,0.20073947640338474,-5.183168549015246,0.012744248
2020-04-11,15.897701149425286,-0.18505747126436778,0.0,1026.448484848485,1.5692307692307692,0.4951833,5.4193475e-08,-0.69154316,-0.24334039,13.6813965,3.9777832,-1.1960039,-4.5234585,0.26165901663326707,-6.2475363651072,0.012744248
2020-04-12,23.413793103448278,1.4827586206896555,14.34020618556701,1016.4242424242426,2.623076923076923,0.4951833,7.5493625e-07,1.1808162,1.5429406,20.86792,4.3482056,5.9905195,-4.153036,7.777750970656259,-4.5797202731531765,0.012744248
2020-04-13,12.582758620689658,2.0586206896551724,3.8247422680412373,1013.5363636363636,4.910256410256411,0.4951833,0.000941379,2.6737993,-3.0411584,9.648254,6.77594,-5.229146,-1.7253017,-3.053283512102361,-4.00385820418766,0.012744248
2020-04-14,10.767816091954023,-0.31149425287356325,0.0,1020.8757575757576,4.358974358974359,0.4951833,0.00019177939,3.1357346,-1.7366418,9.244568,2.7464905,-5.6328325,-5.754751,-4.868226040837996,-6.373973146716396,0.012744248
2020-04-15,15.65287356321839,3.317241379310345,0.0,1021.5727272727273,4.7153846153846155,0.4951833,9.199706e-06,3.944104,-0.03891068,14.093048,4.954773,-0.7843523,-3.5464687,0.016831430426371696,-2.745237514532487,0.012744248
2020-04-16,18.64137931034483,2.4735632183908045,0.0,1016.7878787878788,3.1794871794871797,0.4951833,6.0796725e-07,2.1617117,-0.802746,16.714874,6.9368896,1.8374739,-1.564352,3.0053371775528124,-3.5889156754520277,0.012744248
2020-04-17,17.094252873563217,2.639080459770115,0.0,1017.7333333333332,2.0333333333333337,0.4951833,6.08536e-07,-1.0227866,-1.324172,15.24881,7.241455,0.37140942,-1.2597866,1.4582107407711984,-3.423398434072717,0.012744248
2020-04-18,17.603448275862068,1.5160919540229885,0.05154639175257732,1018.5151515151515,2.758974358974359,0.4951833,1.0857334e-06,-2.282653,-1.5686178,15.56543,6.053528,0.6880293,-2.4477139,1.9674061430700487,-4.546386939819843,0.012744248
2020-04-19,13.96896551724138,3.1586206896551725,0.0,1022.0272727272728,4.13846153846154,0.4951833,7.062575e-08,-3.2390091,-2.2302663,12.416504,5.425934,-2.4608965,-3.0753078,-1.6670766155506396,-2.9038582041876597,0.012744248
2020-04-20,15.63218390804598,1.1896551724137931,0.0,1026.2939393939396,3.9615384615384617,0.4951833,5.3767366e-07,-3.620959,-1.2513479,14.279083,5.493225,-0.59831715,-3.0080166,-0.0038582247460396957,-4.8728237214290395,0.012744248
2020-04-21,17.355172413793106,3.7758620689655173,0.0,1026.2272727272727,4.641025641025641,0.4951833,7.149935e-08,-4.1152186,-0.8771389,15.9953,6.64093,1.1178999,-1.8603115,1.7191302810010871,-2.286616824877315,0.012744248
2020-04-22,18.65977011494253,3.3942528735632194,0.0,1026.1030303030304,3.443589743589744,0.4951833,3.551443e-08,-2.9378872,-0.89696574,17.836182,7.8547974,2.9587812,-0.6464443,3.0237279821505094,-2.668226020279613,0.012744248
2020-04-23,21.25977011494253,2.980459770114943,0.0,1022.8484848484851,1.9000000000000001,0.4951833,0.0,-1.7583984,0.16461311,19.501312,8.899048,4.623912,0.39780617,5.623727982150511,-3.082019123727889,0.012744248
2020-04-24,21.877011494252876,4.564367816091954,0.1134020618556701,1009.530303030303,3.474358974358975,0.4951833,1.4305114e-07,2.3514016,-0.55452156,20.670807,8.429169,5.7934065,-0.07207298,6.2409693614608575,-1.4981110777508784,0.012744248
2020-04-25,15.299999999999999,5.919540229885057,0.020618556701030927,1009.4848484848485,3.7,0.4951833,0.00014655518,1.8801789,-2.3830752,13.945496,8.362091,-0.9319048,-0.13915062,-0.33604213279202,-0.142938663957775,0.012744248
2020-04-26,18.0183908045977,2.8609195402298853,0.0,1011.0909090909093,1.9615384615384615,0.4951833,0.00013763962,0.7390457,0.37040922,15.854645,8.176453,0.9772444,-0.32478905,2.3823486718056817,-3.201559353612947,0.012744248
2020-04-27,22.30689655172414,1.774712643678161,0.0,1008.5636363636363,1.9948717948717956,0.4951833,1.115414e-05,1.0841312,1.5782174,21.376343,8.164398,6.4989424,-0.3368435,6.670854418932121,-4.287766250164671,0.012744248
2020-04-28,22.62183908045977,6.675862068965518,20.371134020618555,1004.2939393939394,2.5743589743589745,0.4951833,2.5399262e-05,0.5581131,-0.26868272,22.103485,10.361145,7.2260847,1.8599033,6.985796947667753,0.6133831751226859,0.012744248
2020-04-29,17.024137931034485,8.027586206896553,50.371134020618555,1004.6545454545457,2.3999999999999995,0.4951833,0.002026285,0.4562446,-0.3217267,17.324432,9.902893,2.447032,1.4016514,1.3880957982424658,1.9651073130537204,0.012744248
2020-04-30,18.34367816091954,7.686206896551725,21.90721649484536,1004.3666666666668,3.2923076923076917,0.4951833,0.0004623416,0.90825415,2.6118019,17.651184,9.850037,2.7737837,1.3487949,2.7076360281275225,1.6237280027088925,0.012744248
2020-05-01,17.521839080459767,7.866666666666668,5.649484536082475,1001.5060606060605,3.82051282051282,0.4951833,0.0003287612,2.2165675,2.477237,16.98941,11.986694,2.11201,3.4854527,1.8857969476677479,1.8041877728238358,0.012744248
2020-05-02,14.974712643678163,5.844827586206897,33.43298969072165,1004.6272727272728,3.4153846153846157,0.4951833,0.0020271016,2.7154217,0.7606352,15.412933,9.979187,0.53553295,1.4779453,-0.6613294891138555,-0.21765130763593543,0.012744248
2020-05-03,14.936781609195402,5.488505747126437,1.7525773195876289,1014.9939393939395,3.243589743589744,0.4951833,0.00028982616,2.8543046,-0.64613837,14.766235,8.090515,-0.11116505,-0.41072655,-0.6992605235966174,-0.5739731467163951,0.012744248
2020-05-04,13.333333333333334,3.355172413793104,24.690721649484537,1017.0151515151515,2.138461538461539,0.4951833,0.0026989907,1.2452784,-0.9319183,12.129181,9.414093,-2.7482195,0.91285133,-2.302708799458685,-2.7073064800497284,0.012744248
2020-05-05,12.275862068965518,2.004597701149425,10.072164948453608,1018.5939393939395,3.4666666666666672,0.4951833,0.00079238456,2.1377604,-2.5275152,12.152374,5.6629333,-2.7250261,-2.8383083,-3.360180063826501,-4.057881192693407,0.012744248
2020-05-06,16.873563218390803,3.6505747126436785,0.0,1021.678787878788,4.083333333333333,0.4951833,6.116854e-05,2.6406345,-2.3644857,15.674835,5.355774,0.7974348,-3.1454678,1.2375210855987842,-2.4119041811991537,0.012744248
2020-05-07,16.760919540229885,5.1000000000000005,0.0,1021.9545454545455,3.2500000000000004,0.4951833,1.8990444e-05,2.4758203,-0.9272054,15.6073,7.9465637,0.7298994,-0.55467796,1.1248774074378662,-0.9624788938428317,0.012744248
2020-05-08,21.459770114942533,4.13448275862069,0.0,1018.1909090909091,2.23421052631579,0.4951833,1.174791e-06,1.2952828,-0.7947116,20.05835,7.1000366,5.180949,-1.4012051,5.823727982150514,-1.9279961352221422,0.012744248
2020-05-09,23.111494252873566,5.196551724137931,0.0,1015.3151515151516,1.8184210526315787,0.4951833,3.4521022e-08,-1.6144117,-0.36463824,21.437897,9.775909,6.5604963,1.2746677,7.475452120081547,-0.8659271697049009,0.012744248
2020-05-10,24.74827586206897,8.439080459770116,16.628865979381445,1006.7666666666665,2.4157894736842107,0.4951833,4.5752433e-05,-0.65776247,0.26040566,24.521332,13.173157,9.643931,4.671915,9.11223372927695,2.3766015659272837,0.012744248
2020-05-11,13.843678160919541,0.8724137931034484,84.9381443298969,1006.7727272727273,4.457894736842105,0.4951833,0.0024120037,0.47381103,-4.031348,15.677277,6.448639,0.7998762,-2.0526028,-1.7923639718724775,-5.190065100739384,0.012744248
2020-05-12,11.773563218390807,-0.4919540229885058,1.402061855670103,1015.2454545454548,3.723684210526316,0.4951833,0.00057716813,3.3522766,0.14115168,11.749451,3.4429321,-3.1279497,-5.0583096,-3.862478914401212,-6.554432916831338,0.012744248
2020-05-13,14.46551724137931,3.5804597701149423,5.288659793814433,1012.8575757575759,2.4333333333333336,0.4951833,0.00015617204,1.0578725,0.044390153,14.013367,4.823181,-0.8640337,-3.6780605,-1.1705248914127093,-2.48201912372789,0.012744248
2020-05-14,14.309195402298851,2.279310344827586,0.08247422680412371,1016.4757575757575,2.802564102564103,0.4951833,9.89027e-05,0.3777288,-2.5447652,13.75708,6.060913,-1.1203203,-2.4403286,-1.326846730493168,-3.783168549015246,0.012744248
2020-05-15,15.758620689655173,0.1517241379310345,0.20618556701030927,1018.7272727272727,3.0666666666666673,0.4951833,6.2631866e-06,1.9478073,-1.2355201,15.105774,4.548279,0.22837353,-3.9529629,0.12257855686315366,-5.910754755911798,0.012744248
2020-05-16,16.55632183908046,5.6850574712643684,0.9175257731958762,1020.4969696969697,3.8461538461538454,0.4951833,3.4699995e-06,3.4584858,0.47963527,14.684723,8.390106,-0.1926775,-0.11113548,0.9202797062884418,-0.3774214225784638,0.012744248
2020-05-17,18.636781609195403,7.279310344827586,0.0,1020.3181818181819,3.782051282051282,0.4951833,0.0002067022,3.469616,-0.3468676,17.473297,10.063904,2.5958967,1.5626621,3.0007394764033837,1.2168314509847535,0.012744248
2020-05-18,21.525287356321844,8.898850574712645,0.13402061855670103,1020.5272727272728,3.5846153846153848,0.4951833,1.13255655e-05,2.9994533,0.13192882,20.597656,11.603638,5.720256,3.102396,5.889245223529825,2.8363716808698127,0.012744248
2020-05-19,20.00574712643678,8.486206896551723,1.0206185567010309,1019.3242424242426,3.3461538461538463,0.4951833,6.603389e-05,2.397728,-1.5125567,17.922485,12.275391,3.045085,3.774149,4.369704993644762,2.4237280027088905,0.012744248
2020-05-20,20.455172413793104,6.808045977011494,0.0,1021.7333333333335,2.361538461538461,0.4951833,6.065289e-06,0.30258325,-2.2434857,19.373627,10.270142,4.4962263,1.7688999,4.819130281001085,0.7455670831686616,0.012744248
2020-05-21,21.27126436781609,4.802298850574712,0.0,1023.9121212121214,2.0179487179487188,0.4951833,7.177392e-08,-1.7513518,-0.05828206,20.485992,8.955322,5.608592,0.45408058,5.635222235024072,-1.2601800432681198,0.012744248
2020-05-22,22.403448275862072,7.620689655172414,38.44329896907217,1021.5848484848484,3.2076923076923074,0.4951833,0.00018847403,-1.9056058,2.6556623,22.907196,12.932068,8.029796,4.430826,6.767406143070053,1.5582107613295815,0.012744248
2020-05-23,19.35977011494253,8.77816091954023,12.711340206185566,1019.1909090909089,3.48974358974359,0.4951833,0.0020737066,2.8077538,0.40774953,19.292297,14.033691,4.414897,5.5324497,3.7237279821505123,2.715682025697398,0.012744248
2020-05-24,17.157471264367818,8.005747126436782,68.70103092783505,1023.4575757575757,4.087179487179487,0.4951833,0.0022170953,3.8764794,0.33926496,16.84198,11.066162,1.9645796,2.5649204,1.5214291315757986,1.94326823259395,0.012744248
2020-05-25,14.512643678160922,8.8,8.123711340206185,1027.1151515151516,3.9153846153846157,0.4951833,0.0012658372,2.7989404,-2.298353,14.77948,10.466217,-0.09792042,1.9649754,-1.123398454631097,2.7375211061571685,0.012744248
2020-05-26,20.310344827586206,6.544827586206898,0.0,1033.7909090909093,2.335897435897436,0.4951833,0.0002679091,-0.6615484,-2.113338,18.828766,8.842834,3.9513655,0.3415928,4.6743026947941875,0.48234869236406563,0.012744248
2020-05-27,22.55057471264368,5.682758620689656,10.65979381443299,1032.078787878788,2.1897435897435895,0.4951833,8.0438585e-05,0.9002444,-1.4021713,20.554565,10.282928,5.677165,1.7816868,6.914532579851661,-0.37972027315317636,0.012744248
2020-05-28,19.877011494252873,8.579310344827586,1.0,1029.5818181818183,3.8,0.4951833,0.00034894256,-0.08617232,-3.6084244,18.690857,12.066071,3.8134565,3.5648289,4.240969361460854,2.5168314509847542,0.012744248
2020-05-29,20.547126436781614,6.074712643678161,0.0,1028.809090909091,2.6769230769230776,0.4951833,0.00015377211,-1.4182587,-2.5864074,19.22107,9.852478,4.343669,1.3512363,4.911084303989595,0.0122337498353291,0.012744248
2020-05-30,18.518390804597704,7.482758620689655,0.0,1024.7303030303033,3.907692307692307,0.4951833,6.257124e-05,-1.7801256,-3.732303,17.036072,10.953003,2.1586714,2.4517612,2.882348671805685,1.4202797268468226,0.012744248
2020-05-31,22.471264367816094,8.420689655172414,0.0,1021.9212121212122,4.348717948717948,0.4951833,0.00014687079,-1.2105557,-3.9577863,21.252258,10.419098,6.374858,1.9178562,6.835222235024075,2.3582107613295813,0.012744248
2020-06-01,24.20919540229885,7.291954022988507,0.0,1023.3848484848484,3.4435897435897433,0.52913123,7.02834e-06,-2.1284323,-2.687748,23.178131,11.300354,8.300731,2.7991123,8.57315326950683,1.2294751291456745,0.046692193
2020-06-02,26.810344827586214,8.345977011494254,5.268041237113402,1017.7000000000002,2.758974358974359,0.52913123,9.208281e-05,0.12649874,-2.6259384,25.751465,12.827362,10.874064,4.3261204,11.174302694794195,2.2834981176514217,0.046692193
2020-06-03,25.468965517241383,9.611494252873564,18.604166666666668,1006.9151515151516,2.182051282051282,0.52913123,1.1464103e-05,-1.9305862,-0.8015993,24.08899,15.072632,9.211589,6.57139,9.832923384449364,3.549015359030732,0.046692193
2020-06-04,24.041379310344826,10.936781609195402,57.354166666666664,996.3757575757576,3.092307692307692,0.52913123,0.0019964483,-1.7200342,2.2963235,25.103088,15.761871,10.225688,7.2606297,8.405337177552807,4.874302715352569,0.046692193
2020-06-05,18.233333333333334,10.404597701149426,16.15463917525773,994.248484848485,4.053846153846154,0.52913123,0.0007250539,2.8268387,1.7948991,18.605804,13.069,3.728404,4.5677586,2.5972912005413153,4.342118807306593,0.046692193
2020-06-06,19.073563218390806,7.897701149425289,3.3402061855670104,1000.8000000000001,4.3307692307692305,0.52913123,0.0005251341,3.1319208,3.143462,18.58841,11.610901,3.711009,3.1096592,3.437521085598787,1.8352222555824564,0.046692193
2020-06-07,19.2632183908046,7.977011494252873,7.876288659793815,1007.0666666666666,2.4794871794871796,0.52913123,0.0003676814,0.68748647,1.6638646,19.33731,10.445618,4.4599104,1.944376,3.6271762580125806,1.9145326004100411,0.046692193
2020-06-08,21.49425287356322,8.066666666666668,0.0,1012.9060606060607,1.8974358974358974,0.52913123,8.5513784e-05,0.77496123,-1.218475,19.668274,12.139404,4.7908735,3.6381626,5.8582107407712005,2.004187772823836,0.046692193
2020-06-09,22.10344827586207,9.978160919540231,0.08247422680412371,1016.0727272727273,2.387179487179487,0.52913123,0.00017021199,-1.6443844,-2.140974,21.343689,12.881531,6.4662886,4.380289,6.467406143070052,3.915682025697399,0.046692193
2020-06-10,21.917241379310347,11.375862068965517,17.432989690721648,1014.4575757575757,3.2589743589743594,0.52913123,6.1396604e-05,-1.3861309,-2.8459656,21.220947,13.92926,6.343547,5.4280186,6.281199246518328,5.313383175122685,0.046692193
2020-06-11,21.048275862068966,13.778160919540229,8.731958762886597,1011.0818181818183,2.4256410256410255,0.52913123,0.0021079893,-1.5754752,-2.012273,20.518616,15.09903,5.6412153,6.597788,5.412233729276947,7.715682025697396,0.046692193
2020-06-12,27.528735632183906,13.72873563218391,2.3402061855670104,1011.1727272727275,2.6076923076923078,0.52913123,0.00037215836,-2.069479,-1.5808243,26.582214,15.570465,11.704814,7.0692234,11.892693499391887,7.666256738341077,0.046692193
2020-06-13,31.37011494252874,16.45402298850575,213.2164948453608,1010.9090909090909,3.0657894736842106,0.52913123,0.0011711325,-2.8203733,-0.6762595,29.003113,19.758362,14.125712,11.25712,15.734072809736722,10.391544094662915,0.046692193
2020-06-14,25.25057471264368,14.940229885057473,11.54639175257732,1011.9969696969697,3.3210526315789473,0.52913123,0.00028436794,-3.517259,-1.102435,24.88498,20.467346,10.007579,11.9661045,9.61453257985166,8.87775099121464,0.046692193
2020-06-15,25.366666666666667,12.513793103448277,0.0,1014.1515151515154,2.5307692307692307,0.52913123,8.543439e-06,-1.9974142,-1.7058268,24.468933,16.79181,9.591533,8.290567,9.730624533874648,6.451314209605445,0.046692193
2020-06-16,26.430232558139537,11.611627906976747,0.010309278350515464,1014.1606060606061,1.6487179487179486,0.52913123,7.134023e-08,-0.03710005,-1.136749,26.209595,14.768555,11.332194,6.267313,10.794190425347518,5.549149013133914,0.046692193
2020-06-17,28.44883720930233,13.251162790697673,0.0,1011.4363636363637,2.005128205128205,0.52913123,2.0113082e-06,-1.7417831,-1.4027725,27.6734,16.469635,12.7960005,7.9683933,12.81279507651031,7.188683896854841,0.046692193
2020-06-18,25.256976744186044,15.951162790697671,35.27835051546392,1009.8151515151516,2.866666666666667,0.52913123,6.641274e-06,-1.6128064,-1.8567003,26.73468,21.266235,11.85728,12.764994,9.620934611394025,9.88868389685484,0.046692193
2020-06-19,20.08139534883721,15.532558139534887,32.65979381443299,1012.0333333333335,3.033333333333334,0.52913123,0.0018967674,2.5113323,-1.6576077,19.948486,17.310669,5.071086,8.809427,4.44535321604519,9.470079245692055,0.046692193
2020-06-20,19.916279069767445,14.951162790697676,29.216494845360824,1015.8484848484849,4.55897435897436,0.52913123,0.002682648,3.5562372,-2.4852555,17.324524,16.202698,2.4471235,7.701456,4.280236936975426,8.888683896854843,0.046692193
2020-06-21,22.679069767441863,13.325581395348838,7.309278350515464,1018.1212121212121,3.4128205128205127,0.52913123,0.0026636312,1.7979208,-2.5103388,20.095215,15.527344,5.2178144,7.026102,7.043027634649844,7.263102501506006,0.046692193
2020-06-22,25.71279069767442,11.59186046511628,0.0,1020.6454545454546,3.217948717948718,0.52913123,0.0002504409,1.9884821,-2.0576136,24.878052,14.674225,10.000651,6.172983,10.076748564882402,5.529381571273448,0.046692193
2020-06-23,24.49418604651163,11.159302325581395,0.0,1024.542424242424,2.8717948717948727,0.52913123,3.6762406e-06,0.6991458,-2.482335,23.381653,14.096008,8.504252,5.5947666,8.85814391371961,5.096823431738563,0.046692193
2020-06-24,25.232558139534884,10.515116279069769,2.3092783505154637,1024.7545454545452,2.438461538461538,0.52913123,0.00014216323,-1.475718,-2.3239937,24.624725,14.348694,9.747325,5.847452,9.596516006742865,4.452637385226937,0.046692193
2020-06-25,27.73720930232558,16.647674418604655,3.2989690721649483,1021.6212121212121,3.221052631578947,0.52913123,0.0017228691,-3.0550497,-0.010535836,26.688965,18.85431,11.811564,10.353067,12.101167169533563,10.585195524761822,0.046692193
2020-06-26,28.826744186046515,15.381395348837211,28.24742268041237,1016.1939393939394,2.5026315789473688,0.52913123,0.0016655204,-2.4431174,0.17002995,27.69513,18.834717,12.817729,10.333475,13.190702053254496,9.31891645499438,0.046692193
2020-06-27,31.153488372093022,15.027906976744188,3.1649484536082473,1009.990909090909,2.35,0.52913123,0.00019469764,0.966325,1.1648726,30.148468,17.992188,15.271068,9.490946,15.517446239301004,8.965428082901354,0.046692193
2020-06-28,28.0546511627907,16.424418604651162,37.18556701030928,1011.5484848484848,2.952631578947369,0.52913123,0.000944871,2.5355031,0.8221357,28.307587,21.75708,13.430186,13.255838,12.418609029998683,10.361939710808329,0.046692193
2020-06-29,24.113953488372093,12.906976744186046,16.38144329896907,1011.430303030303,2.197435897435898,0.52913123,0.00029351303,2.0354874,0.5104435,23.763855,18.327942,8.886455,9.8267,8.477911355580074,6.844497850343214,0.046692193
2020-06-30,23.47906976744186,12.559302325581397,0.27835051546391754,1008.2969696969698,4.566666666666667,0.52913123,1.5610407e-05,4.4787865,1.2418147,23.81073,17.35205,8.93333,8.850809,7.843027634649841,6.496823431738565,0.046692193
2020-07-01,24.338372093023256,16.046511627906977,57.78350515463917,1006.8424242424244,3.5051282051282056,0.52913123,0.0068045184,2.0163739,2.0340548,20.84436,18.272766,5.96696,9.771524,8.702329960231237,9.984032734064144,0.046692193
2020-07-02,25.020930232558143,15.12674418604651,14.463917525773196,1009.0424242424243,2.938461538461539,0.52913123,0.0010007742,2.766346,0.31525695,23.365845,17.702423,8.488444,9.201181,9.384888099766124,9.064265292203679,0.046692193
2020-07-03,23.59186046511628,14.309302325581397,0.061855670103092786,1014.2060606060606,3.443589743589744,0.52913123,0.0012015215,3.044048,0.17197348,22.062988,16.367584,7.185588,7.8663425,7.955818332324261,8.246823431738566,0.046692193
2020-07-04,25.594186046511627,13.574418604651164,2.2989690721649483,1014.4212121212122,4.320512820512819,0.52913123,0.00028180727,3.289315,2.026885,25.89383,17.162659,11.016429,8.661417,9.958143913719608,7.511939710808332,0.046692193
2020-07-05,27.206976744186047,18.009302325581398,8.804123711340207,1009.7151515151517,4.966666666666667,0.52913123,0.0011242492,3.984959,2.1668797,26.218475,18.229797,11.341075,9.728556,11.570934611394028,11.946823431738565,0.046692193
2020-07-06,21.734883720930235,12.254651162790699,8.525773195876289,1010.0121212121212,5.258974358974359,0.52913123,0.00015737482,5.216702,0.50267535,20.241028,16.535645,5.3636274,8.034403,6.098841588138216,6.192172268947867,0.046692193
2020-07-07,21.06744186046512,10.747674418604651,12.34020618556701,1017.2272727272727,4.0769230769230775,0.52913123,0.00012571471,3.9601707,-0.1144935,19.060303,13.981934,4.1829023,5.480692,5.431399727673101,4.685195524761819,0.046692193
2020-07-08,18.251162790697673,11.587209302325583,8.34020618556701,1015.3818181818184,2.8487179487179493,0.52913123,0.0006735313,2.9153054,0.6149227,18.044952,13.4592285,3.167552,4.957987,2.6151206579056545,5.524730408482751,0.046692193
2020-07-09,20.709302325581394,11.918604651162791,66.5360824742268,1013.7666666666668,2.6307692307692307,0.52913123,0.0036548835,1.3362433,1.8041801,19.711792,14.67511,4.8343916,6.173868,5.073260192789375,5.856125757319959,0.046692193
2020-07-10,25.944186046511632,11.716279069767442,27.123711340206185,1009.6999999999999,3.6538461538461537,0.52913123,0.001726806,2.725276,0.8907769,25.295105,16.60962,10.417705,8.108377,10.308143913719613,5.6538001759246095,0.046692193
2020-07-11,20.82790697674419,9.362790697674418,0.5360824742268041,1021.2121212121215,3.0589743589743583,0.52913123,0.00010023555,2.5941858,-1.0484389,19.347473,12.892822,4.4700727,4.3915806,5.191864843952169,3.300311803831586,0.046692193
2020-07-12,21.537209302325586,8.011627906976743,0.31958762886597936,1026.078787878788,2.764102564102564,0.52913123,2.4809136e-05,1.9327637,-1.5763578,19.574951,12.17218,4.697551,3.6709385,5.901167169533567,1.949149013133911,0.046692193
2020-07-13,24.46705882352941,8.620000000000001,0.0,1023.678787878788,1.8384615384615388,0.52913123,2.0665634e-06,0.6212966,-0.08907255,22.376404,12.980774,7.4990034,4.4795322,8.83101669073739,2.5575211061571688,0.046692193
2020-07-14,28.44705882352941,10.588235294117649,8.43298969072165,1014.9484848484849,2.507692307692308,0.52913123,1.5351818e-05,0.18153168,1.8501534,26.710114,14.797028,11.832713,6.295786,12.811016690737391,4.525756400274816,0.046692193
2020-07-15,19.361627906976747,13.023255813953488,65.3917525773196,1012.2242424242424,2.1076923076923073,0.52913123,0.0029034112,1.3614744,-1.4330424,18.269836,16.567993,3.392436,8.0667515,3.7255857741847276,6.960776920110656,0.046692193
2020-07-16,21.097674418604655,11.505813953488373,14.68041237113402,1015.0454545454545,2.369230769230769,0.52913123,0.001101567,1.8372713,-1.431912,20.936035,13.155273,6.0586348,4.6540318,5.461632285812636,5.44333505964554,0.046692193
2020-07-17,21.782558139534885,10.203488372093025,2.979381443298969,1018.3000000000001,2.412820512820513,0.52913123,0.00047510793,1.5937487,-1.9231402,20.369568,12.873932,5.4921675,4.37269,6.146516006742866,4.141009478250193,0.046692193
2020-07-18,27.30697674418605,11.253488372093026,0.08247422680412371,1019.3727272727274,1.4184210526315792,0.52913123,5.7661364e-05,-0.84441465,-1.0630233,24.744904,13.426666,9.867503,4.9254246,11.67093461139403,5.191009478250193,0.046692193
2020-07-19,30.201162790697676,13.729069767441864,13.597938144329897,1016.0060606060607,1.7729729729729733,0.52913123,0.0004994094,-0.6112349,0.10647774,28.973206,17.131592,14.095805,8.63035,14.565120657905657,7.666590873599032,0.046692193
2020-07-20,24.852325581395352,12.546511627906977,25.95876288659794,1015.353125,2.781578947368421,0.52913123,0.0043170885,1.5614696,-1.1291234,24.412537,19.234283,9.535136,10.733042,9.216283448603333,6.484032734064145,0.046692193
2020-07-21,22.98720930232558,10.775581395348837,0.010309278350515464,1020.8,2.910526315789474,0.52913123,0.00038475753,2.1880352,-1.473107,21.469849,15.496735,6.592448,6.995493,7.3511671695335625,4.713102501506005,0.046692193
2020-07-22,22.39186046511628,9.088372093023256,4.587628865979381,1021.6125000000001,2.467567567567568,0.52913123,6.017906e-06,1.9858046,-1.0016129,20.653564,13.561768,5.776164,5.060526,6.755818332324262,3.025893199180424,0.046692193
2020-07-23,23.339534883720933,11.713953488372093,0.0,1017.0757575757576,1.8270270270270272,0.52913123,0.0010247673,0.6133031,-0.18087341,21.398743,14.625885,6.5213423,6.1246433,7.703492750928914,5.651474594529261,0.046692193
2020-07-24,27.938372093023254,11.06279069767442,0.07216494845360824,1010.3999999999999,3.526315789473685,0.52913123,0.00015884255,2.1875317,0.8517392,26.454742,14.967102,11.577342,6.4658604,12.302329960231235,5.000311803831587,0.046692193
2020-07-25,26.67674418604651,12.72906976744186,4.092783505154639,1011.9090909090909,1.9078947368421053,0.52913123,0.00022680125,0.75736856,0.4433596,24.50412,16.233398,9.626719,7.7321568,11.04070205325449,6.666590873599028,0.046692193
2020-07-26,24.227906976744183,14.256976744186046,65.12371134020619,1010.6000000000001,2.631578947368421,0.52913123,0.0032086838,0.8154356,1.3399191,23.154572,18.784729,8.277171,10.283487,8.591864843952164,8.194497850343215,0.046692193
2020-07-27,26.184883720930234,12.431395348837208,4.731958762886598,1016.0151515151515,1.928947368421053,0.52913123,0.0004334428,-0.33449683,0.9603177,25.30307,16.090485,10.42567,7.589243,10.548841588138215,6.368916454994376,0.046692193
2020-07-28,27.911627906976744,15.861627906976747,0.12371134020618557,1008.9727272727272,4.0473684210526315,0.52913123,0.0002701576,2.2845378,0.7603776,26.504333,19.471588,11.626933,10.970346,12.275585774184725,9.799149013133913,0.046692193
2020-07-29,23.71744186046512,11.470930232558139,0.0,1016.5090909090908,3.9289473684210527,0.52913123,2.7274635e-05,3.8569438,0.018852262,22.31195,16.780334,7.4345503,8.279093,8.0813997276731,5.408451338715307,0.046692193
2020-07-30,24.32906976744186,9.506976744186046,0.0,1019.9636363636364,2.8394736842105264,0.52913123,1.3333658e-05,2.294904,-0.7676645,22.57074,14.4627075,7.6933393,5.961466,8.693027634649843,3.4444978503432138,0.046692193
2020-07-31,26.941860465116278,10.708139534883722,0.0,1018.7757575757576,2.4026315789473682,0.52913123,2.5909949e-06,0.6780262,-1.5598904,25.151611,14.372803,10.274211,5.871561,11.30581833232426,4.64566064104089,0.046692193
2020-08-01,30.25581395348837,11.804651162790698,3.2371134020618557,1016.1272727272728,2.3657894736842104,0.52913123,6.400908e-07,-2.3528624,0.7152025,28.855316,16.415344,13.977916,7.9141026,14.619771820696352,5.742172268947866,0.046692193
2020-08-02,24.316279069767447,16.34767441860465,53.91752577319588,1012.530303030303,2.042105263157895,0.52913123,0.001716836,0.2817341,-0.051378567,25.18985,18.78897,10.312449,10.287729,8.680236936975428,10.285195524761818,0.046692193
2020-08-03,22.65813953488372,12.67558139534884,0.27835051546391754,1011.7575757575758,2.710526315789474,0.52913123,0.0001797403,0.7841123,-2.5613697,22.734253,17.028961,7.8568525,8.5277195,7.022097402091701,6.613102501506007,0.046692193
2020-08-04,23.03372093023256,10.427906976744186,0.030927835051546393,1013.6999999999999,2.3026315789473686,0.52913123,0.00015587547,0.5734009,-2.1742182,21.702911,15.033844,6.825511,6.5326023,7.397678797440539,4.365428082901354,0.046692193
2020-08-05,27.81627906976744,9.274418604651164,0.0,1018.2909090909093,2.1675675675675676,0.52913123,1.1885841e-05,-0.23889117,1.6850544,27.212341,15.647369,12.334941,7.1461277,12.18023693697542,3.2119397108083314,0.046692193
2020-08-06,30.123255813953488,12.760465116279072,0.0,1021.2696969696971,2.358974358974359,0.52913123,3.919835e-07,-2.1111012,0.9655509,29.161804,18.748047,14.284404,10.246805,14.48721368116147,6.697986222436239,0.046692193
2020-08-07,32.79186046511629,15.479069767441858,0.0,1021.7787878787877,2.0526315789473686,0.52913123,1.0269592e-05,-1.858518,0.22085083,31.11731,20.944489,16.23991,12.443247,17.155818332324266,9.416590873599027,0.046692193
2020-08-08,35.3860465116279,18.039534883720933,0.0,1019.809375,1.9000000000000004,0.52913123,1.0982363e-06,-1.3828778,0.5942211,34.836884,23.216217,19.959484,14.714975,19.750004378835882,11.9770559898781,0.046692193
2020-08-09,35.382558139534886,18.644186046511628,36.649484536082475,1017.759375,2.1948717948717946,0.52913123,0.00063128927,-0.81998014,0.19477504,34.130005,24.395569,19.252605,15.894327,19.746516006742866,12.581707152668795,0.046692193
2020-08-10,30.754651162790697,19.351162790697675,28.75257731958763,1017.6272727272726,2.2578947368421054,0.52913123,0.0005853298,-1.801201,-0.3932704,32.2341,23.728577,17.3567,15.227335,15.118609029998678,13.288683896854842,0.046692193
2020-08-11,32.1093023255814,17.747674418604653,0.8144329896907216,1019.3454545454546,3.181081081081081,0.52913123,0.00014725018,-3.025891,-1.0020255,31.641907,21.869934,16.764507,13.368692,16.473260192789382,11.68519552476182,0.046692193
2020-08-12,31.305882352941175,16.678823529411765,3.88659793814433,1019.187878787879,2.9815789473684204,0.52913123,1.078428e-05,-2.9734745,-0.19211264,30.805237,20.927795,15.927836,12.426554,15.669840220149156,10.616344635568932,0.046692193
2020-08-13,30.50588235294118,16.591764705882355,8.97938144329897,1014.978125,2.368421052631579,0.52913123,1.5160611e-05,-1.6110226,0.1824187,31.171692,21.654938,16.294292,13.153696,14.86984022014916,10.529285812039522,0.046692193
2020-08-14,28.355294117647055,18.04235294117647,21.09278350515464,1012.9424242424242,2.026315789473684,0.52913123,0.0021869524,-2.203533,-0.12876382,25.89972,21.121582,11.022319,12.62034,12.719251984855036,11.979874047333638,0.046692193
2020-08-15,30.048837209302327,16.3953488372093,4.649484536082475,1014.1454545454546,1.8736842105263158,0.52913123,0.000169288,-1.8133157,-0.44910884,29.623474,20.419617,14.746074,11.918375,14.412795076510308,10.332869943366468,0.046692193
2020-08-16,30.749411764705886,16.492941176470588,0.0,1014.1875000000001,2.871052631578947,0.52913123,1.8067657e-06,-3.0386543,0.5696379,30.017242,21.575256,15.139842,13.074015,15.113369631913868,10.430462282627754,0.046692193
2020-08-17,31.06744186046512,15.474418604651163,21.412371134020617,1010.0718750000002,2.5921052631578942,0.52913123,1.4952901e-07,-1.8233223,0.5160942,30.124023,21.014038,15.246623,12.512796,15.431399727673101,9.41193971080833,0.046692193
2020-08-18,25.412790697674417,16.66511627906977,49.21649484536083,1009.1545454545454,2.3763157894736846,0.52913123,0.003907557,2.068096,-0.92109007,21.899841,20.057312,7.022441,11.55607,9.776748564882398,10.602637385226938,0.046692193
2020-08-19,26.35348837209303,14.653488372093024,4.195876288659794,1010.3424242424244,2.018421052631579,0.52913123,0.0004304876,0.7484383,-0.8694649,25.144714,17.866455,10.267314,9.365213,10.71744623930101,8.591009478250193,0.046692193
2020-08-20,31.051162790697674,14.53953488372093,0.0,1010.4606060606062,2.2769230769230773,0.52913123,1.2621874e-05,-0.085632116,1.9556841,30.538025,18.197662,15.6606245,9.696421,15.415120657905655,8.4770559898781,0.046692193
2020-08-21,35.282558139534885,18.140697674418607,15.474226804123711,1010.6242424242424,2.671794871794872,0.52913123,6.546494e-06,0.71757936,1.7594675,34.645935,21.416992,19.768536,12.9157505,19.646516006742864,12.078218780575774,0.046692193
2020-08-22,26.405813953488373,16.75,48.1958762886598,1012.6484848484849,2.8307692307692314,0.52913123,0.002547663,2.4586732,0.7241935,26.016357,22.728271,11.138957,14.22703,10.769771820696354,10.687521106157167,0.046692193
2020-08-23,24.9046511627907,14.874418604651167,3.711340206185567,1013.5575757575758,3.9153846153846166,0.52913123,0.00027810043,3.500776,1.0473938,23.80191,19.671356,8.92451,11.1701145,9.26860902999868,8.811939710808335,0.046692193
2020-08-24,23.098837209302328,13.517441860465116,15.371134020618557,1013.7545454545455,3.4256410256410263,0.52913123,0.00034247537,3.3362093,0.82061005,22.069122,17.079254,7.191722,8.578012,7.462795076510309,7.454962966622284,0.046692193
2020-08-25,22.983720930232558,12.037209302325582,20.02061855670103,1012.1484848484849,2.851282051282051,0.52913123,0.00011910182,2.157861,1.1292781,22.753845,15.434235,7.876445,6.932993,7.347678797440539,5.97473040848275,0.046692193
2020-08-26,20.663953488372094,15.366279069767442,58.371134020618555,1003.4090909090911,6.028205128205128,0.52913123,0.0053651,4.4898467,2.5949986,19.454529,16.77237,4.5771284,8.271128,5.027911355580075,9.30380017592461,0.046692193
2020-08-27,19.810465116279072,11.195348837209304,6.65979381443299,1011.6212121212121,5.287179487179488,0.52913123,0.00057081686,4.6955943,-0.5886541,19.827515,16.34961,4.9501143,7.8483677,4.174422983487053,5.1328699433664715,0.046692193
2020-08-28,22.525581395348837,11.318604651162792,19.030927835051546,1005.9212121212122,2.805128205128205,0.52913123,0.0026788395,-0.7149064,2.2499218,23.306458,12.709717,8.429057,4.208475,6.889539262556818,5.25612575731996,0.046692193
2020-08-29,23.409302325581397,13.770930232558142,0.061855670103092786,1003.8454545454546,2.6794871794871793,0.52913123,0.00022258604,1.5046154,1.4362298,22.82547,16.58078,7.9480696,8.079538,7.773260192789378,7.708451338715309,0.046692193
2020-08-30,22.756976744186048,12.258139534883721,163.39175257731958,1007.9090909090909,2.0512820512820515,0.52913123,0.0014566068,-0.8353191,-1.3057144,22.349335,16.790985,7.4719343,8.289743,7.120934611394029,6.195660641040889,0.046692193
2020-08-31,21.937209302325584,12.186046511627907,22.938144329896907,1014.0848484848485,2.6384615384615384,0.52913123,0.002384243,1.1266627,-1.9493195,20.678436,15.229126,5.801036,6.7278843,6.301167169533565,6.123567617785075,0.046692193
2020-09-01,19.073255813953487,9.333720930232559,1.0515463917525774,1017.9363636363637,2.266666666666667,0.52910936,0.00015642954,-1.1478618,-2.1981945,18.75354,12.789246,3.8761396,4.288004,3.4372136811614684,3.2712420363897268,0.046670318
2020-09-02,19.011627906976745,9.873255813953488,47.29896907216495,1016.6121212121211,2.4589743589743587,0.52910936,0.00050395407,2.219834,-1.1076983,18.700317,12.559601,3.822917,4.058359,3.375585774184726,3.810776920110656,0.046670318
2020-09-03,22.545348837209303,11.243023255813954,50.350515463917525,1018.2696969696971,3.264102564102565,0.52910936,0.0018551169,2.616894,1.1660414,22.17221,13.266998,7.2948103,4.7657566,6.9093067044172845,5.180544361971122,0.046670318
2020-09-04,22.85813953488372,15.027906976744188,10.041237113402062,1018.9969696969697,3.2410256410256406,0.52910936,0.0020676441,1.815122,1.6799809,21.92627,15.016418,7.048869,6.515177,7.2220974020917,8.965428082901354,0.046670318
2020-09-05,17.99069767441861,11.993023255813954,21.237113402061855,1016.1696969696969,2.5076923076923086,0.52910936,0.0030738118,2.1331146,0.11621094,17.768463,15.224915,2.8910627,6.723673,2.35465554162659,5.930544361971122,0.046670318
2020-09-06,19.361627906976747,9.359302325581396,1.1134020618556701,1017.8575757575759,3.0128205128205128,0.52910936,0.00021249823,2.796379,0.20743285,18.88385,12.232697,4.0064497,3.7314548,3.7255857741847276,3.296823431738564,0.046670318
2020-09-07,19.90232558139535,9.208139534883722,0.8350515463917526,1022.2969696969695,2.4,0.52910936,0.00019659112,2.0798533,0.24332826,18.106903,11.120636,3.2295027,2.6193943,4.26628344860333,3.14566064104089,0.046670318
2020-09-08,22.703488372093027,9.463953488372095,0.0,1023.6575757575756,3.7435897435897445,0.52910936,1.654171e-05,2.8446414,1.4698428,20.41632,11.631897,5.5389204,3.1306553,7.067446239301008,3.4014745945292626,0.046670318
2020-09-09,25.251162790697673,12.969767441860466,10.711340206185566,1020.0030303030305,3.5025641025641026,0.52910936,0.00025137153,2.5739326,0.9699886,23.476074,16.774597,8.598674,8.2733555,9.615120657905655,6.907288548017633,0.046670318
2020-09-10,19.767441860465116,8.463953488372095,0.08247422680412371,1020.1121212121213,2.87948717948718,0.52910936,6.243516e-05,1.9739075,-0.92887217,18.718536,13.219147,3.841136,4.717905,4.131399727673097,2.4014745945292626,0.046670318
2020-09-11,22.406976744186046,7.438372093023255,0.0,1018.3515151515151,1.7384615384615387,0.52910936,1.0404943e-06,-0.78020626,1.4973502,21.729858,12.977783,6.852458,4.4765415,6.770934611394027,1.3758931991804229,0.046670318
2020-09-12,25.966279069767445,8.28953488372093,0.0,1017.6121212121213,3.1282051282051273,0.52910936,0.0,2.217949,0.8594394,25.72992,12.07962,10.852519,3.5783787,10.330236936975426,2.2270559898780986,0.046670318
2020-09-13,24.461627906976748,10.226744186046513,0.0,1024.5666666666666,2.6487179487179495,0.52910936,0.0,2.2638803,1.1681633,23.851013,13.551514,8.973613,5.050272,8.825585774184729,4.164265292203681,0.046670318
2020-09-14,29.532558139534885,10.911627906976744,0.0,1026.6272727272728,1.7210526315789476,0.52910936,6.049872e-07,-0.61441296,1.0915208,28.162292,14.896118,13.284892,6.3948765,13.896516006742866,4.8491490131339114,0.046670318
2020-09-15,30.940697674418605,13.931395348837212,0.0,1021.6515151515151,2.338461538461538,0.52910936,7.102886e-08,-1.4297419,2.2793083,29.686981,17.6315,14.809581,9.130259,15.304655541626586,7.8689164549943795,0.046670318
2020-09-16,29.32906976744186,13.863953488372095,0.010309278350515464,1016.8939393939394,2.7184210526315793,0.52910936,2.2464143e-05,1.6349322,-1.3903748,27.385681,16.958618,12.508281,8.4573765,13.693027634649843,7.801474594529263,0.046670318
2020-09-17,19.07906976744186,6.561627906976744,0.0,1026.6242424242423,3.430769230769232,0.52910936,2.421754e-05,-1.0031632,-2.8982384,18.055542,14.772583,3.1781416,6.2713413,3.4430276346498427,0.4991490131339118,0.046670318
2020-09-18,20.180232558139537,3.283720930232558,0.0,1029.4545454545455,1.617948717948718,0.52910936,2.4646336e-06,-1.5754446,-0.35844526,18.957947,8.299622,4.0805464,-0.2016201,4.544190425347518,-2.7787579636102744,0.046670318
2020-09-19,21.513953488372096,3.926744186046512,0.0,1024.1000000000001,2.2384615384615385,0.52910936,1.06974056e-07,-2.6047585,-0.21591516,20.829102,8.77179,5.951701,0.27054787,5.877911355580077,-2.13573470779632,0.046670318
2020-09-20,23.194186046511632,6.291860465116278,0.0,1020.1121212121213,2.3631578947368426,0.52910936,2.4530154e-05,-2.628731,-0.69990516,21.793488,10.554138,6.916087,2.0528965,7.558143913719613,0.2293815712734455,0.046670318
2020-09-21,24.89186046511628,6.345348837209303,0.0,1017.9545454545455,1.8025641025641022,0.52910936,1.8305686e-06,-2.046489,0.05439723,23.729248,10.069611,8.851848,1.5683689,9.255818332324262,0.282869943366471,0.046670318
2020-09-22,26.49418604651163,8.68953488372093,0.09278350515463918,1011.4636363636364,1.8615384615384618,0.52910936,2.5282307e-07,-0.5058452,1.6698138,25.828186,12.090027,10.950786,3.5887852,10.85814391371961,2.627055989878097,0.046670318
2020-09-23,26.752325581395347,11.733720930232558,4.360824742268041,1005.3484848484849,1.9461538461538457,0.52910936,3.4228804e-05,0.5923869,1.3458229,26.542114,14.511475,11.664714,6.010233,11.116283448603328,5.671242036389725,0.046670318
2020-09-24,22.324418604651164,11.434883720930234,79.43298969072166,1003.9030303030302,3.076923076923077,0.52910936,0.00027244908,0.97217566,1.3852681,21.848877,15.741577,6.9714766,7.2403355,6.688376471859145,5.372404827087402,0.046670318
2020-09-25,16.182558139534883,9.704651162790698,74.20618556701031,998.0575757575758,2.3358974358974356,0.52910936,0.0121959895,1.1014613,-0.0036428235,15.047516,13.177856,0.17011547,4.6766148,0.5465160067428645,3.642172268947866,0.046670318
2020-09-26,12.37325581395349,7.460465116279071,242.2164948453608,995.0,3.6923076923076925,0.52910936,0.012689206,1.980691,-0.7455712,12.320587,10.851135,-2.5568132,2.3498936,-3.262786318838529,1.3979862224362387,0.046670318
2020-09-27,12.476744186046512,6.419767441860466,20.45360824742268,1003.178787878788,2.1615384615384614,0.52910936,0.002074153,0.8853194,1.1743809,13.453339,8.34613,-1.4240618,-0.15511131,-3.1592979467455073,0.35728854801763354,0.046670318
2020-09-28,18.03837209302326,7.3895348837209305,0.7319587628865979,1011.2121212121212,2.141025641025641,0.52910936,0.00014412384,-0.8963618,1.5682749,17.495941,9.180176,2.6185408,0.6789341,2.4023299602312402,1.3270559898780983,0.046670318
2020-09-29,18.655813953488373,8.098837209302326,0.5670103092783505,1015.8030303030303,1.3820512820512818,0.52910936,7.067939e-05,0.31041315,-1.1555015,17.50882,12.154785,2.6314192,3.6535435,3.019771820696354,2.036358315459494,0.046670318
2020-09-30,19.14651162790698,6.432558139534884,0.08247422680412371,1016.2181818181817,1.2769230769230766,0.52910936,7.5127173e-06,-0.1583627,-1.1188506,17.47992,9.164459,2.602519,0.66321754,3.5104694951149593,0.3700792456920521,0.046670318
2020-10-01,17.21744186046512,6.732558139534884,2.3092783505154637,1008.178787878788,1.7923076923076928,0.52910936,2.6078063e-05,-1.3846544,-0.10798975,16.065125,9.414612,1.1877241,0.91337013,1.5813997276730998,0.6700792456920519,0.046670318
2020-10-02,17.39767441860465,10.511627906976743,0.21649484536082475,1001.8484848484849,3.5820512820512826,0.52910936,9.456497e-05,-3.655049,0.75026584,17.459534,12.436707,2.5821333,3.9354649,1.7616322858126328,4.449149013133911,0.046670318
2020-10-03,21.609302325581396,12.306976744186047,8.29896907216495,994.9545454545455,4.225641025641026,0.52910936,1.699602e-05,-3.2868874,0.7661516,22.05545,13.728851,7.17805,5.2276096,5.973260192789377,6.2444978503432145,0.046670318
2020-10-04,18.802325581395348,7.343023255813954,1.1958762886597938,997.7484848484847,2.8564102564102565,0.52910936,4.3322525e-05,1.125006,1.8985643,18.28659,11.086029,3.4091902,2.5847874,3.1662834486033287,1.2805443619711214,0.046670318
2020-10-05,16.138372093023257,6.818604651162792,7.453608247422681,1004.0333333333335,2.51025641025641,0.52910936,0.00057296135,-0.5156295,1.3263487,15.92038,9.342926,1.0429792,0.84168434,0.5023299602312381,0.7561257573199596,0.046670318
2020-10-06,16.186046511627907,8.824418604651164,5.649484536082475,1003.021212121212,3.8487179487179484,0.52910936,0.0014353557,1.1765653,3.4477901,14.434174,10.05484,-0.4432268,1.5535984,0.5500043788358884,2.761939710808332,0.046670318
2020-10-07,16.020930232558143,10.029069767441861,21.762886597938145,1006.7545454545455,3.3461538461538463,0.52910936,0.001915474,2.3933184,1.8093748,14.682404,10.507477,-0.19499683,2.0062351,0.38488809976612437,3.9665908735990287,0.046670318
2020-10-08,15.03953488372093,8.758139534883721,45.95876288659794,1015.3515151515151,4.361538461538462,0.52910936,0.00075644394,2.4107203,3.2283201,15.247925,9.826782,0.3705244,1.3255405,-0.5965072490710881,2.695660641040889,0.046670318
2020-10-09,15.320930232558139,10.472093023255816,17.587628865979383,1016.2727272727273,2.8256410256410263,0.52910936,0.0016540773,1.7990586,0.915709,15.490662,11.768524,0.6132612,3.2672825,-0.31511190023388025,4.409614129412984,0.046670318
2020-10-10,13.163953488372092,4.609302325581395,4.391752577319588,1016.6848484848484,3.089473684210527,0.52910936,0.00054641603,2.3967707,1.1495454,12.824249,9.77475,-2.0531511,1.2735081,-2.4720886444199266,-1.453176568261437,0.046670318
2020-10-11,12.053488372093025,3.330232558139535,2.216494845360825,1017.9060606060607,2.6210526315789475,0.52910936,0.00011872115,1.3721666,1.8373033,11.493591,6.206421,-3.383809,-2.2948208,-3.5825537606989943,-2.732246335703297,0.046670318
2020-10-12,12.096511627906976,3.061627906976745,2.185567010309278,1017.2727272727273,2.028947368421053,0.52910936,0.00011439926,1.7340924,0.24620982,11.35553,6.2575684,-3.5218706,-2.2436733,-3.539530504885043,-3.0008509868660873,0.046670318
2020-10-13,11.993023255813954,1.5302325581395348,50.402061855670105,1015.4454545454547,2.0578947368421048,0.52910936,0.00010074076,-0.37013426,-1.878018,12.049713,3.8740234,-2.8276873,-4.6272182,-3.643018876978065,-4.532246335703297,0.046670318
2020-10-14,10.434883720930234,8.822093023255814,161.41237113402062,1009.6515151515154,6.0205128205128196,0.52910936,0.007700335,-0.4806366,-5.652763,10.316132,9.592102,-4.561269,1.0908604,-5.201158411861785,2.7596141294129817,0.046670318
2020-10-15,10.958139534883722,9.076744186046513,13.75257731958763,1015.0909090909093,4.376923076923077,0.52910936,0.0019623146,-0.82624006,-4.227178,11.573212,10.095306,-3.3041887,1.5940647,-4.677902597908297,3.014265292203681,0.046670318
2020-10-16,11.437209302325583,7.516279069767443,10.783505154639176,1019.5363636363636,3.0512820512820515,0.52910936,0.000941372,-0.55143684,-2.9502783,11.227722,8.325256,-3.6496782,-0.17598534,-4.198832830466436,1.453800175924611,0.046670318
2020-10-17,11.509302325581396,6.138372093023257,2.752577319587629,1018.5636363636365,1.8512820512820514,0.52910936,0.0012896063,0.43694985,-1.027718,11.436584,8.020203,-3.440816,-0.48103905,-4.1267398072106225,0.07589319918042481,0.046670318
2020-10-18,10.681395348837212,5.730232558139535,9.02061855670103,1017.1060606060606,4.256410256410256,0.52910936,0.00043464534,3.9020348,0.476771,9.943298,7.778839,-4.934102,-0.7224026,-4.954646783954807,-0.33224633570329765,0.046670318
2020-10-19,11.822093023255816,4.034883720930233,0.4845360824742268,1021.5121212121212,2.5307692307692307,0.52910936,0.00019488082,1.9192148,0.87115735,11.888763,6.335266,-2.988637,-2.1659756,-3.8139491095362033,-2.0275951729125996,0.046670318
2020-10-20,12.4046511627907,3.177906976744186,29.175257731958762,1016.7575757575758,3.3153846153846156,0.52910936,0.0002660971,-0.547376,2.9843757,12.902618,5.8016663,-1.974782,-2.6995754,-3.2313909700013195,-2.884571917098646,0.046670318
2020-10-21,15.259302325581395,9.919767441860467,4.0,1009.4575757575759,3.47948717948718,0.52910936,0.0010423543,0.7017307,3.2210128,16.450745,9.842957,1.5733442,1.3417149,-0.3767398072106243,3.8572885480176344,0.046670318
2020-10-22,19.547674418604654,12.537209302325584,8.742268041237113,1010.9212121212122,4.015384615384615,0.52910936,5.86314e-05,2.6785572,2.9109766,19.58368,14.169373,4.706279,5.668131,3.911632285812635,6.474730408482752,0.046670318
2020-10-23,16.315116279069766,10.317441860465117,52.02061855670103,1011.3878787878789,2.2025641025641027,0.52910936,0.0016369736,1.2473146,0.57188696,17.155792,12.865784,2.2783918,4.364542,0.6790741462777472,4.254962966622284,0.046670318
2020-10-24,16.81511627906977,9.52674418604651,0.10309278350515463,1012.548484848485,3.235897435897436,0.52910936,0.0003834749,2.3900874,1.9090595,15.790161,11.228302,0.91276073,2.7270603,1.1790741462777508,3.4642652922036783,0.046670318
2020-10-25,16.91395348837209,8.787209302325582,2.8762886597938144,1008.6181818181818,3.543589743589744,0.52910936,1.0387615e-05,-0.16980503,3.5300426,17.111359,10.658417,2.2339582,2.157175,1.2779113555800716,2.72473040848275,0.046670318
2020-10-26,13.309302325581394,8.495348837209303,11.690721649484535,1003.7515151515153,2.18974358974359,0.52910936,0.0009081727,0.59512115,1.6263238,14.002228,9.737579,-0.8751726,1.2363377,-2.3267398072106253,2.4328699433664704,0.046670318
2020-10-27,12.786046511627905,7.0558139534883715,0.6804123711340206,1008.009090909091,3.5846153846153848,0.52910936,8.292077e-05,1.4582057,3.125911,11.958954,6.7247925,-2.9184465,-1.7764492,-2.8499956211641138,0.9933350596455393,0.046670318
2020-10-28,13.667441860465118,7.865116279069769,22.2680412371134,1009.3151515151516,4.076923076923077,0.52910936,0.00068985764,1.3078561,3.4504669,13.160156,9.078552,-1.7172441,0.57731056,-1.968600272326901,1.8026373852269364,0.046670318
2020-10-29,12.109302325581396,7.351162790697675,37.22680412371134,1011.6393939393942,4.453846153846153,0.52910936,0.001981935,3.5289237,1.7027057,11.544281,9.649231,-3.3331194,1.1479893,-3.526739807210623,1.2886838968548426,0.046670318
2020-10-30,13.502325581395347,7.3313953488372094,113.47422680412372,1015.7636363636362,3.8076923076923093,0.52910936,0.007495986,2.696039,1.1409898,13.205627,7.908203,-1.671773,-0.59303856,-2.133716551396672,1.2689164549943772,0.046670318
2020-10-31,15.11046511627907,11.252325581395349,12.835051546391753,1020.6545454545457,2.643589743589744,0.52910936,0.0017891625,0.9105208,0.88952404,14.704651,12.800781,-0.17274952,4.2995396,-0.5255770165129494,5.189846687552516,0.046670318
2020-11-01,14.727906976744185,10.13953488372093,36.2680412371134,1014.5575757575758,3.3000000000000003,0.52910936,0.00037150344,0.60102004,2.7855685,14.631653,9.856384,-0.24574757,1.3551426,-0.9081351560478339,4.077055989878098,0.046670318
2020-11-02,20.00581395348837,13.788372093023257,22.278350515463917,1009.6909090909091,4.325641025641026,0.52910936,0.0044220854,2.5489342,3.1946862,19.30542,14.77533,4.4280195,6.274088,4.369771820696352,7.725893199180425,0.046670318
2020-11-03,15.259302325581398,8.61279069767442,0.010309278350515464,1019.7848484848486,3.030769230769231,0.52910936,0.00037026382,2.2977402,0.8681422,17.060883,10.597717,2.1834822,2.0964756,-0.3767398072106207,2.5503118038315877,0.046670318
2020-11-04,11.347674418604653,3.4802325581395355,0.0,1028.4212121212122,3.2948717948717956,0.52910936,5.4673824e-06,2.9552736,0.36534667,11.025757,6.9652405,-3.8516436,-1.5360012,-4.288367714187366,-2.5822463357032968,0.046670318
2020-11-05,10.883720930232558,1.9720930232558138,0.07216494845360824,1035.7848484848485,3.428205128205128,0.52910936,3.5219514e-07,3.0489128,0.753732,10.367126,4.8075256,-4.510274,-3.693716,-4.752321202559461,-4.090385870587019,0.046670318
2020-11-06,10.19186046511628,7.2662790697674415,0.6082474226804123,1033.8757575757577,2.9179487179487174,0.52910936,2.9029543e-05,2.0857966,0.4632456,11.245758,8.580688,-3.6316423,0.07944679,-5.444181667675739,1.2038001759246093,0.046670318
2020-11-07,12.272093023255815,1.8255813953488376,0.020618556701030927,1028.7303030303033,2.2512820512820513,0.52910936,3.9886752e-05,-0.6572359,1.7399358,11.284729,6.222107,-3.5926714,-2.2791348,-3.363949109536204,-4.236897498493994,0.046670318
2020-11-08,10.340697674418605,0.5465116279069768,0.0,1025.5848484848484,1.8025641025641028,0.52910936,2.8071615e-06,-1.0386271,0.14534776,9.364685,2.220459,-5.5127153,-6.2807827,-5.295344458373414,-5.515967265935855,0.046670318
2020-11-09,6.455813953488373,4.145348837209304,0.0,1027.857575757576,3.0589743589743588,0.52910936,7.099638e-06,-2.582918,0.666498,7.807312,4.8378906,-7.0700884,-3.663351,-9.180228179303647,-1.9171300566335283,0.046670318
2020-11-10,5.958139534883722,3.627906976744186,0.2268041237113402,1029.4757575757576,2.8897435897435897,0.52910936,5.113979e-06,-2.1557372,1.1649493,7.1127014,5.2061768,-7.764699,-3.295065,-9.677902597908297,-2.4345719170986464,0.046670318
2020-11-11,6.68139534883721,4.122093023255814,0.20618556701030927,1027.4636363636364,1.9615384615384623,0.52910936,0.00013417163,-1.068146,1.109476,7.3779907,4.7979736,-7.4994097,-3.703268,-8.954646783954809,-1.9403858705870185,0.046670318
2020-11-12,10.416279069767443,5.065116279069768,1.8144329896907216,1021.1666666666666,2.8282051282051284,0.52910936,0.00024698183,-0.14269173,2.1606133,9.772491,6.6833496,-5.104909,-1.8178921,-5.219763063024576,-0.9973626147730643,0.046670318
2020-11-13,11.615116279069769,4.388372093023255,2.020618556701031,1019.4151515151516,2.428205128205128,0.52910936,3.1091393e-05,1.0612061,1.9503947,10.86908,6.882202,-4.008321,-1.6190395,-4.02092585372225,-1.674106800819577,0.046670318
2020-11-14,14.593023255813954,7.644186046511628,1.3298969072164948,1018.1212121212121,2.4153846153846152,0.52910936,6.614946e-05,0.92666334,1.9893831,13.146362,9.260681,-1.7310381,0.75943947,-1.0430188769780653,1.5817071526687956,0.046670318
2020-11-15,14.26279069767442,6.765116279069767,9.876288659793815,1013.469696969697,3.843589743589743,0.52910936,1.0825916e-05,-0.3198931,3.4886248,13.674286,8.728912,-1.2031145,0.22767067,-1.3732514351175986,0.702637385226935,0.046670318
2020-11-16,12.595348837209302,6.9476744186046515,2.082474226804124,1011.7727272727273,3.8051282051282054,0.52910936,0.00095669646,2.0657065,2.2919562,11.783966,8.205933,-3.0934343,-0.29530907,-3.0406932955827166,0.8851955247618193,0.046670318
2020-11-17,11.466279069767443,7.465116279069767,8.896907216494846,1022.2272727272727,3.974358974358975,0.52910936,0.001857567,2.7448304,2.1583674,10.85376,8.910614,-4.0236406,0.40937233,-4.1697630630245754,1.4026373852269352,0.046670318
2020-11-18,12.43837209302326,7.638372093023257,0.28865979381443296,1023.9000000000001,3.6538461538461546,0.52910936,0.00029569658,1.6120268,2.7612894,12.285828,9.1631775,-2.5915728,0.6619358,-3.1976700397687594,1.5758931991804248,0.046670318
2020-11-19,11.52325581395349,3.630232558139535,7.876288659793815,1015.4363636363637,5.5307692307692315,0.52910936,0.0006837921,4.213843,1.4041446,11.520081,8.384155,-3.3573198,-0.11708641,-4.112786318838529,-2.4322463357032973,0.046670318
2020-11-20,6.274418604651163,-0.9744186046511629,0.41237113402061853,1029.3757575757575,3.5435897435897434,0.52910936,0.00014858316,3.0956008,-0.31669363,6.125183,2.653717,-8.752217,-5.8475246,-9.361623528140857,-7.036897498493995,0.046670318
2020-11-21,6.837209302325583,-1.052325581395349,0.4742268041237113,1030.878787878788,4.464102564102564,0.52910936,4.4643017e-05,2.2357862,3.1483243,6.317169,-0.058929443,-8.560231,-8.560171,-8.798832830466436,-7.114804475238181,0.046670318
2020-11-22,9.89186046511628,5.137209302325582,5.195876288659794,1022.5818181818183,4.874358974358974,0.52910936,0.00018790121,3.759757,1.9881617,9.419922,6.50119,-5.4574785,-2.0000515,-5.74418166767574,-0.9252695915172504,0.046670318
2020-11-23,8.847674418604653,1.9488372093023258,0.16494845360824742,1024.3636363636363,4.1000000000000005,0.52910936,3.5490182e-05,3.7459724,0.40876874,8.496674,5.9969482,-6.380727,-2.5042934,-6.788367714187366,-4.113641684540506,0.046670318
2020-11-24,7.436046511627907,-0.5906976744186048,0.030927835051546393,1025.7909090909093,2.88974358974359,0.52910936,1.8988322e-06,1.298965,2.3253357,7.144806,2.820465,-7.7325945,-5.6807766,-8.199995621164112,-6.653176568261437,0.046670318
2020-11-25,4.2267441860465125,-1.402325581395349,0.010309278350515464,1020.4303030303032,2.5487179487179485,0.52910936,3.172175e-06,0.47988233,2.2870347,4.6748047,0.5095825,-10.202596,-7.991659,-11.409297946745507,-7.464804475238181,0.046670318
2020-11-26,6.9697674418604665,-0.5790697674418605,4.072164948453608,1020.1696969696969,2.7384615384615385,0.52910936,0.00015989982,1.8500156,1.3790938,7.055664,1.2884216,-7.8217363,-7.21282,-8.666274690931552,-6.641548661284693,0.046670318
2020-11-27,6.833720930232559,2.5616279069767445,0.5257731958762887,1021.9424242424244,1.546153846153846,0.52910936,3.8399914e-05,-0.06293466,-0.55661607,6.2361145,3.922699,-8.641286,-4.5785427,-8.80232120255946,-3.5008509868660878,0.046670318
2020-11-28,5.033720930232558,0.020930232558139514,0.4948453608247423,1024.8030303030303,1.5666666666666667,0.52910936,0.00012145844,-0.65664554,-0.9808857,5.105774,2.2511292,-9.771626,-6.2501125,-10.60232120255946,-6.0415486612846925,0.046670318
2020-11-29,4.566279069767441,-1.361627906976744,1.577319587628866,1026.3636363636363,2.3230769230769233,0.52910936,7.112044e-05,1.1575469,-1.8985958,5.016327,0.07626343,-9.8610735,-8.424978,-11.069763063024578,-7.424106800819576,0.046670318
2020-11-30,2.818604651162791,-0.6453488372093024,1.1443298969072164,1024.1666666666667,2.5282051282051277,0.52910936,8.205597e-05,1.5433769,1.144382,3.047577,0.7293701,-11.8298235,-7.7718716,-12.817437481629227,-6.707827731052134,0.046670318
2020-12-01,3.5930232558139537,-0.6046511627906977,0.16494845360824742,1017.030303030303,2.684615384615385,0.3254564,0.00028440022,-0.911052,1.7696899,4.381836,1.1126404,-10.495564,-7.3886013,-12.043018876978065,-6.66713005663353,-0.15698263
2020-12-02,2.177906976744186,-3.394186046511628,0.0,1020.4787878787878,2.312820512820513,0.3254564,1.497898e-05,-1.9697002,0.9436323,1.5898132,-2.135498,-13.287587,-10.63674,-13.458135156047833,-9.456664940354461,-0.15698263
2020-12-03,0.8965116279069768,-2.8058139534883724,0.9278350515463918,1008.0848484848485,3.938461538461538,0.3254564,0.0003175717,-1.3858775,2.6312566,0.47805786,-2.3515625,-14.399343,-10.852804,-14.739530504885042,-8.868292847331205,-0.15698263
2020-12-04,3.9627906976744187,-2.4767441860465116,0.030927835051546393,996.3878787878789,3.5589743589743583,0.3254564,2.3569695e-05,-2.6791089,1.993549,3.1188354,-1.5469666,-11.758565,-10.048208,-11.6732514351176,-8.539223079889343,-0.15698263
2020-12-05,7.4186046511627906,-0.27325581395348836,0.4536082474226804,999.7363636363638,2.66923076923077,0.3254564,5.8675407e-05,-1.3439312,1.1524734,5.8391724,0.68084717,-9.038228,-7.8203945,-8.21743748162923,-6.335734707796321,-0.15698263
2020-12-06,10.251162790697675,1.713953488372093,0.0,1002.2515151515153,3.4692307692307693,0.3254564,0.0009907888,-3.5481708,1.760684,10.375336,3.0168152,-4.5020647,-5.4844265,-5.384879342094344,-4.348525405470739,-0.15698263
2020-12-07,8.515116279069767,2.544186046511628,0.15463917525773196,1001.3999999999999,4.097435897435898,0.3254564,0.00022919661,-1.7035891,1.9888506,8.926697,4.5737305,-5.9507036,-3.9275112,-7.120925853722252,-3.518292847331204,-0.15698263
2020-12-08,6.594186046511628,1.0511627906976744,7.65979381443299,1007.2727272727275,3.0564102564102567,0.3254564,9.311255e-05,-2.1224082,0.34354147,7.2019043,2.9026794,-7.675496,-5.5985622,-9.04185608628039,-5.011316103145158,-0.15698263
2020-12-09,2.8627906976744186,0.6930232558139536,3.5463917525773194,1010.8727272727274,3.371794871794872,0.3254564,0.0020993224,-2.8469317,0.63713765,4.3500366,2.55365,-10.527364,-5.947592,-12.7732514351176,-5.369455638028879,-0.15698263
2020-12-10,0.8651162790697675,-0.9686046511627908,0.6185567010309279,1010.1181818181818,3.084615384615385,0.3254564,0.00015281027,-2.3099718,0.06001234,0.39144897,-0.52130127,-14.485951,-9.022543,-14.770925853722252,-7.0310835450056235,-0.15698263
2020-12-11,1.654651162790698,-0.9744186046511629,0.13402061855670103,1004.6181818181818,3.592307692307692,0.3254564,3.829765e-05,-2.5542636,1.2627946,1.5864258,-0.6525879,-13.290975,-9.15383,-13.981390970001321,-7.036897498493995,-0.15698263
2020-12-12,2.961627906976744,-0.10116279069767443,5.597938144329897,1001.6878787878787,3.0615384615384618,0.3254564,5.183838e-05,-2.3408916,0.77104026,3.8532104,1.1729736,-11.02419,-7.328268,-12.674414225815275,-6.163641684540507,-0.15698263
2020-12-13,4.273255813953488,1.8360465116279068,0.711340206185567,1010.3303030303031,1.4923076923076923,0.3254564,0.00014143414,-0.9229061,-0.11009816,3.7167969,1.2384033,-11.160604,-7.2628384,-11.36278631883853,-4.2264323822149255,-0.15698263
2020-12-14,7.729069767441861,2.0348837209302326,0.5876288659793815,1013.757575757576,3.1358974358974363,0.3254564,9.121623e-05,-0.4951609,2.7227614,6.4319763,3.7385254,-8.445424,-4.7627163,-7.906972365350158,-4.0275951729126,-0.15698263
2020-12-15,7.505813953488372,3.019767441860465,6.350515463917525,1012.9060606060607,3.1641025641025644,0.3254564,0.00048040514,-0.18832953,2.5953567,7.5910034,3.0965881,-7.286397,-5.4046535,-8.130228179303646,-3.0427114519823673,-0.15698263
2020-12-16,9.046511627906977,4.217441860465116,0.041237113402061855,1019.5121212121212,2.2769230769230773,0.3254564,8.585272e-05,-0.06154887,0.9685429,7.6712646,7.1740723,-7.2061357,-1.3271694,-6.589530504885042,-1.8450370333777162,-0.15698263
2020-12-17,7.925581395348839,2.5093023255813955,9.948453608247423,1020.4181818181819,3.641025641025641,0.3254564,7.0420916e-05,0.4269507,2.5769422,7.403137,2.4786987,-7.474263,-6.022543,-7.71046073744318,-3.5531765682614367,-0.15698263
2020-12-18,8.555813953488371,0.8465116279069769,0.061855670103092786,1024.0,2.905128205128205,0.3254564,1.0559692e-05,0.87840945,2.2385595,7.0770264,4.3030396,-7.800374,-4.198202,-7.0802281793036475,-5.215967265935856,-0.15698263
2020-12-19,6.820930232558139,-0.2267441860465116,0.08247422680412371,1021.0333333333335,3.330769230769232,0.3254564,5.3930903e-06,-0.615053,2.9079835,6.1602173,2.2601929,-8.717183,-6.241049,-8.81511190023388,-6.289223079889344,-0.15698263
2020-12-20,5.554651162790698,0.7918604651162792,14.711340206185566,1021.0272727272728,3.002564102564102,0.3254564,6.844209e-05,-0.38039646,2.4973497,5.2334595,1.5319214,-9.643941,-6.9693203,-10.081390970001321,-5.270618428726553,-0.15698263
2020-12-21,7.153488372093023,2.4058139534883725,51.18556701030928,1021.3878787878787,3.2282051282051283,0.3254564,0.0004538356,0.41422737,2.6502955,6.6089478,3.473816,-8.268453,-5.027426,-8.482553760698995,-3.6566649403544598,-0.15698263
2020-12-22,13.430232558139535,4.905813953488373,40.04123711340206,1010.2818181818183,5.056410256410256,0.3254564,0.009069136,2.879193,2.0922115,12.262268,5.0549316,-2.6151323,-3.44631,-2.205809574652484,-1.1566649403544593,-0.15698263
2020-12-23,10.208139534883722,5.054651162790697,72.04123711340206,1012.687878787879,2.1815789473684206,0.3254564,0.0016336538,-0.5348778,1.0930091,9.213623,5.278961,-5.6637774,-3.2222805,-5.427902597908297,-1.007827731052135,-0.15698263
2020-12-24,10.382558139534884,2.963953488372093,26.824742268041238,1004.6848484848487,4.463157894736842,0.3254564,0.0016142674,3.6276236,0.1987462,9.831299,3.6223755,-5.0461016,-4.878866,-5.253483993257134,-3.098525405470739,-0.15698263
2020-12-25,3.7906976744186047,0.19418604651162794,1.1958762886597938,1016.7562500000001,3.502631578947369,0.3254564,0.0003084162,2.0933888,-2.0308669,3.9302368,2.0159302,-10.947164,-6.4853115,-11.845344458373415,-5.868292847331205,-0.15698263
2020-12-26,2.4453488372093024,-1.5546511627906976,0.5876288659793815,1019.9375000000001,3.960526315789473,0.3254564,0.00012267132,2.477731,1.9828058,2.453186,-0.46725464,-12.424214,-8.968496,-13.190693295582717,-7.617130056633529,-0.15698263
2020-12-27,2.6372093023255814,0.5186046511627908,0.5154639175257731,1000.8375000000001,6.752631578947369,0.3254564,1.00976185e-05,-0.50691557,5.232536,2.8822327,0.9327698,-11.995168,-7.568472,-12.998832830466437,-5.543874242680041,-0.15698263
2020-12-28,4.402325581395349,0.7418604651162791,18.742268041237114,984.6781250000001,3.75,0.3254564,9.299999e-05,-2.118953,2.0803642,3.7515259,1.4214478,-11.1258745,-7.079794,-11.23371655139667,-5.320618428726553,-0.15698263
2020-12-29,4.332558139534884,-0.32093023255813957,1.0206185567010309,987.29375,3.1105263157894742,0.3254564,0.0010948168,1.0377816,2.4901752,3.6865845,0.2753296,-11.190816,-8.225912,-11.303483993257135,-6.383409126400972,-0.15698263
2020-12-30,5.163953488372093,-0.7755813953488372,0.2268041237113402,1000.6312500000001,3.2868421052631582,0.3254564,5.1680632e-05,1.0637542,2.573867,3.8153076,0.41400146,-11.062093,-8.08724,-10.472088644419927,-6.838060289191669,-0.15698263
2020-12-31,4.518604651162791,-0.12209302325581395,2.6082474226804124,1005.4843750000001,2.889473684210526,0.3254564,1.32590385e-05,0.47957572,2.4284513,2.9368896,1.1765747,-11.940511,-7.324667,-11.117437481629228,-6.184571917098646,-0.15698263
2021-01-01,2.7116279069767444,-0.23720930232558143,5.804123711340206,1007.196875,1.952631578947368,0.3254564,0.0003947191,0.5536514,1.342292,2.870514,-0.2175293,-12.0068865,-8.718771,-12.924414225815275,-6.299688196168414,-0.15698263
2021-01-02,3.434883720930232,-0.9116279069767442,12.329896907216495,1013.9757575757577,1.9473684210526319,0.3254564,4.4392273e-05,-0.23723398,0.57912064,3.510376,0.5786743,-11.367024,-7.9225674,-12.201158411861787,-6.974106800819577,-0.15698263
2021-01-03,1.2453488372093025,-0.3488372093023256,73.69072164948453,1015.6242424242427,3.9000000000000012,0.3254564,0.0047650784,-3.2177017,-2.4358165,0.7251892,0.015411377,-14.152211,-8.48583,-14.390693295582716,-6.4113161031451575,-0.15698263
2021-01-04,0.936046511627907,0.3348837209302326,7.896907216494846,1017.2333333333332,3.1236842105263154,0.3254564,0.002221394,-2.280836,-1.8367077,0.8375244,0.3251648,-14.039876,-8.176077,-14.699995621164112,-5.7275951729126,-0.15698263
2021-01-05,2.608139534883721,0.4976744186046511,20.31958762886598,1016.8333333333334,3.2973684210526315,0.3254564,0.00029791906,-1.4020516,-2.6692994,2.08255,0.31958008,-12.79485,-8.181662,-13.027902597908298,-5.564804475238181,-0.15698263
2021-01-06,2.7848837209302326,0.4790697674418605,8.072164948453608,1011.3333333333334,2.93421052631579,0.3254564,0.0019200472,1.9851104,-0.83797264,2.2200928,0.96707153,-12.657308,-7.53417,-12.851158411861785,-5.583409126400972,-0.15698263
2021-01-07,1.5837209302325583,0.28255813953488373,2.814432989690722,1009.9181818181819,3.194871794871795,0.3254564,0.000711527,2.7759075,1.2522919,1.7276001,0.5812683,-13.1498,-7.9199734,-14.05232120255946,-5.779920754307948,-0.15698263
2021-01-08,1.5790697674418606,-0.20465116279069764,9.24742268041237,1011.6181818181818,2.233333333333334,0.3254564,0.00030924138,1.6419739,0.8132744,1.8701782,-0.6680603,-13.007222,-9.169302,-14.056972365350159,-6.26713005663353,-0.15698263
2021-01-09,1.8220930232558141,-0.26976744186046514,4.206185567010309,1019.2666666666668,2.305263157894737,0.3254564,0.00039096843,1.6771497,-0.46121573,2.4979858,0.16741943,-12.379415,-8.333822,-13.813949109536205,-6.332246335703298,-0.15698263
2021-01-10,1.5279069767441864,-2.094186046511628,1.4123711340206186,1023.6687500000002,2.7526315789473688,0.3254564,0.00011529133,1.7460165,1.0430905,1.0192261,0.20928955,-13.858174,-8.291952,-14.108135156047833,-8.15666494035446,-0.15698263
2021-01-11,1.634883720930233,-1.2999999999999998,21.38144329896907,1017.6181818181818,4.657894736842106,0.3254564,0.0006499712,2.457638,3.09986,0.96691895,-0.56915283,-13.910481,-9.0703945,-14.001158411861786,-7.362478893842832,-0.15698263
2021-01-12,2.854651162790698,0.0918604651162791,34.23711340206186,1003.9272727272727,5.082051282051283,0.3254564,0.0046156435,3.2680492,1.7980007,3.0183716,0.028625488,-11.859029,-8.472616,-12.781390970001322,-5.970618428726553,-0.15698263
2021-01-13,3.2581395348837208,-0.23953488372093024,38.29896907216495,1005.9818181818182,6.041025641025641,0.3254564,0.0018480323,4.987204,0.6308756,2.6732788,-0.38867188,-12.204122,-8.889914,-12.377902597908298,-6.302013777563762,-0.15698263
2021-01-14,1.9430232558139537,-0.6139534883720931,3.268041237113402,1012.7757575757576,4.051282051282052,0.3254564,0.0011428683,1.4946154,-2.867241,1.9771118,-0.69781494,-12.900289,-9.199057,-13.693018876978066,-6.676432382214926,-0.15698263
2021-01-15,0.8744186046511628,-3.0430232558139534,3.5670103092783507,1022.9060606060607,3.5461538461538464,0.3254564,0.00044552816,1.2381922,-2.9441378,-0.29119873,-4.1973877,-15.168599,-12.698629,-14.761623528140856,-9.105502149656786,-0.15698263
2021-01-16,-1.05,-4.680232558139535,0.12371134020618557,1023.6060606060606,3.3205128205128207,0.3254564,0.00039347576,2.4913857,-1.2473403,-0.7455139,-3.9359741,-15.622914,-12.437216,-16.686042132792018,-10.742711451982366,-0.15698263
2021-01-17,-0.563953488372093,-6.84186046511628,1.3505154639175259,1020.2696969696971,1.67948717948718,0.3254564,0.00011355328,-0.1510567,0.15539147,-0.7093506,-4.871765,-15.586751,-13.373007,-16.199995621164113,-12.904339358959113,-0.15698263
2021-01-18,2.6232558139534885,-6.186046511627907,34.79381443298969,1019.5363636363636,2.958974358974359,0.3254564,0.0012012086,1.0189394,1.5595392,2.3820496,-6.1442566,-12.495351,-14.645498,-13.01278631883853,-12.24852540547074,-0.15698263
2021-01-19,5.265116279069768,0.4976744186046512,66.63917525773196,1009.7636363636362,4.389743589743592,0.3254564,0.0052459687,2.4590256,2.6415522,5.2888794,1.1360474,-9.588521,-7.3651943,-10.370925853722252,-5.564804475238181,-0.15698263
2021-01-20,8.42093023255814,3.2058139534883727,0.6597938144329897,1003.0151515151515,4.833333333333335,0.3254564,0.000658837,2.4548452,3.3876426,7.505615,2.5557556,-7.371785,-5.945486,-7.215111900233879,-2.8566649403544595,-0.15698263
2021-01-21,12.023255813953488,4.780232558139535,5.278350515463917,997.1181818181818,5.287179487179488,0.3254564,2.824339e-05,1.5119632,4.51271,11.442566,4.9985657,-3.4348345,-3.502676,-3.6127863188385305,-1.282246335703297,-0.15698263
2021-01-22,10.645348837209303,0.9313953488372092,8.072164948453608,992.4272727272728,4.643589743589744,0.3254564,0.00026629984,2.122681,2.9726505,9.985413,3.758545,-4.891988,-4.742697,-4.990693295582716,-5.131083545005623,-0.15698263
2021-01-23,3.2906976744186047,-0.9895348837209301,42.896907216494846,997.060606060606,1.88974358974359,0.3254564,0.002399097,0.7094136,-0.3694714,2.2589111,0.85095215,-12.618489,-7.6502895,-12.345344458373415,-7.052013777563762,-0.15698263
2021-01-24,1.717441860465116,-1.016279069767442,18.649484536082475,996.4424242424242,1.7256410256410255,0.3254564,0.0020542806,-0.82271194,0.10235062,2.5714722,-1.5571289,-12.305928,-10.058371,-13.918600272326902,-7.078757963610274,-0.15698263
2021-01-25,2.2500000000000004,-0.6069767441860465,1.5257731958762886,1002.1939393939394,2.6153846153846163,0.3254564,0.00034804255,2.327368,0.283591,2.4427185,-0.9967041,-12.434682,-9.497946,-13.386042132792019,-6.669455638028879,-0.15698263
2021-01-26,2.2011627906976745,-2.3220930232558143,1.2268041237113403,1010.8545454545454,3.256410256410257,0.3254564,9.170314e-05,2.6890879,-0.19495624,2.28833,-2.791626,-12.58907,-11.292868,-13.434879342094344,-8.384571917098647,-0.15698263
2021-01-27,4.0779069767441865,-1.3744186046511626,4.175257731958763,1013.2939393939396,3.028205128205128,0.3254564,5.279182e-05,1.566155,1.5688359,3.1627197,-0.6907654,-11.714681,-9.192007,-11.558135156047832,-7.436897498493995,-0.15698263
2021-01-28,3.3813953488372093,-2.3337209302325586,9.577319587628866,1004.7212121212123,3.074358974358975,0.3254564,0.0010462622,1.472331,-0.64356893,2.9842834,-0.085357666,-11.893117,-8.586599,-12.25464678395481,-8.39619982407539,-0.15698263
2021-01-29,0.7744186046511631,-3.0662790697674422,55.68041237113402,999.748484848485,2.4051282051282055,0.3254564,0.0005883042,-1.5168238,-0.008091437,-0.10733032,-3.9370117,-14.984731,-12.438253,-14.861623528140855,-9.128757963610274,-0.15698263
2021-01-30,1.0151162790697674,-6.45,1.1237113402061856,1001.54375,2.2025641025641027,0.3254564,0.0025938824,-0.07554097,-1.7805659,1.0162659,-3.0247803,-13.861135,-11.526022,-14.620925853722252,-12.512478893842832,-0.15698263
2021-01-31,-0.1988372093023256,-10.200000000000001,0.0,1005.9515151515152,2.028205128205129,0.3254564,0.00013206968,0.6476298,1.3035997,-1.6729126,-7.611511,-16.550312,-16.112753,-15.834879342094345,-16.262478893842832,-0.15698263
2021-02-01,0.6918604651162791,-10.16046511627907,1.2164948453608246,1000.4484848484847,2.9871794871794872,0.3254564,1.5492353e-05,-2.6434987,1.4678167,-0.28851318,-9.666718,-15.165914,-18.16796,-14.944181667675739,-16.222944010121903,-0.15698263
2021-02-02,2.705813953488372,-0.841860465116279,26.175257731958762,1002.030303030303,2.3256410256410263,0.3254564,0.00093098497,0.3824552,0.6803443,1.4857788,-0.9517822,-13.391622,-9.453024,-12.930228179303647,-6.9043393589591116,-0.15698263
2021-02-03,7.176744186046511,1.3337209302325583,104.56701030927834,999.4424242424244,3.0333333333333337,0.3254564,0.0031314052,-0.018985102,0.9575782,7.102661,0.90026855,-7.7747393,-7.600973,-8.459297946745508,-4.728757963610274,-0.15698263
2021-02-04,4.137209302325582,0.32093023255813957,9.216494845360824,1009.7212121212123,2.994871794871795,0.3254564,0.0015650769,-0.87426656,-0.850935,5.112976,0.19277954,-9.764424,-8.308462,-11.498832830466437,-5.741548661284693,-0.15698263
2021-02-05,1.313953488372093,-1.0127906976744185,10.77319587628866,1018.9181818181817,3.9743589743589745,0.3254564,0.00045471513,-3.544841,0.097150706,1.8747864,-0.6795044,-13.002614,-9.180746,-14.322088644419926,-7.075269591517251,-0.15698263
2021-02-06,-0.3697674418604652,-4.222093023255814,23.09278350515464,1019.1666666666666,5.4461538461538455,0.3254564,0.00022448732,-4.737901,-1.2229127,-0.3052063,-2.045929,-15.182607,-10.547171,-16.005809574652485,-10.284571917098646,-0.15698263
2021-02-07,-4.094186046511628,-7.466279069767442,32.25773195876289,1012.6969696969697,7.253846153846153,0.3254564,0.0023422393,-5.837458,-1.7850682,-4.1445312,-6.338379,-19.02193,-14.839621,-19.730228179303648,-13.528757963610275,-0.15698263
2021-02-08,-6.631395348837208,-12.029069767441861,29.8659793814433,1005.3363636363638,4.771794871794873,0.3254564,0.0027657524,-3.4427664,-2.4703987,-8.136597,-10.367554,-23.013996,-18.868795,-22.267437481629226,-18.091548661284694,-0.15698263
2021-02-09,-6.98953488372093,-12.801162790697676,1.1030927835051547,1006.4666666666667,1.6153846153846156,0.3254564,0.00048302044,-0.24756645,-0.848941,-6.808258,-12.361298,-21.685658,-20.86254,-22.62557701651295,-18.863641684540507,-0.15698263
2021-02-10,-4.486046511627908,-14.029069767441861,1.577319587628866,1011.3575757575759,1.658974358974359,0.3254564,7.8108846e-05,0.6857796,-1.0249134,-5.8309937,-15.391724,-20.708393,-23.892965,-20.122088644419925,-20.091548661284694,-0.15698263
2021-02-11,-2.162790697674419,-10.794186046511628,3.463917525773196,1025.4545454545455,2.4794871794871796,0.3254564,0.00011791291,0.4448825,-1.944595,-2.3953857,-13.753174,-17.272785,-22.254416,-17.798832830466438,-16.85666494035446,-0.15698263
2021-02-12,-2.2197674418604656,-12.719767441860466,0.18556701030927836,1035.1281250000002,2.2473684210526317,0.3254564,5.4148608e-05,0.087915,-2.4237037,-2.3485107,-12.718872,-17.22591,-21.220114,-17.855809574652483,-18.7822463357033,-0.15698263
2021-02-13,-1.7860465116279072,-13.911627906976745,0.010309278350515464,1040.41875,2.323684210526316,0.3254564,1.511311e-05,1.5630283,-1.3891937,-0.7780762,-11.878906,-15.655477,-20.380148,-17.422088644419926,-19.974106800819577,-0.15698263
2021-02-14,-2.818604651162791,-13.73139534883721,0.0,1042.0656250000002,2.2973684210526324,0.3254564,2.1718972e-06,1.7909199,0.46137384,-1.8206177,-13.626923,-16.698017,-22.128164,-18.45464678395481,-19.793874242680044,-0.15698263
2021-02-15,0.6906976744186047,-14.053488372093025,44.577319587628864,1033.834375,3.3947368421052637,0.3254564,0.0004798711,-0.88577574,2.8855445,0.05670166,-15.279602,-14.820699,-23.780844,-14.945344458373414,-20.115967265935858,-0.15698263
2021-02-16,3.8872093023255823,-1.5186046511627909,14.948453608247423,1019.1515151515151,2.6421052631578954,0.3254564,0.0011391531,0.5830546,1.7543689,2.550232,-1.7190857,-12.327168,-10.220327,-11.748832830466437,-7.581083545005623,-0.15698263
2021-02-17,6.836046511627908,1.724418604651163,8.505154639175258,1013.7666666666668,3.682051282051282,0.3254564,0.0006239876,3.0203114,0.98881656,6.1598206,1.992157,-8.71758,-6.5090847,-8.799995621164111,-4.338060289191669,-0.15698263
2021-02-18,10.36046511627907,2.3488372093023258,28.010309278350515,1017.6818181818181,2.9128205128205127,0.3254564,0.00010035994,-0.57802117,2.428911,9.851746,1.2522278,-5.025655,-7.249014,-5.275577016512949,-3.7136416845405065,-0.15698263
2021-02-19,9.424418604651164,0.03720930232558142,0.3917525773195876,1015.8848484848486,3.7871794871794875,0.3254564,0.002882213,2.5165937,1.5059742,8.773468,3.0977173,-6.1039324,-5.4035244,-6.211623528140855,-6.025269591517251,-0.15698263
2021-02-20,12.95232558139535,-0.33720930232558133,0.0,1019.69696969697,2.915384615384616,0.3254564,0.0001352267,-0.8191741,2.6052194,10.884705,-1.0093689,-3.9926958,-9.510611,-2.683716551396669,-6.399688196168413,-0.15698263
2021-02-21,15.891860465116277,2.372093023255814,0.0,1018.539393939394,3.1307692307692307,0.3254564,2.0742623e-07,-0.41912246,2.851598,13.92157,2.4187012,-0.9558306,-6.0825405,0.25581833232425844,-3.690385870587018,-0.15698263
2021-02-22,13.801162790697676,0.054651162790697684,0.0,1022.0121212121212,2.46923076923077,0.3254564,1.0467699e-06,-0.43597135,2.2225149,10.518585,0.085998535,-4.358815,-8.415243,-1.834879342094343,-6.007827731052134,-0.15698263
2021-02-23,17.75581395348837,2.8895348837209305,0.0,1030.1363636363637,2.5153846153846158,0.3254564,1.6038102e-07,1.532939,1.8030287,15.45282,0.40826416,0.5754194,-8.092978,2.119771820696352,-3.1729440101219017,-0.15698263
2021-02-24,18.986046511627908,5.981395348837211,0.0,1031.2878787878788,2.8102564102564105,0.3254564,2.48601e-07,1.5774285,2.0739348,17.598175,4.79657,2.7207747,-3.7046719,3.350004378835889,-0.08108354500562154,-0.15698263
2021-02-25,19.087209302325583,4.448837209302326,10.505154639175258,1026.909090909091,2.7128205128205134,0.3254564,3.551443e-08,1.6947485,1.5717412,17.141724,4.7269287,2.2643232,-3.774313,3.451167169533564,-1.6136416845405064,-0.15698263
2021-02-26,9.490697674418605,3.6569767441860463,14.618556701030927,1028.5545454545459,3.430769230769231,0.3254564,0.0028740102,2.2988951,-1.3976122,8.892395,6.401581,-5.9850054,-2.0996609,-6.145344458373414,-2.405502149656786,-0.15698263
2021-02-27,7.111627906976746,1.052325581395349,0.14432989690721648,1035.8484848484848,3.6538461538461537,0.3254564,0.00024942748,2.6104634,-1.2838084,7.190674,3.6911926,-7.6867266,-4.810049,-8.524414225815274,-5.010153312447484,-0.15698263
2021-02-28,6.254651162790699,-0.24069767441860468,0.09278350515463918,1036.9969696969697,2.7769230769230764,0.3254564,3.0492332e-05,2.0984561,-0.3080754,5.0188293,2.308075,-9.858571,-6.1931667,-9.38139097000132,-6.303176568261437,-0.15698263
2021-03-01,7.515116279069767,-0.7965116279069767,0.0,1036.0969696969698,1.81025641025641,0.4691744,8.948161e-05,1.0693806,0.4870139,6.9663086,2.6391602,-7.911092,-5.8620815,-8.120925853722252,-6.858990521749809,-0.013264626
2021-03-02,11.619767441860468,-2.436046511627907,0.0,1034.5848484848484,1.3076923076923075,0.4691744,4.5723486e-06,-0.51410186,-0.08379831,9.161682,-0.31817627,-5.7157183,-8.819418,-4.016274690931551,-8.498525405470739,-0.013264626
2021-03-03,14.13953488372093,-2.3232558139534887,0.0,1027.5939393939393,2.31578947368421,0.4691744,7.1867056e-08,0.9642306,0.95335007,12.377991,-1.1289978,-2.4994097,-9.6302395,-1.4965072490710885,-8.38573470779632,-0.013264626
2021-03-04,6.693023255813954,1.4976744186046513,4.247422680412371,1018.490909090909,3.320512820512821,0.4691744,0.00023706448,1.9815335,-1.4623518,4.9506226,2.5570374,-9.926778,-5.9442043,-8.943018876978066,-4.564804475238181,-0.013264626
2021-03-05,6.025581395348838,-3.5279069767441857,0.010309278350515464,1024.518181818182,2.878947368421053,0.4691744,0.00018032764,0.7258466,-2.1900396,5.173401,-1.6548462,-9.7039995,-10.156088,-9.61046073744318,-9.590385870587017,-0.013264626
2021-03-06,4.65,-4.289534883720931,0.05154639175257732,1030.8333333333333,3.4894736842105267,0.4691744,3.3546756e-05,3.1453564,0.36710334,3.300232,-3.1486511,-11.577168,-11.649893,-10.986042132792019,-10.352013777563762,-0.013264626
2021-03-07,4.556976744186046,0.7453488372093025,5.731958762886598,1022.4818181818182,4.800000000000001,0.4691744,9.285574e-05,4.0298605,-0.17559643,4.0006104,0.6661682,-10.87679,-7.8350735,-11.079065388605972,-5.3171300566335296,-0.013264626
2021-03-08,6.106976744186047,-3.9569767441860475,0.0,1021.8727272727274,2.1263157894736846,0.4691744,5.5209373e-05,-0.50921446,-1.4570503,5.079956,-3.232666,-9.797444,-11.733908,-9.529065388605972,-10.01945563802888,-0.013264626
2021-03-09,6.656976744186046,-4.53953488372093,0.010309278350515464,1020.9030303030304,1.8444444444444446,0.4691744,6.945183e-07,-1.5159851,0.8433978,5.1081543,-3.3793335,-9.769246,-11.880575,-8.979065388605973,-10.602013777563762,-0.013264626
2021-03-10,8.095348837209302,-4.534883720930233,11.1340206185567,1019.3545454545456,2.379487179487179,0.4691744,7.8422846e-07,-1.563409,1.4222175,6.554535,-3.9992676,-8.3228655,-12.500509,-7.540693295582717,-10.597362614773065,-0.013264626
2021-03-11,11.906976744186046,2.0476744186046516,68.54639175257732,1001.8757575757576,5.9051282051282055,0.4691744,0.003972996,2.031904,3.8993196,11.121307,1.8293762,-3.756093,-6.6718655,-3.7290653886059726,-4.014804475238181,-0.013264626
2021-03-12,10.156976744186048,4.075581395348837,7.247422680412371,1002.1393939393942,6.1000000000000005,0.4691744,0.0015446456,4.2843347,2.5782187,9.678223,4.2525635,-5.1991777,-4.248678,-5.479065388605971,-1.9868974984939953,-0.013264626
2021-03-13,9.99418604651163,3.6930232558139537,54.896907216494846,997.178787878788,6.030769230769231,0.4691744,0.0031600958,3.495755,3.9311018,8.340698,3.4742737,-6.536702,-5.026968,-5.64185608628039,-2.3694556380288785,-0.013264626
2021-03-14,8.206976744186045,2.997674418604652,22.288659793814432,1000.8424242424244,6.210256410256411,0.4691744,0.0028246222,4.8201184,1.2107081,7.838135,3.6620483,-7.0392656,-4.8391933,-7.429065388605974,-3.0648044752381804,-0.013264626
2021-03-15,7.851162790697675,2.2848837209302326,46.329896907216494,1006.6090909090908,4.225641025641026,0.4691744,0.0016154839,3.1599462,0.70162123,6.4817505,1.2376099,-8.39565,-7.263632,-7.784879342094344,-3.7775951729125996,-0.013264626
2021-03-16,7.270930232558141,0.08488372093023257,6.639175257731959,1015.2424242424242,4.215384615384615,0.4691744,0.0013792962,2.2863126,-2.8271904,6.4933777,2.100891,-8.384023,-6.4003506,-8.365111900233877,-5.9775951729126,-0.013264626
2021-03-17,6.662790697674419,-1.4988372093023257,12.670103092783505,1021.6636363636364,2.423076923076924,0.4691744,0.00063963287,-0.15099034,-2.200468,5.7960815,0.63345337,-9.081319,-7.8677883,-8.9732514351176,-7.561316103145158,-0.013264626
2021-03-18,6.359302325581396,-2.3313953488372094,18.123711340206185,1021.9515151515152,2.1076923076923078,0.4691744,0.0011649218,0.985459,-0.91649216,6.8122864,-2.2808838,-8.065114,-10.782125,-9.276739807210623,-8.393874242680042,-0.013264626
2021-03-19,4.384883720930233,-3.2930232558139534,6.237113402061856,1022.0363636363636,3.643589743589744,0.4691744,0.000826596,-1.0800152,-3.1264613,4.7109985,-3.3936462,-10.166402,-11.894888,-11.251158411861786,-9.355502149656786,-0.013264626
2021-03-20,3.6348837209302327,-3.6627906976744184,3.2989690721649483,1026.6727272727271,3.579487179487179,0.4691744,6.9562295e-05,2.2782056,-0.20966585,2.7849731,-3.7358704,-12.092427,-12.237112,-12.001158411861786,-9.72526959151725,-0.013264626
2021-03-21,9.236046511627906,0.880232558139535,8.443298969072165,1014.2515151515153,5.1512820512820525,0.4691744,0.0017812857,3.2096264,-1.7364281,8.207306,1.8363342,-6.6700945,-6.6649075,-6.399995621164113,-5.182246335703297,-0.013264626
2021-03-22,9.990697674418605,-0.7151162790697675,2.5670103092783507,1019.1030303030303,3.048717948717949,0.4691744,0.00011404727,1.7301369,-1.4736401,8.923523,-1.3683472,-5.9538774,-9.869589,-5.645344458373414,-6.7775951729126,-0.013264626
2021-03-23,7.358139534883722,3.723255813953489,0.6494845360824743,1023.1575757575756,3.2051282051282053,0.4691744,0.0005109589,2.3393755,-0.5932757,7.329529,3.8717957,-7.5478716,-4.629446,-8.277902597908298,-2.339223079889343,-0.013264626
2021-03-24,12.626744186046512,2.4709302325581395,0.0,1022.9878787878789,2.4641025641025647,0.4691744,0.00011395331,1.4369602,0.93835783,11.891449,3.173645,-2.9859514,-5.3275967,-3.009297946745507,-3.5915486612846927,-0.013264626
2021-03-25,15.241860465116279,0.4616279069767442,2.2371134020618557,1019.739393939394,1.8615384615384614,0.4691744,2.0187274e-05,1.099153,0.5031329,13.957245,1.8959656,-0.9201555,-6.605276,-0.39418166767574014,-5.600850986866088,-0.013264626
2021-03-26,15.94418604651163,3.653488372093023,0.845360824742268,1018.9969696969697,2.0307692307692307,0.4691744,0.00025051742,0.3342402,1.5118957,14.208893,3.197815,-0.6685076,-5.3034267,0.30814391371961136,-2.4089905217498093,-0.013264626
2021-03-27,11.338372093023256,2.0348837209302326,27.22680412371134,1016.209090909091,4.876923076923078,0.4691744,0.0025463568,3.1499274,1.8794464,10.779755,5.6247864,-4.0976458,-2.8764553,-4.297670039768763,-4.0275951729126,-0.013264626
2021-03-28,12.243023255813954,0.6616279069767442,3.154639175257732,1026.6303030303031,4.202564102564103,0.4691744,0.0002703766,2.6842024,2.1946774,11.61911,1.8500977,-3.2582903,-6.651144,-3.393018876978065,-5.400850986866088,-0.013264626
2021-03-29,19.206976744186047,8.395348837209303,0.6804123711340206,1026.6878787878788,4.16153846153846,0.4691744,0.00076233695,2.6172578,1.5074463,17.155731,7.5629883,2.2783308,-0.9382534,3.570934611394028,2.332869943366471,-0.013264626
2021-03-30,21.726744186046513,5.486046511627907,0.0,1029.4575757575758,2.5051282051282047,0.4691744,4.8270518e-05,2.344697,0.34317887,19.137543,7.434601,4.2601423,-1.0666409,6.090702053254494,-0.5764323822149251,-0.013264626
2021-03-31,23.49418604651163,3.7465116279069766,0.020618556701030927,1023.6848484848487,1.738461538461538,0.4691744,6.752755e-07,0.79582256,1.3800234,21.139984,5.9069214,6.2625837,-2.5943203,7.85814391371961,-2.3159672659358557,-0.013264626
2021-04-01,17.561627906976746,4.598837209302325,1.2577319587628866,1017.178787878788,3.3487179487179493,0.4691744,0.00060697424,1.8272291,-2.0717585,17.160767,7.8808594,2.2833662,-0.6203823,1.9255857741847269,-1.463641684540507,-0.013264626
2021-04-02,11.382558139534884,1.308139534883721,4.65979381443299,1020.0515151515153,4.071794871794872,0.4691744,9.660345e-05,1.9859667,-1.9361382,11.303284,2.2345276,-3.5741167,-6.266714,-4.253483993257134,-4.754339358959111,-0.013264626
2021-04-03,9.738372093023257,-1.4593023255813953,0.14432989690721648,1021.1666666666666,4.087179487179489,0.4691744,0.00035991883,0.8021893,-3.2370987,7.6886597,3.060669,-7.1887407,-5.4405727,-5.897670039768762,-7.521781219424227,-0.013264626
2021-04-04,10.56279069767442,-3.322093023255814,0.422680412371134,1020.7515151515153,3.6179487179487184,0.4691744,2.7761513e-05,2.6574237,0.9393773,8.654358,0.03427124,-6.2230425,-8.46697,-5.0732514351176,-9.384571917098647,-0.013264626
2021-04-05,6.718604651162791,-0.46860465116279076,36.81443298969072,1002.2848484848483,6.358974358974359,0.4691744,0.00211035,5.0208464,0.6080799,5.7258606,2.5014038,-9.15154,-5.999838,-8.917437481629229,-6.531083545005623,-0.013264626
2021-04-06,6.417441860465116,-1.686046511627907,10.958762886597938,1004.790909090909,5.253846153846154,0.4691744,0.0009788569,4.449438,0.7738618,6.28479,-0.3670044,-8.59261,-8.868246,-9.218600272326903,-7.7485254054707395,-0.013264626
2021-04-07,6.311627906976745,0.16046511627906979,15.556701030927835,1008.4575757575757,5.707692307692307,0.4691744,0.00046555363,4.701399,0.35623804,6.7039185,0.2237854,-8.173482,-8.277456,-9.324414225815275,-5.902013777563763,-0.013264626
2021-04-08,7.430232558139535,1.208139534883721,0.8969072164948454,1018.0060606060607,5.635897435897437,0.4691744,0.00039188002,4.413961,-0.0054384875,7.6911316,1.4210205,-7.186269,-7.080221,-8.205809574652484,-4.854339358959111,-0.013264626
2021-04-09,13.380232558139532,0.7697674418604652,13.77319587628866,1015.1969696969697,4.528205128205128,0.4691744,2.4610717e-05,2.559924,2.673275,12.304565,1.9243774,-2.572835,-6.5768642,-2.2558095746524867,-5.292711451982367,-0.013264626
2021-04-10,9.424418604651162,3.166279069767442,37.103092783505154,1015.0121212121211,2.0538461538461545,0.4691744,0.0020457779,-1.0818672,-0.87720805,8.920532,4.1879883,-5.956868,-4.3132534,-6.211623528140857,-2.8961998240753903,-0.013264626
2021-04-11,19.65232558139535,3.730232558139535,31.298969072164947,1010.7090909090912,4.046153846153847,0.4691744,0.002092816,0.26413706,1.0676562,18.64685,6.235077,3.7694502,-2.2661648,4.01628344860333,-2.332246335703297,-0.013264626
2021-04-12,8.432558139534883,0.8279069767441861,6.969072164948454,1021.5030303030305,3.6794871794871793,0.4691744,0.0024406128,2.7484405,-1.2358497,7.605011,3.1968994,-7.2723894,-5.3043423,-7.2034839932571355,-5.234571917098646,-0.013264626
2021-04-13,9.540697674418604,-0.8500000000000001,1.6082474226804124,1027.7969696969699,3.530769230769231,0.4691744,0.00050113903,2.9407146,-1.0208036,9.242584,1.5451355,-5.634816,-6.956106,-6.095344458373415,-6.912478893842833,-0.013264626
2021-04-14,8.803488372093023,-0.5639534883720931,0.5773195876288659,1027.590909090909,3.2,0.4691744,0.0006626513,1.1874362,-2.2582104,8.320953,1.4446716,-6.556447,-7.05657,-6.832553760698996,-6.626432382214926,-0.013264626
2021-04-15,7.734883720930233,-0.5674418604651164,7.917525773195877,1027.6727272727273,4.153846153846154,0.4691744,0.0004449404,0.07727263,-3.6644363,6.748932,0.25195312,-8.1284685,-8.249289,-7.901158411861786,-6.629920754307949,-0.013264626
2021-04-16,10.706976744186047,2.840697674418605,1.5876288659793814,1024.7757575757578,4.179487179487181,0.4691744,0.00025743924,0.16564392,-3.7317884,10.422058,2.7666626,-4.4553423,-5.734579,-4.929065388605972,-3.2217812194242272,-0.013264626
2021-04-17,12.609302325581396,4.16046511627907,7.917525773195877,1021.9272727272729,2.9205128205128204,0.4691744,0.00095038256,0.1622094,-1.9496044,11.74231,3.7811584,-3.1350908,-4.720083,-3.026739807210623,-1.902013777563762,-0.013264626
2021-04-18,11.53372093023256,3.7534883720930226,46.597938144329895,1020.7818181818183,2.212820512820513,0.4691744,0.0026274147,-1.0909015,-1.468285,12.754211,6.1747437,-2.123189,-2.326498,-4.102321202559459,-2.3089905217498097,-0.013264626
2021-04-19,15.561627906976746,3.1348837209302327,4.969072164948454,1020.1545454545454,2.37948717948718,0.4691744,0.0023478556,-0.0009780427,-1.7178669,16.06424,4.472107,1.1868391,-4.0291348,-0.07441422581527313,-2.9275951729125995,-0.013264626
2021-04-20,17.703488372093023,3.298837209302326,2.288659793814433,1016.0848484848485,2.138461538461539,0.4691744,0.00022374623,0.30559328,-1.4733543,15.782349,5.3410645,0.90494823,-3.1601772,2.0674462393010042,-2.7636416845405063,-0.013264626
2021-04-21,17.25232558139535,2.498837209302326,0.07216494845360824,1013.8393939393941,3.710256410256411,0.4691744,1.9107454e-05,2.681619,-1.5424123,15.344177,4.51593,0.46677685,-3.9853115,1.6162834486033315,-3.563641684540506,-0.013264626
2021-04-22,11.431395348837212,3.255813953488372,2.5051546391752577,1018.5250000000001,5.597368421052631,0.4691744,0.00036718114,4.4318714,-1.7827158,10.504913,4.359741,-4.372487,-4.1415005,-4.204646783954807,-2.80666494035446,-0.013264626
2021-04-23,13.31046511627907,3.0569767441860467,0.0,1024.125,4.51025641025641,0.4691744,0.00011657525,2.9993868,-1.7338079,11.469421,4.8516846,-3.407979,-3.649557,-2.3255770165129483,-3.0055021496567855,-0.013264626
2021-04-24,12.001162790697673,0.8790697674418606,0.0,1024.6878787878788,3.0256410256410255,0.4691744,1.4773431e-05,1.7978497,-1.5785452,10.216309,3.9977112,-4.661092,-4.5035305,-3.6348793420943455,-5.183409126400972,-0.013264626
2021-04-25,10.88720930232558,-1.1534883720930234,0.26804123711340205,1023.9212121212122,2.864102564102564,0.4691744,0.00031902603,0.7298917,-2.245649,9.653931,4.298584,-5.2234697,-4.2026577,-4.748832830466439,-7.215967265935856,-0.013264626
2021-04-26,10.23139534883721,-3.1313953488372093,0.1134020618556701,1021.6545454545454,2.2025641025641027,0.4691744,0.00010481762,0.025150934,-1.5568255,8.619263,0.100097656,-6.2581377,-8.401144,-5.404646783954808,-9.193874242680042,-0.013264626
2021-04-27,13.055813953488371,-2.883720930232558,0.0,1015.990909090909,2.9153846153846152,0.4691744,8.307142e-06,-2.449571,0.07052188,11.389526,0.16375732,-3.487874,-8.337484,-2.5802281793036475,-8.94619982407539,-0.013264626
2021-04-28,17.81046511627907,1.3930232558139535,9.97938144329897,1009.078787878788,3.1641025641025644,0.4691744,1.2656087e-06,-2.679167,0.28333464,15.739868,3.7514343,0.86246777,-4.7498074,2.17442298348705,-4.669455638028879,-0.013264626
2021-04-29,16.304651162790698,6.917441860465117,33.83505154639175,1002.9030303030304,3.3205128205128207,0.4691744,0.0054955003,0.9467471,1.4429231,15.143005,8.182495,0.26560497,-0.31874657,0.6686090299986791,0.8549629666222849,-0.013264626
2021-04-30,10.263953488372094,5.374418604651163,0.5360824742268041,1010.5727272727273,3.5128205128205128,0.4691744,0.00064336666,1.7171673,-0.96556646,10.477814,7.579651,-4.3995867,-0.9215908,-5.372088644419925,-0.688060289191669,-0.013264626
2021-05-01,13.215116279069768,4.640697674418606,16.47422680412371,1013.9272727272729,1.9871794871794872,0.4691744,0.00023669482,-0.9646638,-0.47528136,12.117493,,-2.7599077,,-2.4209258537222507,-1.4217812194242265,-0.013264626
2021-05-02,10.88953488372093,5.016279069767442,80.71134020618557,1011.8696969696971,2.853846153846154,0.4691744,0.003993666,1.7259303,-1.2783254,11.228302,,-3.6490984,,-4.7465072490710885,-1.0461998240753898,-0.013264626
2021-05-03,11.826744186046511,3.090697674418604,4.061855670103093,1016.9666666666667,4.287179487179487,0.4691744,0.0014404355,3.8454273,0.46161258,11.602844,,-3.2745562,,-3.8092979467455077,-2.971781219424228,-0.013264626
2021-05-04,14.796511627906977,4.47093023255814,13.639175257731958,1003.1727272727275,5.94871794871795,0.4691744,0.0005572488,2.5522861,4.5145836,13.65863,,-1.21877,,-0.8395305048850421,-1.5915486612846923,-0.013264626
2021-05-05,12.820481927710844,5.0843373493975905,10.288659793814434,999.0515151515151,7.146153846153847,0.4691744,0.0009870549,5.518679,2.832594,11.905884,,-2.9715166,,-2.8155602050811748,-0.9781415444452417,-0.013264626
2021-05-06,12.195180722891568,2.9096385542168677,18.34020618556701,1005.734375,4.6743589743589755,0.4691744,0.00068861357,3.2283661,1.5458444,11.3974,,-3.4800005,,-3.4408614099004513,-3.1528403396259645,-0.013264626
2021-05-07,10.144578313253012,1.9361445783132532,47.41237113402062,1008.88125,3.264102564102564,0.4691744,0.0031347228,2.3859494,-0.60646456,10.597046,,-4.2803545,,-5.491463819539007,-4.126334315529579,-0.013264626
2021-05-08,14.990361445783137,1.783132530120482,0.32989690721649484,1017.196875,3.1102564102564108,0.4691744,0.00071899174,1.5707703,1.0690657,13.3081665,,-1.5692339,,-0.6456806870088823,-4.27934636372235,-0.013264626
2021-05-09,26.398795180722896,9.127710843373496,0.0,1010.084375,4.1692307692307695,0.4691744,3.3794902e-05,-0.5615682,3.467864,23.490356,,8.612956,,10.762753047930877,3.0652319495306637,-0.013264626
2021-05-10,29.09036144578313,12.537349397590363,0.4329896907216495,1006.8125,3.643589743589744,0.4691744,3.3807962e-07,-0.6060543,1.3507608,26.712341,,11.834941,,13.454319312991112,6.474870503747531,-0.013264626
2021-05-11,26.322891566265064,12.706024096385544,53.04123711340206,1005.7687500000001,3.2666666666666666,0.4691744,0.00018321513,-0.5255746,-0.30521542,25.890625,,11.013225,,10.686849433473045,6.643545202542712,-0.013264626
2021-05-12,15.45421686746988,11.689156626506024,86.65979381443299,1007.2249999999999,3.407692307692308,0.4691744,0.0023661142,2.3477423,-1.667686,14.714172,,-0.16322803,,-0.18182526532213927,5.626677732663192,-0.013264626
2021-05-13,12.60120481927711,10.413253012048193,84.02061855670104,1005.2593750000001,3.607692307692308,0.4691744,0.003939683,2.337468,-2.0602825,12.391357,,-2.486043,,-3.0348373135149096,4.3507741182053605,-0.013264626
2021-05-14,13.419277108433734,7.300000000000001,14.68041237113402,1005.0875,3.4846153846153847,0.4691744,0.0005770167,2.906298,-0.2835821,11.702759,,-3.1746416,,-2.216765024358285,1.2375211061571685,-0.013264626
2021-05-15,18.457831325301203,5.644578313253012,26.79381443298969,1006.103125,2.7487179487179487,0.4691744,0.00047538956,0.62636036,2.225692,17.654663,,2.7772627,,2.8217891925091845,-0.41790058058982016,-0.013264626
2021-05-16,17.828915662650605,7.654216867469881,17.443298969072163,1002.559375,2.8307692307692305,0.4691744,0.0010839478,1.1807009,2.0428264,16.818542,,1.9411421,,2.192873529858586,1.5917379736270485,-0.013264626
2021-05-17,18.7609756097561,7.200000000000001,11.427083333333334,1002.9343749999999,2.5666666666666673,0.4691744,0.0014074715,1.6515818,1.2468644,17.029114,,2.1517134,,3.1249334769640793,1.1375211061571688,-0.013264626
2021-05-18,16.123170731707315,7.408536585365853,13.59375,1009.3806451612903,3.026315789473684,0.4691744,0.0008270895,2.5167468,-0.55113155,15.756775,,0.8793745,,0.48712859891529625,1.3460576915230211,-0.013264626
2021-05-19,16.86829268292683,6.413414634146343,8.239583333333334,1014.0354838709677,2.736842105263158,0.4691744,0.0005300072,2.092352,-0.96386194,15.36145,,0.4840498,,1.2322505501348093,0.3509357403035107,-0.013264626
2021-05-20,17.334146341463416,7.798780487804878,1.8333333333333333,1017.2290322580646,3.1105263157894742,0.4691744,0.00039535176,2.4568844,-0.17551862,15.276611,,0.39921093,,1.6981042086713973,1.7363015939620459,-0.013264626
2021-05-21,20.39878048780488,8.720731707317073,9.8125,1007.1483870967743,4.321052631578948,0.4691744,0.0005069472,2.2758071,2.836511,18.640778,,3.7633772,,4.762738355012862,2.658252813474241,-0.013264626
2021-05-22,16.9609756097561,8.317073170731707,12.0625,1004.2870967741936,4.676315789473684,0.4691744,0.002131707,3.1283948,3.0488977,16.28241,,1.4050093,,1.3249334769640821,2.2545942768888745,-0.013264626
2021-05-23,16.889024390243904,7.257317073170733,9.78125,1011.7645161290322,3.776315789473685,0.4691744,0.0017062585,2.532575,1.454915,16.20282,,1.3254194,,1.252982257451885,1.1948381793279008,-0.013264626
2021-05-24,21.287951807228918,6.112048192771085,4.556701030927835,1014.4290322580646,3.5868421052631576,0.4691744,0.00017279874,-1.2081919,2.879696,20.348755,,5.4713545,,5.651909674436899,0.04956929892825279,-0.013264626
2021-05-25,16.113253012048194,8.571084337349399,29.082474226804123,1011.046875,4.163157894736844,0.4691744,0.0021239074,3.163292,2.4361572,15.123657,,0.24625683,,0.4772108792561749,2.508605443506567,-0.013264626
2021-05-26,15.689156626506024,8.143373493975904,32.20618556701031,1011.0562500000001,4.266666666666667,0.4691744,0.0016874416,2.452637,2.950755,15.968079,,1.0906782,,0.05311449371400556,2.080894600133072,-0.013264626
2021-05-27,15.263855421686747,7.9,41.68041237113402,1012.2687500000002,4.087179487179488,0.4691744,0.0032731267,3.2122462,2.0415707,15.550537,,0.6731367,,-0.3721867111052717,1.8375211061571681,-0.013264626
2021-05-28,16.466265060240968,7.380722891566266,16.536082474226806,1019.9843750000001,3.0153846153846158,0.4691744,0.0008646278,1.8068285,-1.7926846,15.69635,,0.8189497,,0.8302229274489488,1.3182439977234335,-0.013264626
2021-05-29,17.13975903614458,6.068674698795181,1.175257731958763,1023.64375,3.6871794871794883,0.4691744,0.0004047528,1.7505814,-2.5711818,16.631714,,1.7543135,,1.5037169033525597,0.006195804952349171,-0.013264626
2021-05-30,19.700000000000003,5.887951807228916,0.0,1026.315625,2.9692307692307693,0.4691744,4.2472475e-05,-1.0723815,-2.700309,17.746521,,2.8691206,,4.063957867207984,-0.17452708661391636,-0.013264626
2021-05-31,21.60240963855422,4.4867469879518085,0.0,1023.7843750000001,1.9230769230769231,0.4691744,3.5514432e-08,-0.95903224,-1.401647,19.424133,,4.546733,,5.966367505762202,-1.5757319058910237,-0.013264626
2021-06-01,23.504819277108435,7.598795180722892,2.134020618556701,1018.91875,2.6153846153846154,0.5367288,0.00010690206,0.78278035,-1.8226074,22.171265,12.718506,7.2938643,4.217264,7.868777144316416,1.5363162868800595,0.05428976
2021-06-02,24.837349397590362,10.44698795180723,3.154639175257732,1019.41875,3.0538461538461537,0.5367288,0.0004150093,-2.5410411,0.12678188,23.060455,12.062988,8.183055,3.5617466,9.201307264798343,4.384509057964398,0.05428976
2021-06-03,26.521686746987953,11.620481927710843,1.4742268041237114,1022.6562500000002,3.2128205128205134,0.5367288,2.5940904e-05,-2.9665937,1.3981785,24.708069,15.063782,9.830668,6.56254,10.885644614195934,5.558003033868011,0.05428976
2021-06-04,25.171084337349402,14.119277108433735,3.185567010309278,1021.50625,2.5641025641025643,0.5367288,0.0008724788,-2.7514992,0.67848116,23.230255,15.987213,8.352855,7.4859715,9.535042204557383,8.056798214590902,0.05428976
2021-06-05,27.612048192771088,12.540963855421689,33.329896907216494,1019.28125,2.5025641025641026,0.5367288,5.463342e-05,-2.8082435,-0.48999786,26.186218,15.591858,11.308818,7.090616,11.976006059979069,6.4784849615788564,0.05428976
2021-06-06,26.9,13.281927710843375,0.5051546391752577,1019.4875000000002,2.3000000000000003,0.5367288,1.243296e-05,-1.0111288,-0.2933595,25.68872,18.010254,10.81132,9.509012,11.26395786720798,7.219448817000543,0.05428976
2021-06-07,26.53373493975904,12.177108433734942,0.0,1020.5312500000001,2.3717948717948714,0.5367288,1.1185184e-06,0.31359482,-1.9798722,25.23944,16.058105,10.3620405,7.556864,10.89769280696702,6.1146295398921096,0.05428976
2021-06-08,26.516867469879518,12.626506024096388,3.5876288659793816,1021.121875,2.507692307692308,0.5367288,0.00010185298,-0.114364415,-2.196491,25.2529,15.17218,10.375499,6.6709385,10.880825337087499,6.564027130253556,0.05428976
2021-06-09,26.850602409638558,12.042168674698797,0.32989690721649484,1021.0375,1.7410256410256413,0.5367288,2.4399016e-05,-0.46056986,-1.1292361,25.528198,16.125397,10.650798,7.624155,11.214560276846539,5.979689780855964,0.05428976
2021-06-10,27.134939759036143,13.421686746987952,8.762886597938145,1019.08125,2.197435897435897,0.5367288,2.9179959e-05,0.56052315,-1.6397038,26.11731,17.561523,11.239909,9.060282,11.498897626244124,7.3592078531451195,0.05428976
2021-06-11,27.481927710843372,14.628915662650606,1.2371134020618557,1017.234375,2.0974358974358975,0.5367288,8.796497e-06,0.9396019,-0.94685835,26.009583,17.133118,11.132182,8.631876,11.845885578051353,8.566436768807772,0.05428976
2021-06-12,22.344578313253013,12.76867469879518,28.195876288659793,1014.8062500000001,4.018421052631578,0.5367288,0.00086722727,3.855753,-1.8640703,20.950714,18.014648,6.0733137,9.513407,6.708536180460994,6.7061958049523485,0.05428976
2021-06-13,19.907228915662653,9.68433734939759,0.0,1022.9875000000002,4.253846153846154,0.5367288,0.00044643634,3.2563143,-2.9096043,19.100372,13.828796,4.222972,5.3275547,4.271186782870634,3.621858455554757,0.05428976
2021-06-14,26.6566265060241,8.014457831325302,0.0,1021.8562500000002,1.8974358974358974,0.5367288,2.516208e-05,1.5774344,0.6113849,25.571228,11.976196,10.693828,3.4749546,11.020584373232081,1.9519789374824699,0.05428976
2021-06-15,24.60963855421687,11.914457831325302,0.10309278350515463,1018.5,2.4,0.5367288,0.0005846908,0.34948495,-1.3079234,23.957397,16.602936,9.079997,8.101694,8.97359642142485,5.85197893748247,0.05428976
2021-06-16,28.13373493975904,10.86144578313253,0.0,1018.3,2.38974358974359,0.5367288,5.5200788e-05,-2.2505696,0.004906058,27.31482,15.069977,12.437419,6.568735,12.497692806967022,4.798966889289697,0.05428976
2021-06-17,33.265060240963855,16.328915662650605,0.0,1015.3375,3.1666666666666665,0.5367288,1.2503834e-06,-2.099258,2.3158863,32.70685,19.976074,17.829449,11.474833,17.629018108171834,10.266436768807772,0.05428976
2021-06-18,34.209638554216866,17.633734939759037,0.0,1014.225,3.197297297297298,0.5367288,8.928279e-08,-1.5303446,3.0296218,33.398132,23.257965,18.520733,14.756723,18.573596421424845,11.571256045916204,0.05428976
2021-06-19,34.96265060240963,18.632530120481928,4.721649484536083,1012.740625,2.3432432432432435,0.5367288,0.00024249632,0.047301184,0.40498605,33.750427,23.408264,18.873028,14.907022,19.32660846961761,12.570051226639094,0.05428976
2021-06-20,33.463855421686745,19.660240963855422,55.69072164948454,1008.84375,3.1081081081081083,0.5367288,0.00022155815,0.38218585,1.4889545,32.35553,22.83722,17.47813,14.335978,17.827813288894724,13.597762070012589,0.05428976
2021-06-21,30.308433734939758,18.47951807228916,4.969072164948454,1006.0375,3.1794871794871797,0.5367288,0.00039314013,0.76248974,0.009800685,30.852112,22.705475,15.974711,14.204233,14.672391602147739,12.417039178446327,0.05428976
2021-06-22,21.30361445783133,13.45421686746988,3.185567010309278,1012.84375,3.002631578947369,0.5367288,0.0017324435,1.3387194,-2.0689132,21.106354,18.963043,6.2289534,10.461802,5.667572325039311,7.391737973627047,0.05428976
2021-06-23,21.197590361445783,12.034939759036146,14.649484536082474,1019.478125,1.941025641025641,0.5367288,0.0008244083,0.40050468,-1.2349851,22.322601,16.508698,7.445201,8.007456,5.5615482286537645,5.972460865193313,0.05428976
2021-06-24,20.598795180722895,13.112048192771084,17.24742268041237,1018.6562500000001,1.7564102564102564,0.5367288,0.0031643845,-0.4195656,-1.9573358,20.391205,16.42456,5.5138044,7.923319,4.962753047930876,7.049569298928252,0.05428976
2021-06-25,23.591566265060244,14.03012048192771,6.824742268041237,1017.259375,1.8384615384615386,0.5367288,0.00028822233,1.4548067,-0.8424568,22.31543,14.476471,7.4380293,5.9752293,7.955524132268225,7.967641588084878,0.05428976
2021-06-26,25.919277108433732,12.654216867469879,2.0103092783505154,1018.68125,1.7864864864864862,0.5367288,0.00019364741,0.0027855758,-1.3589263,24.268677,16.904541,9.391276,8.403299,10.283234975641713,6.591737973627047,0.05428976
2021-06-27,27.460240963855426,11.836144578313254,0.0,1017.6500000000001,1.6594594594594594,0.5367288,3.7586888e-05,-0.6277917,-1.0765643,25.378326,15.366119,10.500926,6.8648777,11.824198831063407,5.773665684470422,0.05428976
2021-06-28,31.042168674698797,14.097590361445786,1.268041237113402,1015.4281250000001,1.8666666666666667,0.5367288,3.470978e-06,-1.3153852,0.84322184,29.752716,17.806793,14.875316,9.305552,15.406126541906778,8.035111467602952,0.05428976
2021-06-29,28.3277108433735,17.162650602409638,105.79381443298969,1011.0281250000002,2.2025641025641027,0.5367288,0.00026138258,-0.7759855,1.0149313,28.035492,20.720459,13.158092,12.219217,12.69166871058148,11.100171708566805,0.05428976
2021-06-30,20.427710843373493,16.004819277108435,394.08247422680415,1007.325,3.441025641025641,0.5367288,0.02221145,2.8438606,0.307886,19.678345,17.542542,4.8009443,9.0413,4.791668710581474,9.942340383265602,0.05428976
2021-07-01,17.848192771084335,14.436144578313254,46.55670103092783,1009.5218750000001,4.0769230769230775,0.5367288,0.016488558,3.4374702,1.3389899,16.335632,14.994629,1.4582319,6.493387,2.212150638292316,8.37366568447042,0.05428976
2021-07-02,23.87831325301205,14.3144578313253,0.8762886597938144,1014.3,3.3256410256410263,0.5367288,0.0014327365,3.0184124,-0.46246448,22.356476,15.24585,7.4790754,6.744608,8.24227112022003,8.251978937482466,0.05428976
2021-07-03,24.514457831325302,13.243373493975904,0.0,1015.1437500000001,2.5153846153846153,0.5367288,0.00026351283,1.5825491,-0.45514163,22.587952,15.582672,7.7105513,7.0814304,8.878415698533283,7.180894600133072,0.05428976
2021-07-04,27.287951807228918,13.76024096385542,1.577319587628866,1011.115625,1.6820512820512823,0.5367288,1.825295e-05,-0.9970927,0.007447774,25.5372,15.783203,10.659801,7.2819614,11.651909674436899,7.697762070012588,0.05428976
2021-07-05,25.025301204819282,15.319277108433734,22.288659793814432,1009.3218750000001,2.464102564102564,0.5367288,0.0011253223,0.9787194,1.0882117,22.95575,17.42456,8.078349,8.923319,9.389259072027263,9.256798214590901,0.05428976
2021-07-06,29.583132530120487,15.040963855421689,44.422680412371136,1009.9,3.0666666666666673,0.5367288,0.00014389413,0.3661681,2.4886854,28.422424,16.785217,13.545024,8.283976,13.947090397328468,8.978484961578857,0.05428976
2021-07-07,23.26265060240964,15.560240963855422,26.20618556701031,1016.903125,2.056410256410256,0.5367288,0.016305963,0.091119975,0.82102895,22.516357,18.443756,7.638957,9.942514,7.62660846961762,9.497762070012591,0.05428976
2021-07-08,21.91084337349398,14.289156626506024,43.5360824742268,1020.75,2.035897435897436,0.5367288,0.0029551846,-1.323679,-0.8382012,21.630005,17.30542,6.7526045,8.804178,6.27480124070196,8.226677732663191,0.05428976
2021-07-09,21.397590361445783,14.58674698795181,211.06185567010309,1016.19375,3.3282051282051284,0.5367288,0.011095165,0.51610774,-2.3813965,20.370056,17.906982,5.4926558,9.405741,5.761548228653764,8.52426809410898,0.05428976
2021-07-10,24.922891566265065,14.342168674698796,1.2371134020618557,1016.2500000000001,3.4666666666666663,0.5367288,0.002564718,2.6239433,0.6345444,23.505157,15.1015625,8.627757,6.600321,9.286849433473046,8.279689780855964,0.05428976
2021-07-11,27.81566265060241,14.330120481927713,24.216494845360824,1016.4875000000001,2.675675675675676,0.5367288,6.6936635e-05,-2.6891124,0.10082518,25.476593,17.015442,10.599193,8.5142,12.17962051781039,8.267641588084881,0.05428976
2021-07-12,26.865060240963857,16.113253012048194,4.360824742268041,1013.3500000000001,2.1945945945945944,0.5367288,0.00041263318,-1.9349986,0.17208557,24.87259,19.317871,9.995189,10.816629,11.229018108171838,10.05077411820536,0.05428976
2021-07-13,29.543373493975903,15.399999999999999,54.78350515463917,1009.296875,2.5282051282051285,0.5367288,4.2010914e-05,-2.4152162,-0.12357489,28.130981,18.499573,13.253581,9.998331,13.907331361183884,9.337521106157165,0.05428976
2021-07-14,25.613253012048194,16.687951807228917,16.916666666666668,1008.7624999999999,2.6512820512820516,0.5367288,0.0068908,-0.16019504,1.246367,24.028442,20.464172,9.151042,11.962931,9.977210879256175,10.625472913386083,0.05428976
2021-07-15,27.431325301204822,15.640963855421687,16.237113402061855,1011.803125,1.8864864864864868,0.5367288,0.0007692717,1.0809691,-0.7449489,25.426208,18.444397,10.548808,9.943155,11.795283168412803,9.578484961578855,0.05428976
2021-07-16,28.295180722891565,16.70240963855422,51.5360824742268,1016.0999999999999,2.5000000000000004,0.5367288,0.00036197735,1.3635176,-1.3923554,27.231537,18.575104,12.354136,10.073862,12.659138590099547,10.639930744711386,0.05428976
2021-07-17,27.96265060240964,17.936144578313254,23.309278350515463,1018.271875,3.3470588235294123,0.5367288,0.00072430965,0.91089267,-3.4010525,26.578003,21.381592,11.700603,12.88035,12.32660846961762,11.87366568447042,0.05428976
2021-07-18,26.83373493975904,15.589156626506025,0.030927835051546393,1018.6125,3.3588235294117648,0.5367288,4.5799326e-05,1.9372429,-2.5938523,25.717194,18.820557,10.839793,10.319315,11.197692806967021,9.526677732663192,0.05428976
2021-07-19,20.643373493975904,13.04578313253012,0.041237113402061855,1018.8531250000001,3.0647058823529414,0.5367288,0.00015462686,2.0722954,-1.9942602,19.427856,16.177734,4.550456,7.6764927,5.007331361183885,6.983304238687288,0.05428976
2021-07-20,21.581927710843377,12.597590361445782,0.041237113402061855,1018.896875,2.448648648648648,0.5367288,0.0002615347,2.1821613,-0.8320759,18.916962,14.778381,4.0395613,6.2771397,5.945885578051358,6.53511146760295,0.05428976
2021-07-21,22.038554216867475,12.312048192771083,0.20618556701030927,1021.6937500000001,2.1567567567567574,0.5367288,0.00026482015,2.0104582,-0.69594365,21.499146,15.983643,6.621745,7.482401,6.402512084075456,6.249569298928251,0.05428976
2021-07-22,23.613253012048194,14.409638554216867,0.0,1021.078125,1.8641025641025641,0.5367288,0.0005918393,1.47582,0.14953084,21.535828,16.776672,6.6584272,8.275431,7.977210879256175,8.347159660374036,0.05428976
2021-07-23,25.260240963855427,13.027710843373496,0.0,1017.1968750000001,1.6307692307692312,0.5367288,0.00020161764,1.0460317,-0.5427594,23.107666,16.483704,8.230266,7.982462,9.624198831063408,6.965231949530664,0.05428976
2021-07-24,29.895180722891567,13.397590361445783,0.24742268041237114,1012.809375,2.671794871794872,0.5367288,1.4653625e-05,-2.5246289,0.90391487,27.269836,15.976868,12.392436,7.475626,14.259138590099548,7.3351114676029505,0.05428976
2021-07-25,30.03975903614458,17.968674698795184,45.95876288659794,1009.8156250000001,2.882051282051282,0.5367288,0.0008489816,-2.2870653,1.1528124,28.721832,20.770996,13.844432,12.269754,14.403716903352562,11.90619580495235,0.05428976
2021-07-26,29.787951807228918,17.481927710843372,27.65979381443299,1010.3062500000001,2.1256410256410256,0.5367288,0.0017180062,0.10673141,0.7885447,27.996948,20.254395,13.119548,11.753153,14.151909674436899,11.41944881700054,0.05428976
2021-07-27,27.70843373493976,17.004819277108435,4.824742268041237,1011.55,2.956410256410256,0.5367288,0.00020664385,1.9923357,1.7360758,25.526642,20.337158,10.649241,11.8359165,12.072391602147741,10.942340383265602,0.05428976
2021-07-28,25.06987951807229,16.136144578313257,5.56701030927835,1010.825,2.830769230769231,0.5367288,0.0008981288,1.9629745,1.8786951,24.406006,18.54898,9.528605,10.047739,9.433837385280272,10.073665684470424,0.05428976
2021-07-29,24.765060240963855,13.65301204819277,0.041237113402061855,1009.9218749999999,4.364102564102564,0.5367288,0.00010086677,3.5879486,1.8154974,23.246399,18.91333,8.368999,10.412088,9.129018108171836,7.590533154349937,0.05428976
2021-07-30,26.224096385542172,12.06987951807229,0.8350515463917526,1008.8218750000001,3.4410256410256417,0.5367288,3.606019e-06,2.415826,1.6465664,24.205719,16.450195,9.328319,7.9489536,10.588054252750153,6.007400624229457,0.05428976
2021-07-31,24.38433734939759,14.620481927710843,0.6288659793814433,1005.975,4.651282051282052,0.5367288,3.6918605e-05,3.8978481,1.9284195,22.740662,18.824402,7.863261,10.32316,8.748295216605571,8.558003033868012,0.05428976
2021-08-01,22.44216867469879,13.031325301204818,41.3125,1007.709375,2.592307692307692,0.5367288,9.2039794e-05,2.5039337,0.5249435,21.698853,16.252014,6.821452,7.7507725,6.806126541906773,6.968846407361986,0.05428976
2021-08-02,21.812048192771087,12.356626506024098,5.625,1010.56875,3.646153846153846,0.5367288,0.00013224214,3.5034964,-0.13609527,20.52243,15.704834,5.64503,7.2035923,6.176006059979068,6.294147612181265,0.05428976
2021-08-03,22.637349397590363,10.997590361445782,12.123711340206185,1013.575,1.8794871794871797,0.5367288,0.00020724285,1.0587059,0.12825045,21.489868,14.104736,6.612468,5.6034946,7.001307264798344,4.93511146760295,0.05428976
2021-08-04,23.083132530120483,13.259036144578314,13.103092783505154,1013.496875,1.8897435897435895,0.5367288,0.0020638793,-1.584905,-0.41363588,21.216125,16.066833,6.338725,7.565592,7.447090397328465,7.196557250735482,0.05428976
2021-08-05,23.613253012048194,12.64819277108434,29.804123711340207,1010.5875,2.2025641025641023,0.5367288,0.0010114791,-1.770392,-0.530155,22.924744,15.397858,8.047343,6.896616,7.977210879256175,6.585713877241507,0.05428976
2021-08-06,25.284337349397596,13.560240963855422,35.510416666666664,1006.05625,2.0846153846153848,0.5367288,0.0005504207,-0.37465432,1.1748828,24.289886,14.721741,9.412486,6.220499,9.648295216605577,7.49776207001259,0.05428976
2021-08-07,24.82409638554217,13.609638554216868,22.083333333333332,1005.1624999999999,2.830769230769231,0.5367288,0.00063524715,1.2365716,1.8864027,23.945007,16.54776,9.067607,8.046518,9.18805425275015,7.547159660374036,0.05428976
2021-08-08,23.974698795180725,13.686746987951807,6.78125,1008.403125,4.087179487179487,0.5367288,0.00027411385,3.054551,2.3020468,23.209229,17.073822,8.331828,8.57258,8.338656662388706,7.624268094108975,0.05428976
2021-08-09,24.020481927710843,11.54698795180723,12.572916666666666,1017.03125,2.9487179487179485,0.5367288,0.0004175578,1.6765137,1.9156309,22.480621,14.736481,7.603221,6.235239,8.384439794918825,5.484509057964398,0.05428976
2021-08-10,23.644578313253017,12.102409638554217,35.0,1016.75,2.4487179487179485,0.5367288,0.0018553507,1.387825,1.3871471,22.48767,15.378082,7.6102705,6.8768406,8.008536180460998,6.039930744711385,0.05428976
2021-08-11,23.52530120481928,12.013253012048192,0.0,1018.609375,2.3846153846153846,0.5367288,0.00018641178,2.2037745,-0.17763187,21.925842,15.326965,7.048442,6.8257236,7.88925907202726,5.95077411820536,0.05428976
2021-08-12,27.30963855421687,10.834939759036146,0.0,1020.9781250000001,1.6615384615384619,0.5367288,2.1718658e-06,0.29833922,1.1616089,26.404755,14.2473755,11.527354,5.746134,11.673596421424852,4.772460865193314,0.05428976
2021-08-13,29.86024096385542,14.977108433734939,2.082474226804124,1019.35,2.374358974358975,0.5367288,8.287015e-07,1.081635,1.0635427,28.800446,18.952301,13.923045,10.451059,14.224198831063402,8.914629539892108,0.05428976
2021-08-14,27.431325301204822,14.727710843373496,0.0,1018.9375,2.994871794871795,0.5367288,3.6239002e-05,2.6407115,-0.12805496,25.89569,18.17627,11.0182905,9.675028,11.795283168412803,8.665231949530664,0.05428976
2021-08-15,26.73975903614458,12.972289156626509,4.854166666666667,1014.00625,2.3076923076923075,0.5367288,3.1388408e-06,1.452528,0.44816062,26.051147,17.82138,11.173747,9.320139,11.103716903352561,6.909810262783677,0.05428976
2021-08-16,24.401204819277112,12.360240963855423,27.739583333333332,1007.2625,4.3763157894736855,0.5367288,0.00091642124,3.8445075,1.2877649,23.309143,16.391846,8.431743,7.890604,8.765162686485093,6.297762070012591,0.05428976
2021-08-17,18.510843373493977,12.218072289156629,5.15625,1010.453125,6.282051282051283,0.5367288,0.00065044727,5.9773154,1.5926013,18.958588,13.0729065,4.0811872,4.571665,2.8748012407019576,6.1555933953137965,0.05428976
2021-08-18,20.27710843373494,12.567469879518073,1.90625,1011.7375,4.884615384615384,0.5367288,0.00060804916,4.514658,1.4937307,19.54718,14.267731,4.66978,5.766489,4.6410663009429225,6.504990985675241,0.05428976
2021-08-19,21.236144578313255,15.686746987951807,12.15625,1011.3062500000001,4.1230769230769235,0.5367288,0.00057375914,3.915364,0.9396562,20.781677,16.518066,5.904277,8.016825,5.600102445521236,9.624268094108974,0.05428976
2021-08-20,21.351807228915664,13.157831325301204,14.958333333333334,1015.1937499999999,2.5230769230769234,0.5367288,0.0009291593,2.5298364,0.095461704,20.237213,16.759033,5.3598127,8.2577915,5.715765096123645,7.095352431458372,0.05428976
2021-08-21,24.0855421686747,11.666265060240965,0.28865979381443296,1018.9937500000001,1.6487179487179486,0.5367288,0.00032550012,-0.115983844,-0.48778448,22.268005,15.235107,7.390605,6.7338657,8.44950003588268,5.603786166398133,0.05428976
2021-08-22,22.484337349397595,13.748192771084335,191.13541666666666,1016.4875000000001,2.5615384615384618,0.5367288,0.0061112978,-2.286629,-0.72664833,20.380798,16.758942,5.503398,8.2577,6.848295216605576,7.685713877241503,0.05428976
2021-08-23,19.459036144578317,13.022891566265061,63.824742268041234,1019.590625,4.076923076923076,0.5367288,0.012093137,-1.7543465,-3.9088242,19.71817,14.514313,4.84077,6.013071,3.8229940117862977,6.960412672422229,0.05428976
2021-08-24,21.489156626506027,9.437349397590362,0.0,1026.165625,3.2333333333333334,0.5367288,0.0006003,-1.667725,-3.115797,20.0766,13.728668,5.1991987,5.2274265,5.853114493714008,3.3748705037475295,0.05428976
2021-08-25,21.419277108433736,7.096385542168675,39.40625,1019.4125000000001,3.4921052631578946,0.5367288,0.00057308254,3.1417925,-0.42973462,21.382538,11.585449,6.5051374,3.0842075,5.783234975641717,1.0339066483258428,0.05428976
2021-08-26,18.02409638554217,12.200000000000001,91.96875,1008.5093750000001,3.6131578947368426,0.5367288,0.0029425507,2.6765652,-1.774745,16.833374,14.063049,1.9559736,5.5618076,2.38805425275015,6.137521106157169,0.05428976
2021-08-27,17.50361445783133,11.630120481927714,64.625,1010.7548387096775,2.505263157894737,0.5367288,0.009273863,0.3572854,-1.0190372,16.304077,11.762146,1.4266768,3.2609043,1.8675723250393101,5.567641588084881,0.05428976
2021-08-28,19.54698795180723,11.690361445783134,28.0625,1015.0806451612904,2.0052631578947375,0.5367288,0.0007833074,0.882132,-1.4888493,19.003693,12.099426,4.126292,3.5981846,3.9109458190152093,5.627882551940302,0.05428976
2021-08-29,18.84578313253012,13.451807228915662,156.90526315789472,1014.428125,2.094736842105263,0.5367288,0.005539292,0.651957,-1.0880113,17.678986,13.611725,2.8015852,5.110483,3.2097409997381003,7.38932833507283,0.05428976
2021-08-30,17.985542168674694,13.345783132530121,73.90625,1015.078125,3.2552631578947366,0.5367288,0.0026876999,-0.5022138,-3.1445992,18.313446,14.396393,3.4360456,5.895151,2.3495000358826754,7.283304238687289,0.05428976
2021-08-31,20.20843373493976,11.26987951807229,2.9278350515463916,1018.99375,4.03421052631579,0.5367288,0.00039223363,0.8862489,-3.9065964,19.699219,14.65332,4.8218184,6.1520786,4.572391602147741,5.207400624229458,0.05428976
2021-09-01,21.43975903614458,10.742168674698798,0.041237113402061855,1024.215625,2.826315789473685,0.55358565,0.00019899615,1.8967361,-1.9941612,20.709656,12.641663,5.8322554,4.140421,5.80371690335256,4.679689780855965,0.07114661
2021-09-02,21.24578313253012,10.366265060240965,0.010309278350515464,1026.1312500000001,2.2105263157894743,0.55358565,0.00012418964,1.7580327,-1.3170999,20.711853,14.663147,5.8344526,6.1619053,5.6097409997381025,4.303786166398132,0.07114661
2021-09-03,23.480722891566266,9.25301204819277,0.0,1020.5718750000001,2.5710526315789477,0.55358565,1.0425029e-05,2.2316144,-0.3379593,22.033081,11.558319,7.1556807,3.0570774,7.844680758774247,3.1905331543499384,0.07114661
2021-09-04,19.410843373493975,9.531325301204822,0.0,1018.7718750000001,2.0205128205128204,0.55358565,0.00012063864,1.2599152,-0.9483244,19.585968,13.670105,4.7085676,5.1688633,3.774801240701956,3.4688464073619896,0.07114661
2021-09-05,21.868674698795182,8.62289156626506,0.020618556701030927,1022.9,2.4076923076923076,0.55358565,9.038693e-05,-2.3497782,0.73565334,21.440277,13.231323,6.5628767,4.7300816,6.232632566003163,2.5604126724222285,0.07114661
2021-09-06,23.163855421686748,9.166265060240963,0.0,1023.8375000000001,1.8641025641025641,0.55358565,1.1497847e-05,0.25678912,0.3563025,21.38565,13.135284,6.50825,4.6340427,7.527813288894729,3.103786166398131,0.07114661
2021-09-07,22.714457831325305,11.08433734939759,0.0,1023.7093750000001,1.605128205128205,0.55358565,2.1149908e-05,0.93990326,-1.0260053,21.148651,13.719269,6.2712507,5.218027,7.078415698533286,5.021858455554757,0.07114661
2021-09-08,25.230120481927717,9.250602409638553,0.0,1020.9343750000002,1.7384615384615383,0.55358565,1.6683093e-06,-1.5865602,0.75812817,23.789062,13.312775,8.911662,4.811533,9.594078349135698,3.188123515795721,0.07114661
2021-09-09,27.15180722891566,10.573493975903615,0.0,1014.0000000000001,2.2743589743589743,0.55358565,8.8929134e-08,-1.5646461,1.7870063,24.857727,14.189148,9.980327,5.6879063,11.515765096123642,4.511015082060783,0.07114661
2021-09-10,27.49397590361446,14.386746987951806,35.49484536082474,1013.025,2.025641025641026,0.55358565,0.00083656027,0.8407855,1.5395824,25.02002,17.28363,10.142619,8.782389,11.85793377082244,8.324268094108973,0.07114661
2021-09-11,23.9144578313253,15.196385542168674,23.628865979381445,1015.0218750000001,2.1769230769230767,0.55358565,0.0007504485,2.2083037,0.76174927,23.216217,17.551392,8.338817,9.05015,8.278415698533282,9.13390664832584,0.07114661
2021-09-12,22.410843373493975,13.956626506024097,1.5051546391752577,1016.0437500000002,2.4230769230769234,0.55358565,0.00024917183,2.40253,0.38937023,20.79535,16.249146,5.9179487,7.747904,6.774801240701956,7.894147612181265,0.07114661
2021-09-13,20.134939759036147,10.675903614457832,0.1134020618556701,1017.8343750000001,2.2230769230769227,0.55358565,0.0001298284,1.5908669,-0.7570538,19.447205,14.507385,4.569804,6.0061436,4.498897626244128,4.613424720615,0.07114661
2021-09-14,22.528915662650604,9.396385542168677,0.09278350515463918,1018.3906250000001,1.835897435897436,0.55358565,1.0383148e-05,-1.6559544,0.5302982,21.843811,13.032562,6.9664106,4.5313206,6.892873529858585,3.3339066483258444,0.07114661
2021-09-15,23.681927710843375,13.168674698795181,67.6701030927835,1012.96875,2.6974358974358976,0.55358565,0.0034427755,-1.1211165,2.0690768,21.980377,15.08136,7.102977,6.580118,8.045885578051356,7.106195804952349,0.07114661
2021-09-16,19.562650602409644,15.121686746987951,3.350515463917526,1012.0406250000001,3.5615384615384618,0.55358565,0.0005829096,3.1877115,0.43015197,18.091553,17.16748,3.2141523,8.666239,3.9266084696176247,9.059207853145118,0.07114661
2021-09-17,16.89156626506024,12.59397590361446,4.804123711340206,1012.928125,3.7487179487179483,0.55358565,0.0003209511,3.2143886,-0.94875956,16.009644,14.707397,1.1322432,6.206156,1.2555241322682225,6.531497009771628,0.07114661
2021-09-18,16.808433734939758,11.865060240963858,6.268041237113402,1015.6875000000001,3.092307692307692,0.55358565,0.00032418853,0.16138373,-2.4722273,17.356262,13.40683,2.4788618,4.905588,1.172391602147739,5.802581347121026,0.07114661
2021-09-19,15.095180722891568,10.606024096385543,0.030927835051546393,1018.515625,2.1102564102564103,0.55358565,7.939335e-05,-1.2955338,-1.7281364,15.357208,11.636139,0.47980785,3.1348972,-0.540861409900451,4.5435452025427105,0.07114661
2021-09-20,15.514457831325302,9.874698795180723,0.2268041237113402,1021.4093750000001,1.7,0.55358565,5.3582746e-05,-0.14620611,-1.2197298,15.177429,9.625183,0.3000288,1.1239414,-0.12158430146671684,3.8122199013378912,0.07114661
2021-09-21,15.63855421686747,9.657831325301204,8.56701030927835,1026.3406250000003,2.6794871794871793,0.55358565,0.00066552195,2.566659,-0.6693497,14.991882,10.395386,0.114481926,1.894144,0.0025120840754517815,3.5953524314583722,0.07114661
2021-09-22,17.849397590361445,9.62409638554217,0.05154639175257732,1025.271875,2.8999999999999995,0.55358565,0.0002619328,2.2174542,-1.1435155,15.949707,11.629211,1.0723066,3.1279697,2.213355457569426,3.561617491699338,0.07114661
2021-09-23,19.500000000000004,9.072289156626505,5.309278350515464,1014.5875,5.42051282051282,0.55358565,0.00013610796,4.6423,1.0540352,18.68393,11.950439,3.806529,3.4491978,3.8639578672079846,3.009810262783673,0.07114661
2021-09-24,17.740963855421686,11.43132530120482,0.21649484536082475,1012.4093750000001,4.987179487179487,0.55358565,0.0002428562,4.420769,-0.04366451,16.836853,12.253326,1.9594526,3.7520847,2.1049217226296673,5.368846407361988,0.07114661
2021-09-25,20.626506024096386,13.318072289156628,0.27835051546391754,1015.109375,3.0051282051282047,0.55358565,0.00024324849,2.5852058,1.0028108,19.564484,15.516052,4.6870832,7.0148106,4.990463891304367,7.255593395313796,0.07114661
2021-09-26,24.81566265060241,12.259036144578314,37.43298969072165,1017.765625,2.394871794871795,0.55358565,6.8547226e-05,-1.8848675,1.6293402,23.294128,12.861572,8.416728,4.3603306,9.17962051781039,6.196557250735482,0.07114661
2021-09-27,20.82650602409639,14.513253012048192,5.0,1017.0749999999999,2.271794871794872,0.55358565,0.00036358135,-1.0592676,1.713108,21.413391,15.536377,6.5359907,7.0351353,5.19046389130437,8.45077411820536,0.07114661
2021-09-28,18.073493975903613,10.877108433734941,6.041237113402062,1021.265625,2.148717948717949,0.55358565,0.0008287421,0.92280006,-0.45397186,17.409027,14.569275,2.5316267,6.068033,2.437451843111594,4.814629539892109,0.07114661
2021-09-29,17.265060240963855,9.313253012048193,72.61855670103093,1018.375,2.8205128205128207,0.55358565,0.007975284,-0.15032811,1.416097,15.7127075,12.1961975,0.8353071,3.6949558,1.6290181081718362,3.250774118205361,0.07114661
2021-09-30,16.0566265060241,7.054216867469879,1.2268041237113403,1023.3906250000001,4.1512820512820525,0.55358565,0.00077645463,2.7030878,2.419298,14.962067,9.317322,0.08466625,0.8160801,0.42058437323207976,0.9917379736270471,0.07114661
2021-10-01,18.58433734939759,6.081927710843375,0.13402061855670103,1021.8500000000001,3.3923076923076927,0.55358565,1.25163015e-05,-0.9922559,3.1046617,17.319275,8.80127,2.4418745,0.30002785,2.9482952166055707,0.019448817000542462,0.07114661
2021-10-02,19.990361445783133,7.925301204819276,0.4845360824742268,1013.653125,2.953846153846154,0.55358565,7.896137e-06,-0.02706697,2.8097153,19.578491,9.738892,4.701091,1.2376499,4.354319312991114,1.8628223109764441,0.07114661
2021-10-03,22.627710843373496,13.940963855421689,3.5051546391752577,1007.721875,4.438461538461538,0.55358565,0.000107560365,-1.356226,3.8149643,21.046326,14.630005,6.1689253,6.128763,6.991668710581477,7.878484961578857,0.07114661
2021-10-04,16.987951807228917,11.644578313253016,13.958762886597938,1016.6625,2.005128205128205,0.55358565,0.001078215,1.0864574,0.090451695,16.639313,13.543762,1.7619123,5.0425205,1.3519096744368984,5.582099419410183,0.07114661
2021-10-05,15.051807228915665,10.857831325301206,85.14432989690722,1011.6531250000002,2.433333333333333,0.55358565,0.007822731,-0.3073879,0.80649585,15.833374,12.210968,0.9559736,3.7097263,-0.5842349038763537,4.795352431458373,0.07114661
2021-10-06,16.53614457831325,6.825301204819277,0.12371134020618557,1015.49375,2.5589743589743588,0.55358565,0.0005099974,0.79427,2.0591795,15.883057,11.7161255,1.0056562,3.2148838,0.9001024455212328,0.7628223109764445,0.07114661
2021-10-07,18.053012048192773,3.950602409638554,0.16494845360824742,1027.7250000000001,1.3692307692307693,0.55358565,5.0917574e-06,-0.45653853,-0.6334629,16.75061,7.0026245,1.87321,-1.4986172,2.4169699154007542,-2.111876484204278,0.07114661
2021-10-08,16.45421686746988,5.067469879518073,0.0,1032.340625,2.2948717948717947,0.55358565,2.5001858e-05,-2.2941868,-0.7709496,15.428925,11.160065,0.55152416,2.658823,0.8181747346778625,-0.9950090143247596,0.07114661
2021-10-09,15.156626506024097,1.955421686746988,0.0,1033.5218750000001,2.6513513513513516,0.55358565,1.2143412e-06,-2.9403086,0.30371878,13.407715,5.5513916,-1.4696856,-2.94985,-0.4794156267679224,-4.107057207095844,0.07114661
2021-10-10,14.498795180722892,-0.03132530120481929,0.17525773195876287,1029.459375,2.037837837837838,0.55358565,0.0,-1.5003899,1.3726662,12.800446,3.2138062,-2.0769548,-5.2874355,-1.1372469520691268,-6.093804195047651,0.07114661
2021-10-11,14.03734939759036,1.4867469879518074,18.927835051546392,1021.803125,2.946153846153847,0.55358565,0.00017925324,2.789286,0.2337103,13.661438,4.4091187,-1.2159624,-4.092123,-1.5986927352016593,-4.575731905891025,0.07114661
2021-10-12,12.49277108433735,3.802409638554217,12.628865979381443,1015.6,3.6921052631578943,0.55358565,0.0037156928,2.9608994,-1.1183567,11.404785,7.766266,-3.4726152,-0.7349758,-3.143271048454668,-2.2600692552886152,0.07114661
2021-10-13,12.521686746987953,2.593975903614458,13.45360824742268,1020.3281250000001,2.9157894736842103,0.55358565,0.0002903704,2.6451013,-0.53926295,11.532196,6.02417,-3.3452044,-2.4770718,-3.114355385804066,-3.4685029902283744,0.07114661
2021-10-14,12.891566265060241,7.681927710843373,15.43298969072165,1020.1375,3.594736842105263,0.55358565,0.0009743849,3.060728,1.2882743,12.094849,7.915283,-2.7825518,-0.5859585,-2.7444758677317775,1.6194488170005403,0.07114661
2021-10-15,13.786746987951807,5.821686746987952,17.835051546391753,1014.028125,4.31025641025641,0.55358565,0.0010728225,3.4643047,1.6613326,13.029419,9.075378,-1.8479815,0.57413673,-1.8492951448402124,-0.24079214685488015,0.07114661
2021-10-16,12.248192771084339,4.380722891566266,0.711340206185567,1020.5312500000001,2.533333333333334,0.55358565,0.00018153859,2.43419,0.54949445,11.991821,5.8690796,-2.885579,-2.632162,-3.38784936170768,-1.6817560022765665,0.07114661
2021-10-17,12.51686746987952,5.862650602409639,8.257731958762887,1020.184375,2.7564102564102564,0.55358565,0.0003183694,2.2743096,1.1201097,11.741119,7.2711487,-3.136281,-1.230093,-3.1191746629124992,-0.19982829143319325,0.07114661
2021-10-18,15.675903614457832,7.753012048192771,0.4639175257731959,1023.321875,2.3743589743589744,0.55358565,0.00040258816,1.6801414,1.3687865,13.788849,9.05249,-1.0885515,0.55124855,0.03986148166581316,1.6905331543499384,0.07114661
2021-10-19,16.367469879518072,7.595180722891567,3.8762886597938144,1019.4218750000001,3.276923076923077,0.55358565,0.00019633146,1.4899637,2.7055027,15.7404175,8.185883,0.8630171,-0.31535912,0.7314277467260535,1.5327018290487349,0.07114661
2021-10-20,19.257831325301208,12.46265060240964,14.731958762886597,1007.3437500000001,5.102564102564103,0.55358565,0.00078890886,2.7684863,3.9251363,16.660767,12.164429,1.7833662,3.663187,3.6217891925091887,6.400171708566808,0.07114661
2021-10-21,17.066265060240966,6.460240963855422,32.55670103092783,995.9125000000001,7.638461538461536,0.55358565,0.002594398,5.6195827,3.3140326,16.629883,8.987366,1.7524824,0.48612404,1.4302229274489466,0.3977620700125897,0.07114661
2021-10-22,10.316867469879519,5.2,35.381443298969074,1008.7125,6.666666666666667,0.55358565,0.0020699983,5.705813,1.6790267,9.643799,7.1173706,-5.2336016,-1.3838711,-5.3191746629125,-0.862478893842832,0.07114661
2021-10-23,11.36265060240964,3.1626506024096384,0.14432989690721648,1022.91875,4.235897435897437,0.55358565,0.00026280983,3.8782063,-0.2657607,10.753113,5.9236145,-4.1242876,-2.5776272,-4.273391530382378,-2.899828291433194,0.07114661
2021-10-24,12.679518072289158,1.324096385542169,0.0,1028.878125,2.5589743589743583,0.55358565,6.807861e-06,-0.64361507,2.3225777,11.762421,5.4911804,-3.1149797,-3.0100613,-2.9565240605028613,-4.738382508300663,0.07114661
2021-10-25,11.95421686746988,0.7891566265060243,0.38144329896907214,1021.0031250000001,2.648717948717949,0.55358565,1.9427646e-06,0.36189142,2.41281,11.583069,3.1854553,-3.2943316,-5.3157864,-3.6818252653221393,-5.273322267336808,0.07114661
2021-10-26,14.118072289156625,4.966265060240964,0.8762886597938144,1019.4281250000001,2.8973684210526316,0.55358565,0.0005472784,2.1376636,1.5894657,12.972229,5.0488586,-1.9051714,-3.452383,-1.5179698436353934,-1.096213833601868,0.07114661
2021-10-27,14.25301204819277,8.750602409638557,0.0,1022.4225806451614,3.686842105263159,0.55358565,8.281012e-05,2.5273333,2.374386,14.455261,9.43515,-0.42213917,0.93390846,-1.3830300845992483,2.6881235157957244,0.07114661
2021-10-28,16.742168674698796,5.236144578313254,0.0,1021.1612903225806,2.7108108108108104,0.55358565,4.9419937e-06,-0.35960793,2.4447126,14.982056,7.455139,0.104655266,-1.0461025,1.106126541906777,-0.8263343155295786,0.07114661
2021-10-29,15.224096385542168,3.187951807228916,0.0,1014.346875,2.721052631578948,0.55358565,4.5427843e-08,-0.6355489,2.4274178,13.3958435,5.2744446,-1.4815569,-3.226797,-0.41194574724985067,-2.874527086613916,0.07114661
2021-10-30,15.018072289156626,4.122891566265061,0.010309278350515464,1009.7406250000001,3.0179487179487183,0.55358565,0.000100664976,-0.9300747,2.8031566,13.447571,5.5941772,-1.4298296,-2.9070644,-0.6179698436353931,-1.9395873275777715,0.07114661
2021-10-31,17.599999999999998,8.583132530120483,0.020618556701030927,1008.653125,3.4289473684210527,0.55358565,3.432231e-05,-0.6988191,2.9702399,16.113037,9.226013,1.2356367,0.7247715,1.963957867207979,2.5206536362776513,0.07114661
2021-11-01,12.673493975903616,7.167469879518072,39.52577319587629,1002.35,2.8,0.55358565,0.00088430505,0.3397015,2.3322978,12.554504,9.358215,-2.322896,0.85697365,-2.9625481568884027,1.10499098567524,0.07114661
2021-11-02,11.574698795180723,4.685542168674699,7.185567010309279,1001.3718750000002,1.751282051282052,0.55358565,0.0025064338,0.74402237,1.2894096,10.984802,7.8513184,-3.8925982,-0.6499233,-4.061343337611296,-1.3769367251681333,0.07114661
2021-11-03,10.987951807228916,2.573493975903615,2.8350515463917527,1003.390625,1.9230769230769234,0.55358565,0.00021932642,-0.4655393,1.138797,9.364471,3.826355,-5.512929,-4.6748867,-4.648090325563103,-3.4889849179392174,0.07114661
2021-11-04,8.50120481927711,5.544578313253012,359.35051546391753,999.5625,4.557894736842105,0.55358565,0.012519072,1.5289974,-1.6392018,8.360657,5.981079,-6.5167437,-2.5201626,-7.134837313514909,-0.5179005805898198,0.07114661
2021-11-05,9.571084337349399,6.212048192771085,9.88659793814433,1014.7,4.702631578947369,0.55358565,0.005114213,4.172458,0.41524863,9.883667,7.1943054,-4.9937334,-1.3069363,-6.06495779544262,0.14956929892825244,0.07114661
2021-11-06,10.826506024096387,6.518072289156627,0.7216494845360825,1024.1580645161291,4.750000000000002,0.55358565,0.00023392243,3.5805712,2.4209397,10.314819,7.04953,-4.562581,-1.4517117,-4.809536108695632,0.4555933953137945,0.07114661
2021-11-07,10.186746987951807,6.54578313253012,33.18556701030928,1012.3290322580646,5.655263157894737,0.55358565,0.0014767516,4.3984103,2.8018425,9.457001,7.947998,-5.4203997,-0.55324364,-5.449295144840212,0.4833042386872881,0.07114661
2021-11-08,10.345783132530121,6.636144578313252,13.670103092783505,1017.7806451612903,3.9421052631578943,0.55358565,0.0008109233,3.445927,0.19585502,9.6831665,7.697998,-5.194234,-0.80324364,-5.290259000261898,0.57366568447042,0.07114661
2021-11-09,11.549397590361448,3.0060240963855422,0.26804123711340205,1027.7,2.2615384615384624,0.55358565,7.79973e-05,0.57133675,1.6670719,10.63385,6.741913,-4.2435503,-1.7593288,-4.086644542430571,-3.05645479745729,0.07114661
2021-11-10,9.439759036144578,0.11566265060240966,0.10309278350515463,1025.9625,1.9256410256410261,0.55358565,3.251091e-06,0.20670955,1.6161493,8.6501465,2.0575562,-6.227254,-6.4436855,-6.196283096647441,-5.946816243240423,0.07114661
2021-11-11,8.957831325301205,-0.40963855421686746,1.5670103092783505,1023.809375,1.9948717948717951,0.55358565,4.999072e-05,1.4234929,0.9444434,8.443298,0.023376465,-6.434102,-8.477865,-6.678210807490814,-6.4721174480596995,0.07114661
2021-11-12,7.9156626506024095,2.759036144578314,0.28865979381443296,1021.196875,2.525641025641025,0.55358565,0.000200747,-0.6900949,1.4764055,8.454163,5.0386353,-6.423238,-3.4626064,-7.7203794821896095,-3.3034427492645184,0.07114661
2021-11-13,8.766265060240965,2.1999999999999997,0.6082474226804123,1015.1750000000001,2.261538461538461,0.55358565,2.2001841e-05,-0.30988693,1.4583306,8.51297,3.5100098,-6.3644304,-4.991232,-6.869777072551054,-3.8624788938428325,0.07114661
2021-11-14,7.514457831325302,4.130120481927711,0.20618556701030927,1023.55,2.0410256410256404,0.55358565,0.0008254549,-1.4754621,-1.1305326,7.254364,4.2927856,-7.6230364,-4.208456,-8.121584301466717,-1.9323584119151214,0.07114661
2021-11-15,6.03855421686747,4.63855421686747,0.030927835051546393,1029.29375,2.7333333333333334,0.55358565,0.0002477112,-2.2678454,0.025106005,6.5983887,5.6644897,-8.279012,-2.836752,-9.59748791592455,-1.4239246769753624,0.07114661
2021-11-16,6.744578313253012,4.266265060240964,0.5979381443298969,1024.4093750000002,2.1666666666666674,0.55358565,4.8228398e-05,-1.3685222,0.7089984,8.418945,3.4903564,-6.458455,-5.0108852,-8.891463819539007,-1.7962138336018683,0.07114661
2021-11-17,7.23012048192771,4.045783132530121,1.5670103092783505,1019.1843749999999,3.4384615384615382,0.55358565,0.00024498478,2.9665701,1.2072465,7.2583313,4.731262,-7.619069,-3.7699795,-8.40592165086431,-2.016695761312711,0.07114661
2021-11-18,10.092771084337352,5.021686746987952,15.45360824742268,1022.803125,5.17948717948718,0.55358565,0.00076489506,4.4948125,1.1884931,9.788666,5.7724,-5.0887346,-2.7288418,-5.543271048454667,-1.04079214685488,0.07114661
2021-11-19,12.337349397590364,9.133734939759037,0.422680412371134,1022.175,6.1342105263157904,0.55358565,0.00035440447,5.3531494,0.17775248,11.6970215,8.982269,-3.180379,0.4810276,-3.298692735201655,3.071256045916205,0.07114661
2021-11-20,11.57831325301205,8.842168674698796,1.6597938144329898,1020.7903225806452,4.965789473684209,0.55358565,0.00012451898,4.280941,0.58861333,11.483124,9.276123,-3.3942766,0.77488136,-4.057728879779969,2.7796897808559633,0.07114661
2021-11-21,9.24698795180723,4.028915662650602,7.443298969072165,1010.0709677419355,3.4157894736842107,0.55358565,0.0006245403,2.738207,0.4647005,9.064758,6.3435974,-5.812642,-2.1576443,-6.38905418098479,-2.03356323119223,0.07114661
2021-11-22,6.360240963855421,-1.0686746987951807,1.3814432989690721,1021.4250000000001,2.8891891891891897,0.55358565,0.00011897158,1.2070452,-1.7248183,5.048767,1.9649048,-9.828633,-6.536337,-9.275801168936598,-7.131153592638013,0.07114661
2021-11-23,6.957831325301205,-0.2578313253012048,4.721649484536083,1025.9031250000003,3.5948717948717945,0.55358565,6.457311e-05,2.9136715,0.6285301,8.134338,0.50942993,-6.743062,-7.9918118,-8.678210807490814,-6.320310219144037,0.07114661
2021-11-24,7.655421686746989,5.089156626506025,1.2474226804123711,1022.69375,2.5820512820512818,0.55358565,0.0001268463,1.7561048,0.9257245,8.074585,6.093811,-6.8028154,-2.4074306,-7.98062044604503,-0.9733222673368074,0.07114661
2021-11-25,5.534939759036145,2.3566265060240967,0.10309278350515463,1010.234375,3.082051282051282,0.55358565,7.790348e-05,1.4886397,1.475006,5.512146,2.819397,-9.365254,-5.6818447,-10.101102373755875,-3.7058523878187355,0.07114661
2021-11-26,5.515662650602411,1.297590361445783,1.3711340206185567,999.54375,3.217948717948718,0.55358565,4.0483526e-05,1.0939695,2.1969182,4.558655,3.0268555,-10.318746,-5.474386,-10.120379482189609,-4.764888532397049,0.07114661
2021-11-27,3.9168674698795183,-0.23734939759036147,25.34020618556701,992.4000000000001,2.7692307692307687,0.55358565,0.001111716,-1.1508821,1.8588597,2.8306274,-0.3060608,-12.046773,-8.807302,-11.7191746629125,-6.299828291433194,0.07114661
2021-11-28,3.3891566265060242,-1.5795180722891569,3.556701030927835,996.325,1.9717948717948717,0.55358565,0.00018876827,1.1720061,1.1762398,3.323761,-1.1138611,-11.553639,-9.615103,-12.246885506285995,-7.641996966131989,0.07114661
2021-11-29,3.1686746987951806,-0.30120481927710846,10.65979381443299,1001.8031250000001,2.8205128205128207,0.55358565,0.0009854174,2.4543817,-1.0896999,2.2444763,0.04425049,-12.632924,-8.456991,-12.467367433996838,-6.363683713119941,0.07114661
2021-11-30,6.142168674698796,0.6493975903614458,45.23711340206186,999.778125,6.302564102564103,0.55358565,0.0038344942,4.8916445,0.3082456,5.545105,1.070221,-9.332295,-7.4310207,-9.493873458093223,-5.413081303481387,0.07114661
2021-12-01,8.772289156626506,1.3373493975903614,31.608247422680414,994.0625000000001,5.756410256410256,0.35591367,0.0037182544,3.130189,3.7064579,8.201965,2.0951233,-6.675435,-6.4061184,-6.863752976165513,-4.725129496252471,-0.12652537
2021-12-02,5.565060240963857,-2.174698795180723,1.9278350515463918,994.40625,6.48974358974359,0.35591367,0.00022611348,5.3491974,-0.09394749,5.734009,0.23602295,-9.143392,-8.265219,-10.070981891828161,-8.237177689023556,-0.12652537
2021-12-03,2.8361445783132533,-2.514457831325301,10.31958762886598,1007.0000000000001,5.133333333333333,0.35591367,0.00027880198,3.2705781,2.5973241,2.1400452,-1.6697388,-12.737355,-10.17098,-12.799897554478765,-8.576936725168133,-0.12652537
2021-12-04,2.6120481927710846,0.3518072289156627,31.072164948453608,1000.7406249999999,3.305128205128206,0.35591367,0.0017222002,-0.5603428,1.9107469,2.7991638,0.87164307,-12.078237,-7.6295986,-13.023993940020935,-5.71067166492717,-0.12652537
2021-12-05,2.513253012048193,0.059036144578313236,7.927835051546392,1003.603125,2.264102564102564,0.35591367,0.0027553963,-1.0562462,-0.7614212,1.3167114,0.07098389,-13.560689,-8.430258,-13.122789120743827,-6.003442749264519,-0.12652537
2021-12-06,1.5481927710843373,-1.563855421686747,0.7319587628865979,1014.65625,1.9487179487179491,0.35591367,0.00019603515,-1.316585,-0.72182685,0.7813721,-1.1345215,-14.096028,-9.635763,-14.087849361707681,-7.626334315529579,-0.12652537
2021-12-07,0.7734939759036145,-1.8783132530120483,0.0,1012.3375000000001,3.6153846153846154,0.35591367,1.5254537e-05,-2.738632,1.7918878,1.0489197,-1.6693115,-13.828481,-10.170553,-14.862548156888405,-7.94079214685488,-0.12652537
2021-12-08,0.9927710843373495,-1.374698795180723,2.185567010309278,1006.2843750000001,4.917948717948718,0.35591367,2.867489e-05,-3.4080656,1.9678189,0.79467773,-0.73513794,-14.082723,-9.23638,-14.64327104845467,-7.437177689023555,-0.12652537
2021-12-09,-0.3807228915662651,-1.6421686746987953,19.969072164948454,1006.115625,2.3153846153846156,0.35591367,0.0007865941,-1.6801257,0.30196133,-0.4050293,-1.4867554,-15.28243,-9.987997,-16.016765024358286,-7.704647568541628,-0.12652537
2021-12-10,1.2240963855421687,-2.4819277108433737,8.855670103092784,1000.73125,1.694871794871795,0.35591367,0.0016727023,-1.249545,0.80268806,0.5582886,-1.756897,-14.319112,-10.258139,-14.41194574724985,-8.544406604686205,-0.12652537
2021-12-11,0.17349397590361446,-3.0746987951807228,0.4742268041237113,1011.928125,2.102564102564103,0.35591367,0.00013433541,0.96475106,1.0555975,0.8205261,-1.7819214,-14.056874,-10.283163,-15.462548156888404,-9.137177689023556,-0.12652537
2021-12-12,4.300000000000001,-2.165060240963856,16.814432989690722,1022.715625,2.966666666666667,0.35591367,0.00045728547,1.4702133,2.0391176,2.82016,-1.3189087,-12.0572405,-9.82015,-11.336042132792018,-8.227539134806689,-0.12652537
2021-12-13,8.537349397590361,4.032530120481928,9.721649484536082,1025.290625,2.148717948717949,0.35591367,0.00031997156,1.7181616,0.6098656,6.8251953,2.965271,-8.052205,-5.5359707,-7.0986927352016576,-2.0299487733609043,-0.12652537
2021-12-14,7.710843373493976,6.13855421686747,2.515463917525773,1025.834375,2.7692307692307696,0.35591367,0.000110099696,2.1051314,1.0994488,6.794861,5.0469055,-8.08254,-3.4543362,-7.925198759298043,0.0760753230246376,-0.12652537
2021-12-15,9.234939759036145,6.789156626506024,0.4948453608247423,1028.525,3.3846153846153846,0.35591367,0.00011191404,2.7015588,1.2255019,8.619812,6.706726,-6.2575884,-1.7945156,-6.401102373755874,0.7266777326631919,-0.12652537
2021-12-16,9.003614457831326,3.848192771084337,0.865979381443299,1032.709375,3.8410256410256407,0.35591367,0.00035557954,3.0290442,-1.0089946,9.007904,5.456848,-5.8694963,-3.0443935,-6.632427674960693,-2.2142861227584953,-0.12652537
2021-12-17,6.093975903614458,3.456626506024096,0.865979381443299,1036.859375,3.543589743589744,0.35591367,5.610165e-05,2.4149425,-1.6573156,5.1059875,2.6877747,-9.771413,-5.813467,-9.54206622917756,-2.6058523878187363,-0.12652537
2021-12-18,7.445783132530122,4.525301204819278,2.711340206185567,1034.5500000000002,3.707692307692307,0.35591367,0.00048359952,2.9119265,-0.31485412,6.548126,4.4637146,-8.329274,-4.037527,-8.190259000261896,-1.5371776890235544,-0.12652537
2021-12-19,7.267469879518073,1.410843373493976,13.103092783505154,1022.3806451612903,5.635897435897436,0.35591367,0.000594948,3.8880646,-2.2608702,6.5585938,5.3552856,-8.318807,-3.145956,-8.368572253273946,-4.651635520348856,-0.12652537
2021-12-20,3.4156626506024095,-1.4180722891566266,1.7010309278350515,1024.246875,3.079487179487179,0.35591367,6.447071e-05,1.7612332,-1.8308272,3.3587036,-0.14144897,-11.518697,-8.642691,-12.22037948218961,-7.480551182999459,-0.12652537
2021-12-21,1.0168674698795181,-1.8373493975903614,0.28865979381443296,1026.659375,1.6051282051282054,0.35591367,0.00051494123,1.1282504,-0.46027246,1.4005432,-1.930542,-13.476857,-10.431784,-14.619174662912501,-7.899828291433193,-0.12652537
2021-12-22,0.6542168674698795,-4.128915662650603,0.0,1027.1843750000003,2.2307692307692304,0.35591367,4.2878994e-05,0.8841269,1.5946012,-0.1020813,-2.3710327,-14.979482,-10.872274,-14.98182526532214,-10.191394556493435,-0.12652537
2021-12-23,1.7855421686746986,-4.253012048192771,86.02061855670104,1013.36875,2.9692307692307702,0.35591367,0.0015463844,0.7945575,2.1339607,0.75946045,-2.8928528,-14.11794,-11.394094,-13.85049996411732,-10.315490942035602,-0.12652537
2021-12-24,5.865060240963856,-4.750602409638554,59.92783505154639,999.6624999999999,4.105128205128205,0.35591367,0.007877036,2.2962558,-1.0488837,4.3342285,0.39697266,-10.543172,-8.104269,-9.770981891828164,-10.813081303481386,-0.12652537
2021-12-25,-1.9939759036144582,-10.812048192771085,0.010309278350515464,1012.7500000000001,1.7384615384615387,0.35591367,0.00048029804,0.33727297,-0.3422517,-3.282837,-6.416504,-18.160236,-14.917746,-17.630018036406476,-16.874527086613917,-0.12652537
2021-12-26,-3.093975903614458,-12.484337349397592,0.26804123711340205,1014.9281249999999,2.130769230769231,0.35591367,2.103173e-06,-1.9926925,0.40649757,-4.195862,-9.395325,-19.073261,-17.896566,-18.730018036406477,-18.546816243240425,-0.12652537
2021-12-27,-0.7289156626506024,-8.20722891566265,0.3917525773195876,1009.0562500000001,3.8564102564102565,0.35591367,6.0815553e-05,-3.218757,1.5506655,-0.19241333,-6.550537,-15.069814,-15.051779,-16.36495779544262,-14.269707809505483,-0.12652537
2021-12-28,2.7590361445783134,-3.5445783132530124,20.701030927835053,1001.00625,3.9743589743589736,0.35591367,0.0004272405,-2.2580364,2.2563205,2.628479,-2.413391,-12.248921,-10.914633,-12.877005988213705,-9.607057207095846,-0.12652537
2021-12-29,5.379518072289157,1.4566265060240964,6.855670103092783,1003.2093750000001,2.0846153846153848,0.35591367,0.00042253893,1.355795,1.1328034,3.9326172,2.557434,-10.944783,-5.9438076,-10.256524060502862,-4.605852387818736,-0.12652537
2021-12-30,12.489156626506025,4.1012048192771084,23.0,1010.8656249999999,3.962162162162161,0.35591367,0.001530759,3.0909586,1.6552876,11.551697,3.5780334,-3.3257036,-4.923208,-3.1468855062859937,-1.9612740745657238,-0.12652537
2021-12-31,13.991566265060243,11.301204819277109,31.123711340206185,1013.94375,5.740540540540541,0.35591367,0.0015004547,4.8005548,1.2891362,12.128418,10.477539,-2.7489824,1.9762974,-1.6444758677317761,5.238725925434276,-0.12652537
2022-01-01,12.624096385542169,9.012048192771084,1.8556701030927836,1020.8843750000001,4.256756756756758,0.35591367,0.001252635,3.2118185,0.8085889,11.230133,9.953796,-3.6472673,1.4525547,-3.0119457472498503,2.9495692989282523,-0.12652537
2022-01-02,11.973493975903617,7.403614457831325,54.70103092783505,1013.371875,4.710810810810812,0.35591367,0.001437924,3.013999,2.8158462,10.789917,7.2392273,-4.0874834,-1.2620144,-3.662548156888402,1.3411355639884928,-0.12652537
2022-01-03,10.51686746987952,6.006024096385543,17.52577319587629,1006.5343750000001,5.284615384615385,0.35591367,0.006013096,4.5692687,1.7029787,8.973633,7.3042297,-5.9037676,-1.197012,-5.119174662912499,-0.056454797457289096,-0.12652537
2022-01-04,7.37710843373494,3.672289156626506,41.96907216494845,996.9250000000001,3.184615384615385,0.35591367,0.0013023192,2.172061,1.5515395,7.1714783,5.944641,-7.705922,-2.5566006,-8.258933699057078,-2.390189737216326,-0.12652537
2022-01-05,4.87710843373494,1.5771084337349401,16.11340206185567,997.403125,5.171794871794872,0.35591367,0.0010856201,4.0567813,1.1688154,3.8974,1.7991943,-10.9800005,-6.7020473,-10.758933699057078,-4.485370460107892,-0.12652537
2022-01-06,3.601204819277109,-2.2048192771084336,0.09278350515463918,1012.6500000000001,4.058974358974359,0.35591367,0.00028066113,2.9343483,-0.71511054,2.4827576,-1.8013916,-12.394643,-10.302633,-12.03483731351491,-8.267298170951266,-0.12652537
2022-01-07,2.4036144578313254,-2.2879518072289162,17.195876288659793,1014.4718750000001,3.879487179487179,0.35591367,0.00020344117,1.3330847,3.0286865,2.3823242,-1.5927429,-12.495076,-10.093985,-13.232427674960693,-8.350430701071748,-0.12652537
2022-01-08,2.7409638554216866,-0.5771084337349398,0.5257731958762887,1009.0156250000002,3.28974358974359,0.35591367,0.000110905115,1.0756524,2.4402254,3.0422058,-0.42285156,-11.835195,-8.924093,-12.895078277370333,-6.639587327577772,-0.12652537
2022-01-09,3.355421686746988,-0.83855421686747,14.639175257731958,998.915625,3.9615384615384617,0.35591367,0.0003092465,-1.2553711,2.3585281,3.135254,-1.2024536,-11.7421465,-9.703695,-12.280620446045031,-6.901033110710302,-0.12652537
2022-01-10,3.8578313253012055,-1.1867469879518073,2.7216494845360826,1018.203125,2.084615384615385,0.35591367,0.00011306692,-0.5250852,-0.4407533,3.5291748,0.44692993,-11.348226,-8.054312,-11.778210807490813,-7.24922588179464,-0.12652537
2022-01-11,0.4771084337349398,-3.7975903614457835,0.32989690721649484,1034.94375,2.3000000000000003,0.35591367,1.2517708e-05,-1.1534528,1.3587538,-0.981781,-2.379486,-15.859181,-10.880728,-15.15893369905708,-9.860069255288616,-0.12652537
2022-01-12,3.579518072289157,-2.7325301204819277,0.5463917525773195,1036.3187500000001,2.8153846153846156,0.35591367,0.000121550336,1.8307776,0.83168036,1.8097229,-1.6982117,-13.0676775,-10.199453,-12.056524060502863,-8.79500901432476,-0.12652537
2022-01-13,5.444578313253013,2.467469879518073,0.010309278350515464,1034.3968750000001,5.01081081081081,0.35591367,0.00015383212,4.3676662,0.44090486,4.8309937,2.15979,-10.046407,-6.3414516,-10.191463819539006,-3.5950090143247593,-0.12652537
2022-01-14,6.514457831325302,1.0228915662650604,0.9278350515463918,1029.484375,5.256410256410257,0.35591367,7.806057e-05,4.3331714,-0.64519876,6.593628,3.3070374,-8.283772,-5.1942043,-9.121584301466717,-5.039587327577772,-0.12652537
2022-01-15,3.363855421686747,-1.4481927710843372,0.0,1029.384375,2.160526315789474,0.35591367,1.0108476e-05,1.8210173,0.2493515,3.4910278,-0.3031006,-11.386373,-8.804342,-12.272186711105272,-7.51067166492717,-0.12652537
2022-01-16,5.160240963855422,-1.689156626506024,2.5051546391752577,1020.8562499999999,4.064102564102564,0.35591367,0.00019768208,2.9546127,1.2580338,4.59964,-0.21511841,-10.2777605,-8.71636,-10.475801168936597,-7.751635520348856,-0.12652537
2022-01-17,6.486746987951807,-0.30843373493975906,34.81443298969072,1020.9781250000001,6.6974358974358985,0.35591367,0.0020603708,4.9299054,-1.8534511,5.741028,1.4327698,-9.136373,-7.068472,-9.149295144840213,-6.370912628782591,-0.12652537
2022-01-18,5.083132530120483,-1.4240963855421687,0.6288659793814433,1034.3000000000002,2.7794871794871794,0.35591367,0.00017250887,2.3492541,-0.22555691,4.3533936,-0.96884155,-10.524007,-9.470083,-10.552909602671537,-7.486575279385001,-0.12652537
2022-01-19,5.1012048192771084,1.3397590361445786,11.731958762886597,1024.08125,4.638461538461539,0.35591367,9.284264e-05,2.9189618,2.082882,4.1352234,1.9246216,-10.742177,-6.57662,-10.53483731351491,-4.722719857698253,-0.12652537
2022-01-20,3.806024096385542,-1.9807228915662656,9.43298969072165,1014.3781250000001,6.769230769230769,0.35591367,0.0011638826,5.208839,-2.2491722,3.8394775,-0.29144287,-11.037923,-8.792685,-11.830018036406477,-8.043201785409098,-0.12652537
2022-01-21,3.1783132530120484,-3.2313253012048193,18.762886597938145,1023.8625000000001,5.225641025641025,0.35591367,0.00014591157,3.9554412,-1.0822902,2.222046,-2.3534546,-12.6553545,-10.854696,-12.457728879779971,-9.293804195047652,-0.12652537
2022-01-22,4.251807228915663,1.019277108433735,7.670103092783505,1026.415625,2.7307692307692313,0.35591367,0.00057791895,1.3453549,-1.3006033,3.4199219,0.31521606,-11.457479,-8.186026,-11.384234903876356,-5.043201785409098,-0.12652537
2022-01-23,6.1000000000000005,2.8289156626506027,12.010309278350515,1031.9718750000002,2.4692307692307693,0.35591367,0.00042428004,1.9751304,-0.8546446,6.046051,2.7566223,-8.831349,-5.7446194,-9.53604213279202,-3.2335632311922295,-0.12652537
2022-01-24,6.067469879518073,3.7433734939759042,4.628865979381444,1034.24375,2.0205128205128204,0.35591367,0.00022277668,1.577249,-0.08986621,6.1331177,4.458252,-8.744283,-4.0429897,-9.568572253273945,-2.319105399866928,-0.12652537
2022-01-25,4.661445783132531,2.651807228915663,5.752577319587629,1031.73125,3.2846153846153845,0.35591367,0.00021908547,2.811753,-0.2961277,4.4742737,2.6108398,-10.403127,-5.890402,-10.974596349659489,-3.410671664927169,-0.12652537
2022-01-26,3.608433734939759,1.563855421686747,2.0,1027.7156250000003,4.702564102564103,0.35591367,0.00060810026,3.9433794,0.34701753,3.6843872,2.1826172,-11.193013,-6.3186245,-12.02760839785226,-4.498623472156085,-0.12652537
2022-01-27,6.163855421686748,2.5084337349397594,9.1340206185567,1016.7812500000001,7.105128205128207,0.35591367,0.00090737053,5.7244487,1.304977,5.686157,2.9172363,-9.191243,-5.5840054,-9.472186711105271,-3.554045158903073,-0.12652537
2022-01-28,6.420481927710845,1.9638554216867474,13.649484536082474,1021.6437500000001,6.435135135135137,0.35591367,7.862932e-05,4.782042,-2.0013278,5.9213867,2.5784302,-8.956014,-5.9228115,-9.215560205081175,-4.098623472156085,-0.12652537
2022-01-29,9.13132530120482,2.107228915662651,47.95876288659794,1016.725,7.078378378378379,0.35591367,0.0041587795,5.6398144,1.7150558,8.6059265,2.1403198,-6.271474,-6.360922,-6.504716831587199,-3.955249978180181,-0.12652537
2022-01-30,6.910843373493976,3.3481927710843378,0.9690721649484536,1012.346875,9.830769230769231,0.35591367,0.00030157025,7.688679,-2.524318,6.7838745,4.3551025,-8.093526,-4.146139,-8.725198759298042,-2.7142861227584945,-0.12652537
2022-01-31,4.010843373493977,-0.2506024096385543,12.65979381443299,1008.184375,2.662162162162162,0.35591367,0.00040018265,1.0697955,0.02099502,3.2102356,0.954834,-11.667165,-7.5464077,-11.625198759298042,-6.313081303481386,-0.12652537
2022-02-01,6.13132530120482,0.5289156626506025,47.95876288659794,1006.915625,5.78918918918919,0.35591367,0.0027102486,4.8253894,0.41560733,5.341614,0.04736328,-9.535787,-8.453878,-9.5047168315872,-5.53356323119223,-0.12652537
2022-02-02,6.4867469879518085,0.6674698795180724,5.43298969072165,1006.715625,6.817948717948718,0.35591367,0.0010333551,5.2860394,-2.8254576,5.9362793,3.0595093,-8.941121,-5.4417324,-9.14929514484021,-5.39500901432476,-0.12652537
2022-02-03,6.920481927710845,0.21204819277108436,34.52577319587629,1016.3,3.338461538461538,0.35591367,0.0014384299,2.0849981,1.8932484,6.479767,1.0530396,-8.397634,-7.448202,-8.715560205081175,-5.850430701071748,-0.12652537
2022-02-04,8.083132530120483,3.1855421686746994,15.731958762886597,1008.2968750000002,5.015384615384615,0.35591367,0.0007382163,3.3476315,2.4152243,7.357544,5.101166,-7.5198565,-3.400076,-7.552909602671535,-2.876936725168133,-0.12652537
2022-02-05,6.321686746987952,2.0542168674698793,15.206185567010309,1012.61875,6.510256410256411,0.35591367,0.0005661833,5.2493877,1.2262483,5.708496,2.6913147,-9.168904,-5.809927,-9.314355385804067,-4.008262026372953,-0.12652537
2022-02-06,7.819277108433735,2.9506024096385546,64.17525773195877,1001.4437500000001,7.476923076923076,0.35591367,0.0046772915,5.2368865,3.4487517,7.1943665,3.7546387,-7.683034,-4.746603,-7.816765024358284,-3.1118764842042776,-0.12652537
2022-02-07,6.6000000000000005,1.7349397590361446,3.0618556701030926,1007.490625,6.930769230769231,0.35591367,0.0014641214,5.500313,-2.0633328,6.2868958,1.9920654,-8.590505,-6.5091763,-9.03604213279202,-4.327539134806687,-0.12652537
2022-02-08,8.893975903614459,2.085542168674699,14.11340206185567,1021.603125,5.728205128205128,0.35591367,0.0010111417,4.42697,1.1842852,8.451202,2.666687,-6.426198,-5.8345547,-6.74206622917756,-3.9769367251681333,-0.12652537
2022-02-09,9.763855421686747,7.380722891566267,2.649484536082474,1022.578125,5.151282051282052,0.35591367,0.00028229205,4.166759,1.6436244,9.314728,7.5411987,-5.5626726,-0.96004295,-5.872186711105272,1.3182439977234344,-0.12652537
2022-02-10,9.859036144578315,3.4144578313253016,29.216494845360824,1018.6031250000001,3.3615384615384616,0.35591367,0.00059405813,2.7548587,0.90799445,9.767151,5.7479553,-5.1102495,-2.7532864,-5.777005988213704,-2.6480210625175307,-0.12652537
2022-02-11,5.537349397590361,-0.8132530120481929,11.907216494845361,1021.3781250000001,3.541025641025641,0.35591367,0.0011770941,2.4997394,-0.42309463,5.7423706,2.6279297,-9.13503,-5.873312,-10.098692735201658,-6.875731905891025,-0.12652537
2022-02-12,5.06987951807229,-3.4590361445783135,0.0,1031.46875,3.138461538461538,0.35591367,6.791314e-05,0.79919034,2.1558,3.7514038,-1.2089844,-11.125997,-9.710226,-10.56616261471973,-9.521515038421146,-0.12652537
2022-02-13,7.928915662650604,-1.4807228915662651,0.0,1017.9562500000001,4.235897435897437,0.35591367,1.3871846e-06,0.7586047,3.4933023,7.221649,-0.72317505,-7.655751,-9.224417,-7.707126470141415,-7.543201785409098,-0.12652537
2022-02-14,12.553012048192771,2.726506024096386,0.16494845360824742,1006.69375,4.841025641025642,0.35591367,1.1829492e-06,0.58741546,3.7974045,11.706268,2.9435425,-3.171132,-5.557699,-3.0830300845992475,-3.3359728697464464,-0.12652537
2022-02-15,9.927710843373495,4.371084337349398,10.536082474226804,1008.7843750000001,3.9179487179487182,0.35591367,9.763058e-06,2.2817023,2.2636623,9.212463,4.666168,-5.664937,-3.8350735,-5.708331289418524,-1.6913945564934343,-0.12652537
2022-02-16,12.287951807228916,4.627710843373494,104.50515463917526,999.30625,6.67948717948718,0.35591367,0.0037141861,3.5212095,4.7813826,10.376831,4.9175415,-4.5005693,-3.5837002,-3.3480903255631027,-1.434768050469338,-0.12652537
2022-02-17,13.061445783132532,4.702409638554216,31.31958762886598,990.1343750000001,10.171794871794871,0.35591367,0.007719965,8.591486,0.32137978,11.683777,5.6033936,-3.1936235,-2.8978481,-2.574596349659487,-1.3600692552886162,-0.12652537
2022-02-18,10.921686746987953,3.201204819277109,34.30927835051546,1001.0250000000001,6.6692307692307695,0.35591367,0.002150784,4.455754,3.106057,10.43927,3.2792969,-4.4381304,-5.221945,-4.714355385804065,-2.8612740745657232,-0.12652537
2022-02-19,7.887951807228916,2.8891566265060242,26.02061855670103,1003.1375000000002,9.294594594594596,0.35591367,0.0012624216,7.328099,2.39343,7.0820312,4.681061,-7.795369,-3.820181,-7.748090325563103,-3.173322267336808,-0.12652537
2022-02-20,9.097590361445784,2.3373493975903616,66.76288659793815,1004.9125000000001,5.848717948717949,0.35591367,0.0035328988,3.7513168,3.0748188,8.136719,2.528839,-6.7406816,-5.9724026,-6.538451771346235,-3.7251294962524706,-0.12652537
2022-02-21,10.406024096385543,3.0759036144578316,28.701030927835053,992.9000000000001,8.035897435897436,0.35591367,0.0031018367,5.954159,2.1561935,9.014252,1.8274231,-5.8631487,-6.6738186,-5.2300180364064754,-2.9865752793850007,-0.12652537
2022-02-22,7.528915662650603,3.310843373493977,20.47422680412371,1009.490625,5.671794871794872,0.35591367,0.0013883634,4.9222636,0.055531684,7.0791016,3.975647,-7.798299,-4.5255947,-8.107126470141417,-2.7516355203488554,-0.12652537
2022-02-23,9.840963855421688,1.2891566265060241,0.020618556701030927,1018.7233333333334,5.410256410256411,0.35591367,0.00032236226,4.4543138,0.04985212,8.731628,4.4674377,-6.145772,-4.033804,-5.795078277370331,-4.773322267336808,-0.12652537
2022-02-24,10.098795180722892,0.46144578313253015,4.690721649484536,1012.871875,5.005128205128206,0.35591367,0.00021694956,2.0193954,3.4769843,10.156921,2.0331116,-4.720479,-6.46813,-5.537246952069127,-5.601033110710302,-0.12652537
2022-02-25,7.038554216867469,1.7578313253012052,10.77319587628866,1015.1437500000001,5.9743589743589745,0.35591367,0.00075724936,4.7637057,1.3875208,6.440857,2.396759,-8.436543,-6.1044827,-8.59748791592455,-4.304647568541627,-0.12652537
2022-02-26,7.191566265060242,-1.2915662650602409,0.422680412371134,1030.6,3.1794871794871793,0.35591367,0.00015793597,0.7213493,-2.0919988,7.212921,2.3009644,-7.6644793,-6.2002773,-8.444475867731777,-7.354045158903073,-0.12652537
2022-02-27,5.7783132530120485,-3.093975903614458,0.010309278350515464,1037.7812500000002,2.0054054054054054,0.35591367,4.4680105e-06,-1.7056054,-0.2877151,6.3689575,-2.362976,-8.508443,-10.864218,-9.85772887977997,-9.15645479745729,-0.12652537
2022-02-28,5.8421686746987955,-2.4602409638554215,0.0,1036.7466666666667,2.407692307692308,0.35591367,1.9426507e-06,-1.6936299,0.90444016,5.3999634,-0.9008179,-9.477437,-9.40206,-9.793873458093223,-8.522719857698254,-0.12652537
2022-03-01,7.5096385542168695,-3.746987951807229,0.0,1033.46875,2.756410256410257,0.48515207,1.2504557e-07,-1.1630026,1.9959329,5.8221436,-3.0623474,-9.055257,-11.563589,-8.12640357857515,-9.80946684565006,0.0027130246
2022-03-02,8.250602409638553,-3.674698795180723,0.0,1026.9433333333334,1.2564102564102564,0.48515207,2.871072e-07,-0.84949785,0.19993527,5.9561768,-2.526947,-8.921224,-11.028189,-7.385439723153466,-9.737177689023556,0.0027130246
2022-03-03,4.021686746987952,-4.450602409638554,0.0,1022.146875,2.22051282051282,0.48515207,1.0727667e-05,-0.22413422,-1.9667474,4.537201,-3.6586304,-10.340199,-12.159872,-11.614355385804068,-10.513081303481385,0.0027130246
2022-03-04,4.344578313253012,-2.007228915662651,0.08247422680412371,1024.2218750000002,2.176923076923077,0.48515207,3.726027e-05,-0.7044108,-1.7400036,3.13031,-0.94329834,-11.74709,-9.44454,-11.291463819539008,-8.069707809505484,0.0027130246
2022-03-05,5.613253012048193,-3.918072289156627,0.0,1025.3666666666668,1.7820512820512822,0.48515207,3.2037507e-05,-1.1889611,-0.9852763,3.5688477,-1.1333008,-11.308553,-9.634542,-10.022789120743827,-9.98055118299946,0.0027130246
2022-03-06,2.101204819277108,-1.4313253012048195,0.0,1025.7250000000001,2.030769230769231,0.48515207,4.324868e-05,-0.108381055,-1.4964434,1.93396,-1.8953552,-12.94344,-10.396597,-13.534837313514911,-7.493804195047652,0.0027130246
2022-03-07,8.559036144578313,-2.9698795180722897,0.0,1026.1125,2.784615384615385,0.48515207,5.1751103e-06,0.91173023,-1.8596473,7.2039795,-2.2142334,-7.673421,-10.715475,-7.077005988213706,-9.032358411915123,0.0027130246
2022-03-08,10.025301204819279,-4.478313253012049,0.0,1026.4093750000002,1.3564102564102565,0.48515207,9.823383e-08,0.18762524,-0.6087972,7.7109985,-1.6309204,-7.166402,-10.132162,-5.61074092797274,-10.54079214685488,0.0027130246
2022-03-09,11.583132530120483,-4.036144578313253,0.0,1026.571875,1.5102564102564102,0.48515207,7.188747e-07,-0.25270358,-0.82581455,9.054626,-1.948822,-5.822774,-10.450064,-4.052909602671535,-10.098623472156085,0.0027130246
2022-03-10,9.496385542168674,-3.05421686746988,0.0,1030.8999999999999,3.6923076923076925,0.48515207,5.1585414e-07,-3.209839,1.2672325,6.8741455,-1.982605,-8.003255,-10.483847,-6.1396565906233445,-9.116695761312712,0.0027130246
2022-03-11,8.344578313253013,-2.519277108433735,0.0,1029.5718749999999,5.651282051282051,0.48515207,3.2161674e-07,-4.2703786,2.4390686,5.530609,-2.3979492,-9.346791,-10.899191,-7.291463819539006,-8.581756002276567,0.0027130246
2022-03-12,11.47710843373494,-2.1710843373493973,0.0,1025.884375,4.397435897435897,0.48515207,4.322408e-07,-2.9449968,2.392882,8.517883,-1.1005554,-6.359517,-9.601797,-4.158933699057078,-8.23356323119223,0.0027130246
2022-03-13,13.365060240963858,-2.357831325301205,0.0,1022.859375,4.26923076923077,0.48515207,3.4338134e-07,-3.369198,1.7971379,9.860046,-1.1392212,-5.017354,-9.640463,-2.2709818918281606,-8.420310219144037,0.0027130246
2022-03-14,12.826506024096387,-0.46987951807228917,15.11340206185567,1024.9781249999999,3.4461538461538463,0.48515207,0.00037081316,-0.42035842,2.0190237,10.66629,0.24035645,-4.21111,-8.260885,-2.8095361086956316,-6.532358411915121,0.0027130246
2022-03-15,12.107228915662652,2.4,6.402061855670103,1027.3781250000002,2.1342105263157896,0.48515207,0.00014160754,0.26450053,0.30354476,11.789612,2.4220886,-3.0877886,-6.079153,-3.5288132171293665,-3.6624788938428323,0.0027130246
2022-03-16,11.42409638554217,1.5843373493975903,0.020618556701030927,1027.878125,2.497435897435897,0.48515207,9.941676e-06,-1.7292491,-1.0785546,11.112122,2.9189453,-3.7652788,-5.5822964,-4.21194574724985,-4.478141544445242,0.0027130246
2022-03-17,11.615662650602411,2.5253012048192773,0.18556701030927836,1029.7875000000001,3.1025641025641026,0.48515207,4.7913825e-05,-0.9309728,0.7257797,13.164764,3.055664,-1.712636,-5.4455776,-4.0203794821896075,-3.537177689023555,0.0027130246
2022-03-18,12.90120481927711,1.5807228915662652,0.0,1041.15625,2.6564102564102567,0.48515207,2.899725e-05,-0.28284243,-2.3843253,11.570343,4.533783,-3.3070574,-3.9674587,-2.734837313514909,-4.481756002276567,0.0027130246
2022-03-19,10.791566265060242,-0.3024096385542169,0.12371134020618557,1044.265625,3.9666666666666663,0.48515207,0.00021106978,-2.9999983,-1.6313344,9.8497925,0.5985718,-5.027608,-7.90267,-4.844475867731777,-6.364888532397049,0.0027130246
2022-03-20,12.733734939759037,-0.09277108433734942,0.0,1039.471875,4.964102564102565,0.48515207,1.8777857e-05,-4.094904,1.342322,10.486298,0.58273315,-4.391103,-7.9185085,-2.902307193032982,-6.155249978180182,0.0027130246
2022-03-21,13.67710843373494,-0.8192771084337349,0.0,1036.7562500000001,3.6641025641025644,0.48515207,6.26088e-07,-2.4407988,2.2514944,11.542877,1.1535645,-3.3345232,-7.347677,-1.958933699057079,-6.881756002276568,0.0027130246
2022-03-22,17.33855421686747,-2.080722891566265,0.0,1034.9,2.312820512820513,0.48515207,3.4374128e-07,-1.6383861,1.3954498,13.972809,-0.3425293,-0.90459156,-8.843771,1.7025120840754493,-8.143201785409097,0.0027130246
2022-03-23,18.21566265060241,-1.4566265060240964,0.0,1031.3156250000002,1.9282051282051282,0.48515207,1.2003508e-06,-1.056739,-1.1465737,15.205322,0.46002197,0.32792187,-8.04122,2.579620517810392,-7.519105399866929,0.0027130246
2022-03-24,16.044578313253016,-1.732530120481928,0.0,1029.90625,1.453846153846154,0.48515207,5.349243e-07,-0.8503151,-1.1271442,13.253357,-0.7852478,-1.6240435,-9.2864895,0.40853618046099704,-7.79500901432476,0.0027130246
2022-03-25,16.856626506024096,-1.0048192771084339,0.0,1029.2,2.0307692307692307,0.48515207,8.9137455e-07,1.4922795,-0.8648333,14.807465,1.0169067,-0.0699358,-7.484335,1.220584373232077,-7.067298170951267,0.0027130246
2022-03-26,14.734939759036145,2.021686746987952,0.0,1028.49375,3.538461538461539,0.48515207,2.67893e-05,2.3804648,-1.4872179,12.758453,3.8527832,-2.118947,-4.6484585,-0.9011023737558741,-4.04079214685488,0.0027130246
2022-03-27,15.973493975903613,0.15060240963855423,0.0,1030.534375,1.9230769230769231,0.48515207,9.328116e-06,1.1399912,0.15658183,13.922546,4.299011,-0.954854,-4.2022305,0.3374518431115945,-5.911876484204278,0.0027130246
2022-03-28,16.63855421686747,2.565060240963856,0.4639175257731959,1021.246875,3.5871794871794873,0.48515207,6.136587e-05,2.7772472,-0.44243157,14.893433,4.510437,0.016032219,-3.9908047,1.00251208407545,-3.4974186528789764,0.0027130246
2022-03-29,11.728915662650602,2.1144578313253013,0.0,1011.1875000000001,3.738461538461539,0.48515207,6.3600724e-05,2.7478077,-1.0911692,10.237946,4.057251,-4.639455,-4.4439907,-3.9071264701414172,-3.948021062517531,0.0027130246
2022-03-30,8.432530120481928,-0.572289156626506,5.742268041237113,1006.0781250000001,2.4666666666666663,0.48515207,3.2243527e-06,-1.1963097,-1.2929355,9.035461,1.6764221,-5.841939,-6.8248196,-7.203512012310091,-6.634768050469338,0.0027130246
2022-03-31,6.449397590361445,-0.8493975903614458,0.6494845360824743,1004.653125,5.135135135135138,0.48515207,1.008286e-06,-4.394855,-1.4494575,6.2300415,-0.63516235,-8.647359,-9.136404,-9.186644542430574,-6.911876484204278,0.0027130246
2022-04-01,7.281927710843373,0.1602409638554217,0.030927835051546393,1006.325,6.235897435897437,0.48515207,6.648337e-05,-3.6764443,-3.7466938,6.7195435,0.9170532,-8.157857,-7.5841885,-8.354114421948646,-5.90223792998741,0.0027130246
2022-04-02,6.203614457831327,-2.7048192771084336,0.21649484536082475,1013.4625000000001,5.015384615384615,0.48515207,8.03877e-06,-1.5712833,-4.1285605,5.4995117,0.2296753,-9.377889,-8.271566,-9.432427674960692,-8.767298170951266,0.0027130246
2022-04-03,7.5192771084337355,-4.614457831325301,0.5979381443298969,1018.0375,3.5743589743589737,0.48515207,0.00011928417,2.7093737,-0.4610462,5.7686157,-1.6489868,-9.108785,-10.1502285,-8.116765024358283,-10.676936725168133,0.0027130246
2022-04-04,7.9156626506024095,0.4530120481927711,64.0,1007.31875,7.374358974358975,0.48515207,0.0018106265,5.043699,3.5962906,6.782776,0.6734619,-8.0946245,-7.82778,-7.7203794821896095,-5.609466845650061,0.0027130246
2022-04-05,9.080722891566266,4.151807228915663,47.30927835051546,1000.6812500000001,5.076923076923077,0.48515207,0.0017558769,4.3265853,-0.07217712,8.880371,4.3681335,-5.9970293,-4.133108,-6.555319241225753,-1.9106716649271691,0.0027130246
2022-04-06,12.518072289156626,7.2289156626506035,1.865979381443299,999.6000000000001,5.138461538461539,0.48515207,0.0019605423,4.177441,2.3817086,12.579163,6.651428,-2.2982378,-1.8498135,-3.117969843635393,1.1664367688077713,0.0027130246
2022-04-07,14.208433734939762,6.025301204819278,75.0618556701031,987.6875,6.828205128205129,0.48515207,0.003144458,4.3505316,4.4204774,13.538727,8.410919,-1.3386736,-0.090322495,-1.4276083978522571,-0.03717768902355445,0.0027130246
2022-04-08,9.50843373493976,2.6228915662650603,8.381443298969073,992.3375000000001,6.091891891891891,0.48515207,0.0025794609,4.8486886,0.91130924,9.742554,4.737335,-5.1348467,-3.7639065,-6.127608397852258,-3.439587327577772,0.0027130246
2022-04-09,10.073493975903617,1.9674698795180725,12.030927835051546,1002.2625,5.523076923076922,0.48515207,0.0007631937,4.827109,0.033536974,9.212158,3.4022827,-5.665242,-5.098959,-5.562548156888402,-4.095009014324759,0.0027130246
2022-04-10,8.901204819277108,1.6072289156626507,9.494845360824742,1014.5343750000001,5.179487179487179,0.48515207,0.0012808694,4.5539374,-0.040455047,8.371765,2.8351135,-6.5056353,-5.666128,-6.734837313514911,-4.4552499781801815,0.0027130246
2022-04-11,12.331325301204819,-0.030120481927710854,0.05154639175257732,1019.4625,2.971794871794872,0.48515207,0.0001751071,1.7940785,0.05652207,10.442322,2.6253662,-4.4350786,-5.8758755,-3.3047168315872,-6.0925993757705434,0.0027130246
2022-04-12,16.844578313253013,-0.5397590361445783,0.0,1018.7218750000001,3.0538461538461545,0.48515207,3.446691e-06,-2.653907,1.1949787,14.785431,0.9390869,-0.09196949,-7.562155,1.2085361804609942,-6.60223792998741,0.0027130246
2022-04-13,21.391566265060245,4.772289156626506,1.0515463917525774,1017.5374999999999,3.035897435897436,0.48515207,1.6952537e-05,-2.1059535,1.978161,19.447723,6.8789062,4.570323,-1.6223354,5.755524132268226,-1.290189737216326,0.0027130246
2022-04-14,16.814457831325303,6.943373493975903,33.08247422680412,1018.884375,2.4000000000000004,0.48515207,0.0013818654,1.1933957,-0.28607306,15.586945,8.355713,0.7095442,-0.1455288,1.1784156985332839,0.8808946001330709,0.0027130246
2022-04-15,10.143373493975904,3.4951807228915666,6.216494845360825,1023.9625000000001,4.238461538461538,0.48515207,0.0008982503,1.4472872,-2.814579,9.091827,6.6679688,-5.785573,-1.8332729,-5.492668638816115,-2.5672981709512657,0.0027130246
2022-04-16,12.531325301204822,0.483132530120482,0.0,1033.75,3.451282051282051,0.48515207,6.4440064e-05,-1.8376478,-2.898281,11.377472,3.2531738,-3.4999285,-5.248068,-3.104716831587197,-5.57934636372235,0.0027130246
2022-04-17,14.60120481927711,-1.5301204819277108,0.0,1030.6812499999999,2.1256410256410256,0.48515207,8.5485044e-07,-0.6664331,-1.6845411,13.311523,1.1138,-1.565877,-7.3874416,-1.0348373135149096,-7.5925993757705434,0.0027130246
2022-04-18,15.420481927710844,0.03373493975903615,0.0,1021.2343750000001,2.2871794871794875,0.48515207,2.48601e-07,-0.97136,-1.957251,13.834045,2.415039,-1.043355,-6.0862026,-0.21556020508117513,-6.028743954083796,0.0027130246
2022-04-19,13.881927710843375,1.9469879518072293,0.05154639175257732,1015.98125,3.5846153846153856,0.48515207,0.00011550414,-1.6931146,-2.7971113,12.459595,4.3728333,-2.4178057,-4.1284084,-1.7541144219486444,-4.115490942035603,0.0027130246
2022-04-20,12.893975903614459,2.9481927710843374,9.11340206185567,1016.7437500000001,3.102564102564102,0.48515207,0.00073285116,-0.18067805,-2.7897875,11.95813,5.4377747,-2.9192705,-3.063467,-2.74206622917756,-3.114286122758495,0.0027130246
2022-04-21,12.226506024096386,6.024096385542169,5.711340206185567,1014.2437500000001,2.6487179487179486,0.48515207,0.00070643687,-1.5865074,-1.5002285,11.248749,6.7209473,-3.6286516,-1.7802944,-3.409536108695633,-0.038382508300663254,0.0027130246
2022-04-22,14.510843373493977,4.945783132530121,0.845360824742268,1011.125,3.620512820512821,0.48515207,0.00044020684,-3.3052902,-0.8753886,14.413727,7.081787,-0.4636736,-1.4194546,-1.1251987592980424,-1.1166957613127115,0.0027130246
2022-04-23,17.365060240963857,3.098795180722892,0.0,1010.6250000000002,3.61025641025641,0.48515207,3.269594e-05,-2.7971554,-1.4952054,15.456055,7.373535,0.5786543,-1.1277065,1.7290181081718377,-2.96368371311994,0.0027130246
2022-04-24,16.55783132530121,4.504819277108434,13.70103092783505,1005.896875,4.25897435897436,0.48515207,0.0002461294,-3.083382,-2.371417,15.57251,7.640381,0.69510937,-0.8608608,0.9217891925091894,-1.557659616734398,0.0027130246
2022-04-25,13.922891566265061,3.651807228915663,0.17525773195876287,1010.8281250000001,3.1743589743589746,0.48515207,3.471652e-05,-1.2314224,-2.796833,12.929749,5.47406,-1.9476519,-3.0271816,-1.7131505665269575,-2.410671664927169,0.0027130246
2022-04-26,16.77710843373494,1.4096385542168675,0.1134020618556701,1016.678125,1.7794871794871796,0.48515207,2.059715e-05,-0.8504439,-0.86586696,14.981964,4.2924194,0.10456371,-4.2088223,1.1410663009429225,-4.652840339625965,0.0027130246
2022-04-27,17.36144578313253,3.6036144578313256,0.0,1023.103125,2.4153846153846152,0.48515207,2.7783395e-05,0.45932516,-2.0306425,14.899048,6.9042053,0.021647453,-1.5970364,1.7254036503405121,-2.4588644360115066,0.0027130246
2022-04-28,17.26024096385542,3.333734939759036,0.0,1027.95625,2.1948717948717955,0.48515207,2.3680325e-06,0.70045394,-1.668736,15.084503,6.593994,0.20710278,-1.9072475,1.624198831063401,-2.728743954083796,0.0027130246
2022-04-29,18.615662650602413,2.3373493975903616,0.0,1028.0,1.6410256410256407,0.48515207,1.4205771e-07,-0.33154997,-0.7500308,17.435059,5.826721,2.5576582,-2.6745205,2.9796205178103943,-3.7251294962524706,0.0027130246
2022-04-30,18.401204819277112,5.733734939759037,0.020618556701030927,1023.5500000000001,2.266666666666667,0.48515207,2.528741e-05,-0.38646019,-0.7540336,18.115723,8.8403015,3.2383223,0.33905983,2.765162686485093,-0.3287439540837953,0.0027130246
2022-05-01,16.87831325301205,4.8265060240963855,0.10309278350515463,1022.253125,2.294871794871795,0.48515207,4.3605455e-06,-0.820957,-2.1186268,15.519226,8.198639,0.6418257,-0.30260277,1.24227112022003,-1.2359728697464467,0.0027130246
2022-05-02,19.295180722891565,4.657831325301205,0.010309278350515464,1019.50625,1.9487179487179487,0.48515207,9.935122e-06,-0.10571035,-1.3688421,17.460236,7.986389,2.5828352,-0.5148525,3.6591385900995466,-1.4046475685416269,0.0027130246
2022-05-03,18.46385542168675,5.021686746987952,0.0,1016.86875,2.2948717948717947,0.48515207,5.0194144e-06,0.6027743,-1.7266356,16.98767,7.8378296,2.1102705,-0.6634121,2.8278132888947294,-1.04079214685488,0.0027130246
2022-05-04,19.660240963855426,5.096385542168675,9.927835051546392,1017.890625,1.7435897435897436,0.48515207,4.483537e-05,-0.30755466,-0.26021293,17.789581,8.4027405,2.912181,-0.098501205,4.024198831063407,-0.9660933516741572,0.0027130246
2022-05-05,18.8144578313253,7.025301204819278,0.28865979381443296,1019.8375000000001,2.453846153846154,0.48515207,0.001838792,0.83169174,-1.9989233,17.605652,11.207275,2.7282515,2.7060337,3.1784156985332803,0.9628223109764456,0.0027130246
2022-05-06,20.073493975903617,4.334939759036144,0.0,1024.0281249999998,1.6487179487179486,0.48515207,0.00020055943,0.50772053,-0.63567066,17.797577,8.310608,2.9201765,-0.19063377,4.437451843111598,-1.7275391348066886,0.0027130246
2022-05-07,22.315662650602412,7.504819277108435,4.412371134020619,1022.215625,2.3692307692307693,0.48515207,0.0004217351,1.2869867,-0.35093585,20.608368,9.899506,5.7309675,1.3982639,6.679620517810394,1.442340383265603,0.0027130246
2022-05-08,19.492771084337353,6.743373493975904,0.23711340206185566,1025.15625,2.787179487179488,0.48515207,0.0005376292,0.3054339,-2.271828,18.319397,11.730591,3.4419966,3.2293491,3.8567289515453336,0.6808946001330716,0.0027130246
2022-05-09,21.522891566265063,4.2939759036144585,0.0,1027.73125,2.3794871794871804,0.48515207,2.3748924e-05,-1.9760523,-0.2046356,20.367615,8.668274,5.4902143,0.16703224,5.886849433473044,-1.7685029902283738,0.0027130246
2022-05-10,26.098795180722888,7.367469879518072,3.2783505154639174,1019.4250000000001,2.938461538461539,0.48515207,7.757201e-05,0.42583314,2.1119287,24.961304,11.949249,10.083903,3.4480076,10.46275304793087,1.3049909856752402,0.0027130246
2022-05-11,28.02650602409639,14.404819277108432,18.567010309278352,1011.0281250000002,3.634210526315789,0.48515207,0.00089751463,2.658769,2.2647696,25.979248,16.035889,11.101848,7.534647,12.39046389130437,8.3423403832656,0.0027130246
2022-05-12,20.54698795180723,10.121686746987953,0.422680412371134,1013.284375,4.438461538461538,0.48515207,0.00046127057,4.3856077,-0.15982118,19.274048,15.106018,4.3966475,6.6047764,4.910945819015209,4.059207853145121,0.0027130246
2022-05-13,19.43855421686747,7.344578313253014,1.134020618556701,1016.8093749999999,3.5743589743589745,0.48515207,8.14391e-05,3.4964666,0.17327435,17.905151,11.500366,3.027751,2.9991245,3.8025120840754507,1.2820994194101818,0.0027130246
2022-05-14,20.801204819277107,8.014457831325302,0.0,1018.790625,3.9230769230769225,0.48515207,5.8595866e-05,3.6329987,-1.0544744,19.113342,14.029541,4.235942,5.5282993,5.165162686485088,1.9519789374824699,0.0027130246
2022-05-15,21.879518072289155,5.425301204819277,0.0,1021.496875,1.9000000000000001,0.48515207,3.8519506e-06,-0.1410177,-1.3335205,20.750671,10.009155,5.873271,1.5079136,6.243475939497136,-0.637177689023555,0.0027130246
2022-05-16,25.613253012048194,7.1012048192771084,38.896907216494846,1018.90625,2.602564102564103,0.48515207,4.930834e-07,-2.809079,-0.06123494,24.612976,11.818115,9.735576,3.3168736,9.977210879256175,1.0387259254342762,0.0027130246
2022-05-17,21.456626506024097,11.759036144578314,13.216494845360824,1019.9,2.115384615384616,0.48515207,0.00028453913,-0.5432843,-0.8282638,21.071716,15.315094,6.194316,6.8138523,5.820584373232078,5.696557250735482,0.0027130246
2022-05-18,24.943373493975905,10.106024096385543,0.0,1024.7562500000001,3.3538461538461535,0.48515207,1.8056584e-05,-2.4574194,2.2683053,24.68637,13.005371,9.80897,4.5041294,9.307331361183886,4.0435452025427105,0.0027130246
2022-05-19,28.583132530120483,12.163855421686748,2.4123711340206184,1020.484375,3.071794871794872,0.48515207,6.9639056e-05,0.2640775,2.5946143,28.386475,16.520569,13.509074,8.019327,12.947090397328465,6.101376527843915,0.0027130246
2022-05-20,25.08795180722892,15.567469879518072,67.80412371134021,1017.1437500000001,3.235897435897436,0.48515207,0.00076867774,2.432616,0.2393002,24.39392,17.001831,9.5165205,8.500589,9.4519096744369,9.504990985675239,0.0027130246
2022-05-21,18.987951807228917,10.853012048192772,13.474226804123711,1014.803125,6.192307692307693,0.48515207,0.0005161902,6.105585,-0.8464262,18.65686,13.574585,3.77946,5.0733433,3.3519096744368984,4.79053315434994,0.0027130246
2022-05-22,19.528915662650604,8.431325301204822,0.6391752577319587,1016.35625,2.6256410256410256,0.48515207,4.4955363e-05,1.6491205,-1.2243218,17.854248,12.220306,2.9768476,3.7190647,3.8928735298585853,2.36884640736199,0.0027130246
2022-05-23,23.14096385542169,7.610843373493976,8.556701030927835,1009.44375,3.85897435897436,0.48515207,1.09958155e-05,-3.061786,2.364692,22.594727,11.289307,7.717326,2.788065,7.504921722629669,1.548364479651144,0.0027130246
2022-05-24,22.20240963855422,10.114457831325302,6.804123711340206,1004.334375,3.7078947368421056,0.48515207,0.004727825,1.7886996,1.4908246,21.3891,15.71286,6.5116987,7.2116184,6.5663675057622,4.0519789374824695,0.0027130246
2022-05-25,21.18072289156627,8.198795180722891,3.0103092783505154,1013.51875,2.6743589743589746,0.48515207,0.00042353236,2.2496846,0.7855072,19.900574,11.560181,5.0231733,3.058939,5.54468075877425,2.136316286880059,0.0027130246
2022-05-26,20.95421686746988,12.044578313253012,26.742268041237114,1016.1562500000001,5.030769230769231,0.48515207,8.563508e-05,4.711777,0.7595609,19.827484,12.333252,4.9500837,3.8320103,5.3181747346778625,5.98209941941018,0.0027130246
2022-05-27,18.643373493975904,8.897590361445783,28.09278350515464,1014.134375,5.820512820512821,0.48515207,0.0011268295,5.691932,-0.6424872,17.543549,14.192322,2.6661482,5.69108,3.007331361183885,2.8351114676029505,0.0027130246
2022-05-28,16.04698795180723,7.5843373493975905,5.350515463917525,1013.0625,5.912820512820512,0.48515207,0.0005906309,5.650406,-1.1919423,15.960022,9.867493,1.0826216,1.366251,0.4109458190152093,1.5218584555547583,0.0027130246
2022-05-29,15.885542168674702,7.479518072289156,10.082474226804123,1011.746875,2.687179487179488,0.48515207,0.0004769161,2.4713905,0.7143951,15.233307,10.153564,0.3559065,1.6523228,0.24950003588268288,1.4170391784463234,0.0027130246
2022-05-30,16.048192771084338,6.403614457831325,4.71875,1011.890625,2.7025641025641027,0.48515207,0.00035833,2.2138212,-0.031090632,16.069489,8.823059,1.1920881,0.3218174,0.412150638292319,0.34113556398849276,0.0027130246
2022-05-31,20.30240963855422,5.301204819277109,21.288659793814432,1014.625,1.8769230769230774,0.48515207,0.00014561774,0.7862625,0.7044218,18.7229,10.493317,3.8455,1.992075,4.666367505762201,-0.7612740745657236,0.0027130246
2022-06-01,19.792771084337353,8.459036144578313,20.742268041237114,1013.40625,2.7897435897435905,0.5186352,0.0006553016,2.296529,0.9623647,19.364014,12.436768,4.4866133,3.935526,4.156728951545334,2.396557250735481,0.036196172
2022-06-02,19.56024096385542,7.243373493975904,0.030927835051546393,1019.41875,3.044736842105264,0.5186352,0.00028527176,2.895171,-0.32928646,18.471466,11.323303,3.5940657,2.8220615,3.9241988310634017,1.1808946001330716,0.036196172
2022-06-03,25.416867469879517,5.460240963855422,3.5051546391752577,1020.6437500000001,2.0710526315789477,0.5186352,1.2888363e-05,-1.1999327,-0.24090798,23.65448,10.812408,8.77708,2.3111668,9.780825337087498,-0.6022379299874103,0.036196172
2022-06-04,24.08433734939759,11.579518072289158,0.12371134020618557,1019.459375,2.868421052631579,0.5186352,1.20876675e-05,-1.458775,-2.818866,23.268494,15.261993,8.391093,6.7607517,8.44829521660557,5.517039178446326,0.036196172
2022-06-05,27.64819277108434,8.849397590361448,26.50515463917526,1018.6062499999999,2.947368421052632,0.5186352,1.2535928e-06,-2.704362,0.09091145,26.783752,12.277679,11.906352,3.7764378,12.01215063829232,2.786918696518616,0.036196172
2022-06-06,25.632530120481928,12.879518072289157,20.515463917525775,1013.890625,2.8210526315789473,0.5186352,0.0045812964,1.8649546,1.4726068,23.774597,17.571838,8.897197,9.070597,9.996487987689909,6.817039178446325,0.036196172
2022-06-07,23.945783132530124,11.90120481927711,0.05154639175257732,1012.7531250000001,2.5421052631578953,0.5186352,0.00031581768,1.5881767,1.1480299,23.01294,15.386017,8.135539,6.884775,8.309740999738105,5.838725925434278,0.036196172
2022-06-08,25.71204819277109,12.098795180722894,8.030927835051546,1009.121875,2.0333333333333337,0.5186352,0.00057142606,0.5223529,1.2525564,24.26654,15.116028,9.38914,6.614786,10.07600605997907,6.036316286880061,0.036196172
2022-06-09,22.251807228915663,13.86385542168675,3.7628865979381443,1010.54375,2.792307692307692,0.5186352,6.920352e-05,1.9456154,-0.8814972,23.39502,16.612946,8.517619,8.111704,6.615765096123644,7.801376527843918,0.036196172
2022-06-10,25.09759036144579,11.159036144578314,0.0,1020.8000000000001,2.7666666666666666,0.5186352,3.2168448e-06,2.2625463,-1.4314474,24.010193,15.245117,9.132792,6.7438755,9.46154822865377,5.096557250735482,0.036196172
2022-06-11,27.31204819277109,12.73012048192771,3.4742268041237114,1021.1624999999999,2.6,0.5186352,4.5430133e-05,1.5755472,0.42848885,25.425049,15.976715,10.547648,7.4754734,11.676006059979072,6.667641588084877,0.036196172
2022-06-12,26.64819277108434,12.498795180722892,0.7835051546391752,1019.659375,2.392307692307693,0.5186352,0.00026305413,1.452272,-0.6231119,24.934845,17.901978,10.057445,9.400736,11.01215063829232,6.43631628688006,0.036196172
2022-06-13,21.157831325301206,10.5,7.907216494845361,1017.8218750000001,3.8974358974358974,0.5186352,0.00022463019,3.1260195,-2.2063875,20.03479,15.471313,5.1573896,6.970072,5.521789192509187,4.437521106157168,0.036196172
2022-06-14,20.436144578313257,8.314457831325301,0.0,1021.6093750000001,3.1297297297297297,0.5186352,2.6569169e-05,2.3694444,-1.3601309,18.86438,12.6857605,3.9869795,4.184519,4.800102445521238,2.251978937482469,0.036196172
2022-06-15,26.15421686746988,7.222891566265061,0.0,1019.703125,1.8589743589743597,0.5186352,5.990267e-07,-0.73706526,-0.20402408,24.934265,11.139893,10.056865,2.638651,10.518174734677862,1.160412672422229,0.036196172
2022-06-16,24.843373493975903,11.455421686746988,0.07216494845360824,1018.40625,3.102564102564103,0.5186352,3.3594563e-06,0.31964982,-2.6631572,23.620758,16.0065,8.743358,7.5052586,9.207331361183885,5.392942792904155,0.036196172
2022-06-17,26.424096385542168,10.243373493975904,0.0,1022.95,2.2358974358974364,0.5186352,3.1169566e-05,1.5189915,-0.6595505,25.105713,14.6315,10.2283125,6.1302586,10.788054252750149,4.180894600133072,0.036196172
2022-06-18,33.76746987951807,15.106024096385545,0.0,1016.059375,3.353846153846154,0.5186352,4.0509578e-05,1.6470007,0.4976449,32.53076,18.454834,17.653362,9.953592,18.131427746726047,9.043545202542713,0.036196172
2022-06-19,34.483132530120486,14.867469879518072,59.63917525773196,1008.8312500000001,4.184615384615384,0.5186352,3.5508725e-05,0.5968979,-0.22628617,35.246155,21.625,20.368755,13.123758,18.847090397328465,8.80499098567524,0.036196172
2022-06-20,18.0566265060241,10.9,69.42268041237114,1011.6999999999999,2.856410256410256,0.5186352,0.007341607,1.1888086,-1.2259052,17.952667,14.432068,3.0752668,5.930826,2.4205843732320798,4.837521106157168,0.036196172
2022-06-21,24.201204819277113,9.902409638554218,0.08247422680412371,1013.6093750000001,3.3,0.5186352,0.00046856338,2.6497853,-1.2607131,23.876617,13.423828,8.999217,4.9225864,8.565162686485094,3.8399307447113857,0.036196172
2022-06-22,27.553012048192773,9.604819277108435,0.0,1012.7031250000001,1.9131578947368422,0.5186352,1.7841039e-06,-0.032608032,-0.6956753,26.319153,16.278564,11.441752,7.777323,11.916969915400754,3.5423403832656026,0.036196172
2022-06-23,30.16987951807229,11.522891566265061,0.0,1014.1193548387097,2.2131578947368418,0.5186352,3.0385954e-07,-1.9256926,-0.88012415,29.19519,16.432526,14.31779,7.931284,14.53383738528027,5.460412672422229,0.036196172
2022-06-24,31.843373493975903,15.960240963855423,6.422680412371134,1009.6354838709677,3.6230769230769226,0.5186352,0.00015291963,-1.9768156,2.5291517,31.631104,20.36969,16.753704,11.868448,16.207331361183883,9.89776207001259,0.036196172
2022-06-25,29.255421686746985,17.287951807228918,10.97938144329897,1010.9967741935484,1.8076923076923077,0.5186352,0.004113368,0.040703032,0.051261026,26.981232,19.58429,12.103831,11.083048,13.619379553954966,11.225472913386085,0.036196172
2022-06-26,32.34096385542169,16.928915662650603,2.670103092783505,1013.7806451612903,1.994871794871795,0.5186352,0.0004285586,-1.007944,1.2463129,29.846954,18.480957,14.969554,9.979715,16.70492172262967,10.86643676880777,0.036196172
2022-06-27,34.62168674698795,17.866265060240966,49.70103092783505,1013.0774193548388,3.2564102564102564,0.5186352,0.00032508577,0.041375052,1.0903466,32.836548,21.064209,17.959148,12.562967,18.985644614195927,11.803786166398133,0.036196172
2022-06-28,26.35542168674699,15.64578313253012,1.5360824742268042,1019.4580645161292,2.897368421052632,0.5186352,0.0015784324,1.0380458,-1.317238,24.993256,18.43985,10.115855,9.938608,10.71937955395497,9.583304238687287,0.036196172
2022-06-29,24.21807228915663,14.357831325301207,7.144329896907217,1017.7709677419357,2.7333333333333334,0.5186352,0.00022502046,-2.6238153,-0.8610756,24.541382,18.501526,9.663981,10.000284,8.582030156364612,8.295352431458376,0.036196172
2022-06-30,28.368674698795186,16.73373493975904,8.597938144329897,1012.8451612903225,2.107692307692308,0.5186352,0.0012359543,-0.99870235,-1.1616896,26.412292,18.74646,11.534892,10.245218,12.732632566003167,10.671256045916206,0.036196172
2022-07-01,25.38192771084337,13.560240963855422,60.833333333333336,1014.2774193548388,3.431578947368421,0.5186352,0.0038022585,1.8387809,-0.29682323,23.755981,19.245026,8.878581,10.743784,9.745885578051352,7.49776207001259,0.036196172
2022-07-02,26.356626506024096,11.609638554216867,0.0,1022.5766666666666,2.197368421052632,0.5186352,0.00033962572,0.6833534,0.9663227,25.281189,16.169739,10.403789,7.668497,10.720584373232077,5.547159660374034,0.036196172
2022-07-03,29.99638554216867,13.463855421686747,9.520833333333334,1017.82,2.928947368421053,0.5186352,5.6278172e-06,-1.4435431,1.9045477,28.06543,16.949219,13.188029,8.447977,14.360343409376652,7.401376527843914,0.036196172
2022-07-04,25.757831325301208,13.674698795180722,0.0,1017.3032258064517,3.0263157894736845,0.5186352,0.00031403988,2.200751,-1.2334828,24.546265,17.795319,9.668864,9.294077,10.121789192509189,7.61221990133789,0.036196172
2022-07-05,25.57831325301205,11.849397590361448,3.2268041237113403,1019.6483870967742,2.730769230769231,0.5186352,3.545188e-05,1.6487122,-1.6116443,23.598267,17.558472,8.720866,9.05723,9.94227112022003,5.786918696518616,0.036196172
2022-07-06,21.012048192771086,12.034939759036146,38.54639175257732,1021.083870967742,3.37948717948718,0.5186352,0.0003446689,3.1055777,-1.3000568,19.612366,15.80011,4.7349653,7.298868,5.376006059979067,5.972460865193313,0.036196172
2022-07-07,20.169879518072293,12.048192771084338,65.22680412371135,1017.2129032258065,3.5589743589743583,0.5186352,0.0061445213,2.7459142,0.8546894,17.922699,13.894043,3.0452986,5.3928013,4.533837385280274,5.985713877241506,0.036196172
2022-07-08,21.049397590361448,13.086746987951807,0.21649484536082475,1024.667741935484,4.133333333333333,0.5186352,0.00056758267,3.787839,-1.5301951,19.984406,14.596008,5.107005,6.0947666,5.413355457569429,7.024268094108975,0.036196172
2022-07-09,22.122891566265064,12.037349397590361,24.8659793814433,1022.5451612903227,3.7769230769230773,0.5186352,0.0006343175,3.4715843,-1.207554,21.246338,14.74762,6.3689375,6.246378,6.486849433473045,5.974870503747529,0.036196172
2022-07-10,20.521686746987953,11.873493975903616,0.13402061855670103,1019.4193548387098,4.415384615384616,0.5186352,0.00045336588,3.8405373,-2.366864,18.576141,14.097229,3.698741,5.5959873,4.885644614195934,5.811015082060783,0.036196172
2022-07-11,23.487951807228917,10.112048192771086,0.0,1020.5354838709678,3.1,0.5186352,0.00010980698,2.0850446,-1.868785,21.29123,14.295319,6.413829,5.794077,7.851909674436898,4.049569298928254,0.036196172
2022-07-12,27.024096385542173,10.513253012048194,0.0,1022.3451612903226,2.9868421052631575,0.5186352,6.778828e-06,2.0888293,-1.93078,25.245941,13.912018,10.368541,5.410776,11.388054252750154,4.450774118205362,0.036196172
2022-07-13,30.42530120481928,14.291566265060238,0.020618556701030927,1018.2645161290322,3.189473684210527,0.5186352,7.347906e-07,2.5351772,0.048583433,27.024963,16.147217,12.147563,7.645975,14.789259072027262,8.229087371217407,0.036196172
2022-07-14,24.68795180722892,13.271084337349398,0.27835051546391754,1016.8709677419355,3.5538461538461545,0.5186352,3.0923934e-07,2.470855,-2.2037256,23.651611,16.002441,8.774211,7.5011997,9.051909674436901,7.208605443506566,0.036196172
2022-07-15,20.853012048192774,11.074698795180723,8.02061855670103,1018.7709677419356,4.102564102564104,0.5186352,0.00011953929,3.9888408,-1.1717801,19.411774,14.591217,4.5343733,6.0899754,5.216969915400755,5.0122199013378905,0.036196172
2022-07-16,22.09759036144579,11.246987951807231,7.11340206185567,1018.8322580645162,4.67948717948718,0.5186352,0.0016194227,3.4727895,-1.4006548,21.80597,14.984528,6.928569,6.483286,6.46154822865377,5.184509057964399,0.036196172
2022-07-17,24.08915662650602,8.439759036144578,0.0,1025.7387096774196,2.7230769230769227,0.5186352,9.281237e-05,2.2166042,-0.8637062,22.51062,13.663239,7.6332197,5.161997,8.453114493714002,2.3772801423017453,0.036196172
2022-07-18,28.753012048192772,10.836144578313254,0.0,1023.8548387096774,1.6307692307692307,0.5186352,7.1773925e-08,1.0395579,0.69062203,27.837402,14.986572,12.960002,6.4853306,13.116969915400754,4.773665684470422,0.036196172
2022-07-19,35.27951807228916,13.559036144578315,0.0,1019.4354838709677,1.7763157894736845,0.5186352,4.1452176e-07,-0.30846617,-0.097976685,33.887238,17.810944,19.009838,9.309702,19.643475939497137,7.496557250735482,0.036196172
2022-07-20,37.60481927710844,17.044578313253012,0.010309278350515464,1017.5096774193548,2.635897435897436,0.5186352,7.1535226e-08,-1.9312786,1.7315654,37.042328,23.454102,22.164928,14.95286,21.96877714431642,10.98209941941018,0.036196172
2022-07-21,30.1144578313253,18.77951807228916,15.938144329896907,1016.1806451612904,3.341025641025642,0.5186352,0.0005330091,1.3828558,1.3433939,30.298096,25.94751,15.420695,17.446268,14.478415698533281,12.717039178446328,0.036196172
2022-07-22,25.196385542168677,15.112048192771086,15.742268041237113,1017.6612903225806,2.8769230769230765,0.5186352,0.00025441565,2.9605157,0.042599287,24.797913,20.335693,9.920512,11.834452,9.560343409376658,9.049569298928255,0.036196172
2022-07-23,24.468674698795184,12.381927710843375,9.103092783505154,1017.4580645161291,2.605128205128205,0.5186352,0.00040062037,1.9628531,-1.316715,23.471313,18.134277,8.593913,9.633036,8.832632566003165,6.319448817000542,0.036196172
2022-07-24,28.71325301204819,9.880722891566267,0.0,1019.3096774193549,1.9256410256410261,0.5186352,2.3271927e-05,0.8212363,0.12749952,27.63385,15.273346,12.75645,6.7721043,13.077210879256173,3.8182439977234344,0.036196172
2022-07-25,35.42891566265061,15.98313253012048,50.04123711340206,1010.7677419354839,3.5923076923076938,0.5186352,0.0020207267,0.44099703,1.8978959,34.61023,20.353668,19.73283,11.852427,19.79287352985859,9.920653636277649,0.036196172
2022-07-26,24.878313253012045,14.563855421686746,6.938144329896907,1012.0967741935484,3.5447368421052627,0.5186352,0.0014796453,2.9500904,-0.7552838,23.05951,19.172852,8.182109,10.67161,9.242271120220027,8.501376527843913,0.036196172
2022-07-27,21.814457831325303,10.097590361445786,0.0,1017.1129032258066,3.202564102564103,0.5186352,8.124472e-05,2.6347098,-1.2321013,19.901245,15.068848,5.0238447,6.567606,6.178415698533284,4.035111467602953,0.036196172
2022-07-28,24.136144578313257,7.763855421686748,0.0,1019.6903225806452,1.894871794871795,0.5186352,2.6249638e-06,0.0011651814,-1.0862387,22.818146,12.482574,7.9407454,3.9813328,8.500102445521238,1.701376527843916,0.036196172
2022-07-29,28.740963855421686,12.275903614457832,15.969072164948454,1018.0290322580646,3.061538461538462,0.5186352,9.480256e-05,-3.3010204,-0.3001827,26.87088,15.738525,11.99348,7.2372837,13.104921722629667,6.2134247206149995,0.036196172
2022-07-30,25.246987951807235,14.31686746987952,7.144329896907217,1016.6322580645162,2.312820512820513,0.5186352,0.00014500837,-0.9170494,-0.7871285,24.67749,18.108307,9.80009,9.607065,9.610945819015216,8.254388576036689,0.036196172
2022-07-31,28.483132530120482,12.195180722891568,4.257731958762887,1015.4419354838711,2.1000000000000005,0.5186352,0.00010114513,1.0009223,-0.92758566,26.196259,17.562897,11.318858,9.061655,12.847090397328463,6.132701829048735,0.036196172
2022-08-01,24.696385542168677,15.17469879518072,7.43298969072165,1014.1225806451613,3.0179487179487174,0.5186352,0.001863578,2.0234115,-1.3484908,24.381958,19.112946,9.504558,10.611704,9.060343409376658,9.112219901337888,0.036196172
2022-08-02,28.032530120481926,13.049397590361448,0.0,1017.9580645161291,1.830769230769231,0.5186352,0.00010109068,0.43956903,0.14059566,26.90213,18.017334,12.02473,9.516092,12.396487987689907,6.986918696518615,0.036196172
2022-08-03,33.84096385542169,16.004819277108435,0.0,1015.8000000000001,1.8564102564102565,0.5186352,2.376011e-07,-0.18363698,1.2591511,32.068726,19.022217,17.191326,10.520975,18.20492172262967,9.942340383265602,0.036196172
2022-08-04,36.91566265060241,17.38192771084337,11.783505154639176,1013.332258064516,2.407692307692308,0.5186352,7.492022e-07,-0.44227454,1.8696346,35.622925,21.783203,20.745525,13.281961,21.279620517810386,11.319448817000538,0.036196172
2022-08-05,28.510843373493977,15.413253012048195,18.814432989690722,1013.7064516129033,3.238461538461539,0.5186352,0.000687028,1.4653226,-1.5787026,26.35736,21.570862,11.47996,13.06962,12.874801240701958,9.350774118205361,0.036196172
2022-08-06,23.236144578313258,10.538554216867471,0.0,1024.2774193548387,3.0846153846153848,0.5186352,5.2092906e-05,1.760488,-2.3279598,21.956604,15.37735,7.0792036,6.876108,7.600102445521239,4.476075323024639,0.036196172
2022-08-07,25.09036144578313,8.303614457831326,0.0,1025.1322580645162,1.6641025641025642,0.5186352,6.5744536e-07,-0.5245588,-0.9149335,23.631775,14.796204,8.7543745,6.294962,9.454319312991112,2.241135563988494,0.036196172
2022-08-08,27.109638554216872,10.067469879518072,0.0,1024.309677419355,1.8358974358974358,0.5186352,4.8710695e-07,-0.86188906,-1.8098731,25.19162,16.39502,10.314219,7.893778,11.473596421424853,4.0049909856752395,0.036196172
2022-08-09,27.583132530120483,13.285542168674699,0.0,1026.8548387096776,2.392307692307692,0.5186352,1.851396e-05,-1.1309047,-2.1336737,25.896912,18.154877,11.019511,9.653635,11.947090397328465,7.223063274831866,0.036196172
2022-08-10,28.66144578313253,12.112048192771086,0.0,1026.8322580645163,2.105128205128205,0.5186352,1.8867371e-06,-1.168629,-1.6422329,27.88269,17.710602,13.00529,9.20936,13.025403650340513,6.049569298928254,0.036196172
2022-08-11,29.9277108433735,12.525301204819279,0.0,1023.7193548387098,2.2282051282051283,0.5186352,5.548198e-07,-2.0893316,-0.5388615,29.346313,19.765442,14.468913,11.2642,14.291668710581481,6.462822310976446,0.036196172
2022-08-12,29.884337349397587,12.357831325301206,0.0,1021.4838709677421,2.471794871794871,0.5186352,1.4988806e-06,-2.4413657,-0.21226041,28.599945,20.118164,13.722545,11.616922,14.248295216605568,6.295352431458373,0.036196172
2022-08-13,28.64578313253012,14.997590361445786,4.020618556701031,1018.2935483870968,2.158974358974359,0.5186352,0.0015408254,-1.6368135,-1.0808593,28.523499,21.585266,13.646098,13.084024,13.009740999738101,8.935111467602955,0.036196172
2022-08-14,31.944578313253018,17.066265060240966,1.0515463917525774,1011.8516129032258,2.317948717948718,0.5186352,0.00012745816,-1.6228336,-0.57313293,31.221588,20.526001,16.344189,12.024759,16.308536180460997,11.003786166398132,0.036196172
2022-08-15,31.467469879518074,17.47831325301205,74.17525773195877,1005.3322580645162,2.684615384615385,0.5186352,0.00045819333,-1.58923,1.22017,29.203705,21.372955,14.326304,12.871714,15.831427746726055,11.415834359169217,0.036196172
2022-08-16,30.616867469879523,16.173493975903614,0.010309278350515464,1008.1709677419354,1.9512820512820515,0.5186352,0.0005281483,1.1498127,0.40438172,29.849121,20.52118,14.971721,12.0199375,14.980825337087504,10.111015082060781,0.036196172
2022-08-17,32.41807228915663,16.203614457831325,4.77319587628866,1011.0548387096776,1.6564102564102563,0.5186352,1.2455342e-05,-1.6220584,-0.33085963,30.792603,21.283691,15.915202,12.78245,16.782030156364613,10.141135563988492,0.036196172
2022-08-18,32.31204819277109,18.031325301204816,99.20618556701031,1010.4516129032259,2.448717948717949,0.5186352,0.0004963163,-0.7272949,-0.30649468,32.256134,22.918335,17.378735,14.417093,16.676006059979066,11.968846407361983,0.036196172
2022-08-19,23.436144578313254,19.04096385542169,38.08247422680412,1010.3741935483871,2.9820512820512826,0.5186352,0.004043217,1.3843999,-1.8116659,22.665405,21.365692,7.788005,12.86445,7.800102445521235,12.978484961578857,0.036196172
2022-08-20,22.18192771084338,17.704819277108435,37.63917525773196,1013.7580645161291,2.328205128205128,0.5186352,0.009403843,1.4170538,-1.642672,21.840149,18.950928,6.9627485,10.449686,6.54588557805136,11.642340383265601,0.036196172
2022-08-21,24.68433734939759,13.450602409638556,0.061855670103092786,1015.5451612903225,2.1486486486486487,0.5186352,0.0005585723,0.59424025,-1.7311808,23.126984,16.883667,8.249583,8.382425,9.048295216605572,7.388123515795724,0.036196172
2022-08-22,24.1144578313253,11.802409638554217,2.3195876288659796,1016.958064516129,1.864864864864865,0.5186352,0.00016908128,-1.112145,-0.8695731,22.125763,15.203003,7.2483625,6.7017612,8.478415698533281,5.739930744711384,0.036196172
2022-08-23,25.531325301204824,14.83373493975904,0.5773195876288659,1018.3290322580646,2.435135135135135,0.5186352,0.00047850885,-1.0855459,-2.2611954,23.731232,16.621582,8.853831,8.12034,9.895283168412805,8.771256045916207,0.036196172
2022-08-24,27.375903614457833,14.442168674698799,0.0,1020.5451612903225,2.0162162162162165,0.5186352,0.00017814468,-1.1406741,-1.7453123,25.991028,16.114563,11.113627,7.6133213,11.739861481665814,8.379689780855966,0.036196172
2022-08-25,28.26987951807229,16.662650602409638,0.26804123711340205,1019.1225806451613,2.471794871794873,0.5186352,3.817541e-05,-2.0834773,-1.1657904,26.780182,18.793945,11.9027815,10.292704,12.633837385280271,10.600171708566805,0.036196172
2022-08-26,29.54457831325301,17.708433734939756,149.7340425531915,1013.5354838709677,2.191891891891892,0.5186352,0.006303735,-0.8882313,-0.6566134,26.741821,20.38211,11.864421,11.880869,13.90853618046099,11.645954841096923,0.036196172
2022-08-27,23.72409638554217,17.736144578313255,102.97872340425532,1012.1806451612903,2.585714285714286,0.5186352,0.007944936,1.171986,-1.9648954,22.267456,19.51236,7.3900557,11.011118,8.08805425275015,11.673665684470421,0.036196172
2022-08-28,22.751807228915663,13.397590361445783,1.3917525773195876,1015.6774193548387,3.275675675675676,0.5186352,0.0011303503,2.5197928,-1.8132974,22.011414,16.8992,7.134013,8.397959,7.115765096123644,7.3351114676029505,0.036196172
2022-08-29,22.703614457831325,11.612048192771086,3.8350515463917527,1019.3903225806451,2.7750000000000004,0.5186352,0.00020471257,2.4481418,-0.7571295,20.720947,14.774719,5.843547,6.2734776,7.067572325039306,5.549569298928254,0.036196172
2022-08-30,22.459036144578313,12.042168674698798,1.268041237113402,1021.8129032258065,2.097222222222222,0.5186352,0.00036648326,-0.8452296,-1.8103386,21.04132,14.835388,6.1639204,6.3341465,6.822994011786294,5.979689780855966,0.036196172
2022-08-31,22.341463414634145,11.279268292682927,0.0,1023.3064516129032,2.530555555555556,0.5186352,0.00013488067,-2.060894,-2.0242596,20.97998,14.872314,6.10258,6.371073,6.705421281842126,5.216789398840095,0.036196172
2022-09-01,21.817073170731707,10.215853658536586,0.0,1023.1258064516129,2.3194444444444446,0.5274581,1.8989123e-05,-1.9535884,-1.6272262,20.092865,14.0252075,5.2154646,5.523966,6.181031037939688,4.153374764693754,0.04501903
2022-09-02,22.321951219512197,8.659756097560978,0.0,1021.1967741935484,2.613888888888889,0.5274581,3.6095087e-06,-2.7080956,0.033407506,20.276245,13.161133,5.3988447,4.659891,6.685909086720178,2.5972772037181455,0.04501903
2022-09-03,22.650000000000002,9.790243902439023,0.0,1018.7935483870967,3.597435897435897,0.5274581,3.9560368e-07,-3.639326,0.38892862,21.083374,14.769226,6.2059736,6.2679844,7.013957867207983,3.727765008596191,0.04501903
2022-09-04,24.45487804878049,12.042682926829269,0.0,1021.3451612903225,3.2222222222222223,0.5274581,1.600876e-07,-3.116831,-0.012613495,22.9953,15.101715,8.1179,6.6004734,8.81883591598847,5.980204032986436,0.04501903
2022-09-05,24.734146341463415,12.670731707317072,0.0,1024.5032258064518,3.531578947368422,0.5274581,2.2931653e-07,-3.6218405,0.29493532,23.101196,15.993652,8.223796,7.4924107,9.098104208671396,6.60825281347424,0.04501903
2022-09-06,23.08414634146342,12.851219512195122,4.536082474226804,1020.8225806451613,3.6769230769230763,0.5274581,7.328361e-07,-3.6289206,0.81128615,21.131256,15.363037,6.2538557,6.8617954,7.448104208671401,6.78874061835229,0.04501903
2022-09-07,25.79512195121951,12.340243902439026,34.175257731958766,1014.8677419354839,2.721621621621622,0.5274581,0.002801003,-2.741745,0.52902603,22.43988,14.988525,7.56248,6.4872837,10.159079818427491,6.277765008596194,0.04501903
2022-09-08,18.628048780487806,13.318292682926831,168.89690721649484,1009.9483870967742,2.7702702702702706,0.5274581,0.007724308,-1.0212721,0.65073186,18.408508,15.09259,3.531108,6.5913486,2.9920066476957867,7.255813789083999,0.04501903
2022-09-09,23.22439024390244,12.143902439024389,16.84536082474227,1011.1516129032259,2.3333333333333335,0.5274581,0.0021409749,0.075749286,1.9778229,22.061005,13.591858,7.1836042,5.090616,7.588348111110422,6.081423545181557,0.04501903
2022-09-10,22.096341463414635,11.340243902439026,17.690721649484537,1012.0483870967741,1.972972972972973,0.5274581,0.0009446293,0.9898694,0.22030707,20.100159,13.526184,5.2227583,5.0249424,6.460299330622616,5.277765008596194,0.04501903
2022-09-11,20.19634146341464,11.625609756097564,12.628865979381443,1015.6419354838712,2.3358974358974356,0.5274581,0.0006435293,1.0527033,-2.1683028,19.491455,13.52124,4.6140547,5.0199986,4.560299330622621,5.563130862254732,0.04501903
2022-09-12,20.826829268292684,9.878048780487806,3.082474226804124,1016.9322580645161,1.4666666666666668,0.5274581,0.00023457425,0.5630347,0.025252238,19.890137,12.373901,5.0127363,3.8726597,5.190787135500665,3.8155698866449734,0.04501903
2022-09-13,21.045121951219514,11.114634146341464,7.030927835051546,1009.1096774193547,2.822222222222222,0.5274581,0.003993169,1.6390806,1.1327219,20.89328,13.326111,6.0158796,4.824869,5.409079818427495,5.052155252498632,0.04501903
2022-09-14,18.417073170731708,11.13048780487805,18.711340206185568,1005.5,2.083333333333334,0.5274581,0.00034893595,1.9066843,0.056619853,18.589539,12.571686,3.7121382,4.070444,2.781031037939689,5.068008911035217,0.04501903
2022-09-15,18.409756097560976,10.823170731707318,5.783505154639175,1003.2709677419356,3.784615384615386,0.5274581,0.00011911025,3.6355326,-0.16803677,17.286926,13.903381,2.4095259,5.4021397,2.773713964768957,4.760691837864486,0.04501903
2022-09-16,17.50243902439025,9.873170731707319,25.804123711340207,1004.1967741935485,5.069230769230769,0.5274581,0.00042883912,4.7590833,0.9958436,15.879486,11.388458,1.0020857,2.8872166,1.8663968915982299,3.8106918378644865,0.04501903
2022-09-17,16.298780487804876,9.357317073170732,55.47422680412371,1004.558064516129,4.7615384615384615,0.5274581,0.00065776455,4.088411,0.012405529,15.246643,10.892242,0.36924267,2.3910007,0.6627383550128574,3.2948381793278996,0.04501903
2022-09-18,14.836585365853658,7.658536585365853,37.577319587628864,1006.4870967741937,4.687179487179488,0.5274581,0.0044178437,4.0847545,-0.28237215,13.607208,9.618835,-1.2701921,1.1175938,-0.799456766938361,1.5960576915230211,0.04501903
2022-09-19,16.462195121951222,7.839024390243902,49.54639175257732,1011.1645161290323,3.407692307692308,0.5274581,0.0023470602,2.9648068,-1.3212394,15.677368,8.475647,0.79996777,-0.025594711,0.826152989159203,1.77654549640107,0.04501903
2022-09-20,15.673170731707321,6.323170731707317,27.175257731958762,1019.0322580645162,2.6894736842105265,0.5274581,0.0007804658,2.1623619,-1.6114359,15.302551,8.680969,0.42515087,0.17972755,0.03712859891530229,0.2606918378644849,0.04501903
2022-09-21,17.021951219512193,5.054878048780488,0.9381443298969072,1025.3064516129032,1.9487179487179487,0.5274581,0.00018578401,1.0399189,-1.5685292,15.714355,7.7746887,0.8369551,-0.72655296,1.385909086720174,-1.0076008450623446,0.04501903
2022-09-22,16.88048780487805,3.9500000000000006,0.0,1024.6903225806452,1.2641025641025645,0.5274581,3.1183543e-05,-0.6949685,-0.25553474,15.174622,6.939972,0.29722118,-1.5612698,1.244445672086032,-2.1124788938428316,0.04501903
2022-09-23,17.68780487804878,2.8292682926829267,0.10309278350515463,1019.2709677419356,1.7948717948717952,0.5274581,1.8884493e-06,-0.80357575,1.519022,16.265564,5.411194,1.3881636,-3.0900478,2.0517627452567613,-3.2332106011599056,0.04501903
2022-09-24,17.340243902439024,8.29390243902439,6.371134020618556,1013.7645161290324,1.5641025641025639,0.5274581,0.00019388301,-1.4142264,0.3573433,16.654053,10.404694,1.7766523,1.9034519,1.704201769647005,2.231423545181557,0.04501903
2022-09-25,18.45731707317073,8.832926829268294,3.752577319587629,1011.7322580645161,1.7153846153846155,0.5274581,0.00018111501,0.29592535,-0.08915902,17.069763,10.826965,2.1923628,2.3257236,2.8212749403787125,2.7704479354254614,0.04501903
2022-09-26,17.235365853658536,8.63048780487805,6.350515463917525,1004.525806451613,3.2410256410256406,0.5274581,0.00029725276,1.1806083,2.3741822,16.423828,9.1145935,1.5464277,0.6133518,1.5993237208665168,2.568008911035217,0.04501903
2022-09-27,13.543902439024391,7.6939024390243915,40.865979381443296,995.6451612903227,3.353846153846154,0.5274581,0.0032510872,1.0630918,2.5516167,13.066589,10.246979,-1.810811,1.7457371,-2.0921396937676278,1.6314235451815593,0.04501903
2022-09-28,11.556097560975612,5.684146341463415,23.298969072164947,996.9580645161291,1.9923076923076921,0.5274581,0.0023988315,1.0235689,1.2022744,11.684692,6.634094,-3.192708,-1.8671474,-4.079944571816407,-0.3783325523794172,0.04501903
2022-09-29,14.55121951219512,4.265853658536585,0.20618556701030927,1002.8129032258065,1.8333333333333333,0.5274581,0.0003614676,0.39000914,1.2553786,13.330933,4.1300354,-1.5464678,-4.3712063,-1.0848226205968992,-1.796625235306247,0.04501903
2022-09-30,17.117073170731707,2.924390243902439,0.0,1010.541935483871,1.876923076923077,0.5274581,4.623905e-05,-0.1711483,1.764988,15.725098,4.4310913,0.84769726,-4.0701504,1.4810310379396885,-3.1380886499403933,0.04501903
2022-10-01,13.589024390243905,5.976829268292684,40.381443298969074,1007.4032258064517,4.033333333333332,0.5274581,0.003498479,1.8395592,2.7641726,12.486755,8.680908,-2.390645,0.17966652,-2.047017742548114,-0.08564962555014866,0.04501903
2022-10-02,16.765853658536585,9.648780487804878,20.030927835051546,1012.7225806451613,4.561538461538461,0.5274581,0.0013461257,4.102169,0.04493907,14.967285,10.52713,0.08988476,2.0258884,1.1298115257445662,3.5863015939620455,0.04501903
2022-10-03,16.075609756097563,10.057317073170733,4.453608247422681,1020.267741935484,4.674358974358975,0.5274581,0.00023803375,3.913727,-2.0568275,15.49353,10.574493,0.6161299,2.0732517,0.43956762330554433,3.9948381793279006,0.04501903
2022-10-04,17.479268292682928,9.103658536585366,0.0,1021.3322580645162,2.941025641025641,0.5274581,7.776409e-05,2.0844753,0.4927489,16.289734,11.249298,1.4123335,2.7480564,1.843226159890909,3.0411796427425335,0.04501903
2022-10-05,19.76951219512195,8.252439024390245,0.5154639175257731,1017.4645161290322,3.4641025641025647,0.5274581,3.850015e-06,2.0254824,2.9076335,18.421082,10.289093,3.5436811,1.7878513,4.133470062329932,2.189960130547413,0.04501903
2022-10-06,18.01585365853659,6.1121951219512205,0.041237113402061855,1024.4354838709678,4.1000000000000005,0.5274581,0.00024922416,3.4955654,1.0142375,17.132751,12.738098,2.255351,4.2368565,2.3798115257445698,0.04971622810838827,0.04501903
2022-10-07,18.328048780487805,4.039024390243903,0.0,1024.8967741935485,2.4138888888888888,0.5274581,1.3109556e-05,0.7381452,2.1663578,16.946808,5.8308716,2.0694075,-2.67037,2.692006647695786,-2.023454503598929,0.04501903
2022-10-08,16.403658536585368,6.134146341463415,7.0,1017.6387096774193,3.3871794871794876,0.5274581,7.547523e-05,2.9417353,0.8419638,14.83017,9.657837,-0.04723072,1.1565952,0.7676164037933493,0.07166744762058297,0.04501903
2022-10-09,16.078048780487805,3.951219512195122,0.010309278350515464,1025.3612903225808,2.207894736842105,0.5274581,7.4024015e-06,0.16749854,1.1147442,15.037659,5.79718,0.1602583,-2.7040615,0.442006647695786,-2.1112593816477103,0.04501903
2022-10-10,17.373170731707315,4.479268292682927,0.24742268041237114,1018.1096774193547,3.228947368421052,0.5274581,0.000100485726,-0.10602039,2.2465293,16.198395,7.1436768,1.3209944,-1.3575649,1.7371285989152963,-1.5832106011599052,0.04501903
2022-10-11,15.565853658536586,4.254878048780488,0.0,1024.0290322580647,2.494736842105264,0.5274581,6.7889378e-06,2.221485,-0.22583278,14.237732,7.404907,-0.63966846,-1.0963345,-0.07018847425543306,-1.8076008450623444,0.04501903
2022-10-12,16.092682926829266,2.151219512195122,0.0,1025.8290322580647,1.6538461538461537,0.5274581,1.0728835e-07,-0.69061345,1.1747822,15.027832,7.2166443,0.15043163,-1.2845974,0.4566407940372468,-3.91125938164771,0.04501903
2022-10-13,16.92560975609756,4.341463414634147,0.061855670103092786,1019.6258064516129,2.076923076923077,0.5274581,4.0535608e-05,0.18093322,1.8733355,16.699585,6.849182,1.8221846,-1.6520596,1.2895676233055422,-1.7210154792086856,0.04501903
2022-10-14,17.464634146341464,7.44390243902439,6.463917525773196,1014.5741935483871,2.184615384615385,0.5274581,0.00010213972,0.3265099,2.0038137,17.02069,8.542236,2.1432905,0.040994644,1.8285920135494447,1.3814235451815575,0.04501903
2022-10-15,18.365853658536587,11.898780487804878,0.4948453608247423,1008.8354838709677,2.6538461538461546,0.5274581,0.002974569,0.89407283,2.2861254,16.68042,12.5217285,1.8030195,4.020487,2.7298115257445676,5.8363015939620455,0.04501903
2022-10-16,20.530487804878053,10.795121951219512,0.23711340206185566,1015.3838709677419,2.68974358974359,0.5274581,0.0006413955,1.4917364,1.9539771,19.092285,13.654572,4.2148848,5.15333,4.894445672086034,4.73264305737668,0.04501903
2022-10-17,24.4609756097561,10.8,11.97938144329897,1022.2161290322581,2.702564102564103,0.5274581,0.0019444631,0.43141386,2.216179,22.219238,11.618652,7.341838,3.1174107,8.824933476964082,4.7375211061571685,0.04501903
2022-10-18,16.80609756097561,9.450000000000001,86.69473684210526,1024.9774193548387,2.1307692307692307,0.5274581,0.0046404204,2.0437376,-0.6171903,16.59201,12.9010315,1.7146101,4.39979,1.1700554281835895,3.387521106157169,0.04501903
2022-10-19,13.842682926829267,3.419512195121951,0.1134020618556701,1027.1774193548388,2.420512820512821,0.5274581,0.0004390987,0.76788276,-1.4448313,13.002869,9.885925,-1.8745317,1.3846836,-1.7933592059627514,-2.642966698720881,0.04501903
2022-10-20,14.043902439024391,1.9439024390243904,10.56701030927835,1022.9612903225808,3.379487179487179,0.5274581,1.7313596e-05,-2.9751883,2.0278199,13.342651,6.034851,-1.534749,-2.4663906,-1.5921396937676278,-4.118576454818442,0.04501903
2022-10-21,15.38170731707317,7.979268292682926,25.65979381443299,1012.3064516129033,2.7871794871794875,0.5274581,0.0033453982,-0.52950925,2.1447668,14.080505,9.147003,-0.796895,0.6457615,-0.25433481571884897,1.916789398840094,0.04501903
2022-10-22,18.61951219512195,10.96219512195122,3.484536082474227,1012.7032258064515,2.394871794871795,0.5274581,0.00074663386,1.9904971,0.9569629,17.967194,11.539124,3.0897932,3.0378819,2.98347006232993,4.899716228108388,0.04501903
2022-10-23,18.524390243902438,8.58048780487805,28.144329896907216,1015.2580645161291,2.500000000000001,0.5274581,0.0002691695,-0.34737548,2.066769,18.236298,8.493683,3.3588972,-0.0075588226,2.8883481111104192,2.518008911035218,0.04501903
2022-10-24,19.178048780487803,11.61219512195122,2.1237113402061856,1010.1387096774196,3.4666666666666672,0.5274581,0.00093508424,2.0874608,2.8055172,19.771729,13.5616455,4.894328,5.060404,3.542006647695784,5.549716228108388,0.04501903
2022-10-25,16.98536585365854,7.836585365853659,8.690721649484535,1014.4548387096775,3.135897435897436,0.5274581,0.0014085708,2.5345063,1.2469546,16.00824,12.255646,1.1308393,3.754404,1.3493237208665203,1.7741064720108266,0.04501903
2022-10-26,17.928048780487803,5.630487804878049,0.12371134020618557,1018.7806451612902,1.9897435897435896,0.5274581,8.399142e-05,0.20518261,1.7606659,16.649475,6.88797,1.7720747,-1.6132717,2.292006647695784,-0.4319910889647831,0.04501903
2022-10-27,19.99756097560976,8.260975609756098,0.12371134020618557,1024.4645161290325,2.2512820512820513,0.5274581,3.0234574e-07,0.5029043,1.8494469,18.523987,9.493561,3.6465864,0.9923191,4.361518842817739,2.198496715913266,0.04501903
2022-10-28,22.62926829268293,11.146341463414636,0.20618556701030927,1020.3354838709678,2.738461538461538,0.5274581,1.9963145e-06,1.3596264,2.4661067,21.235504,12.073547,6.3581038,3.5723057,6.993226159890911,5.083862569571804,0.04501903
2022-10-29,19.897560975609753,11.926829268292684,0.020618556701030927,1020.5999999999999,2.187179487179487,0.5274581,0.00031073933,1.6598219,1.2280202,18.712769,14.001404,3.8353682,5.500162,4.261518842817734,5.8643503744498515,0.04501903
2022-10-30,21.69024390243903,9.513414634146343,0.020618556701030927,1018.4645161290323,1.7,0.5274581,0.0006916833,0.5040249,1.2900659,20.11145,13.235596,5.23405,4.734354,6.05420176964701,3.4509357403035112,0.04501903
2022-10-31,17.29268292682927,7.978048780487805,0.20618556701030927,1020.058064516129,1.6666666666666667,0.5274581,4.941823e-05,0.4231086,-0.22552305,16.719116,10.637634,1.8417158,2.1363926,1.6566407940372496,1.915569886644973,0.04501903
2022-11-01,17.471951219512196,7.670731707317073,2.4123711340206184,1016.0935483870968,2.707692307692308,0.5274581,0.0004037911,0.45647368,1.8779902,16.65149,11.604309,1.7740889,3.1030674,1.8359090867201768,1.608252813474241,0.04501903
2022-11-02,15.182926829268295,4.295121951219513,2.556701030927835,1019.5129032258066,3.6230769230769226,0.5274581,5.123853e-05,2.6186836,1.8914146,14.640076,8.446716,-0.23732471,-0.054525375,-0.45311530352372387,-1.7673569426233193,0.04501903
2022-11-03,12.9719512195122,3.003658536585366,8.43298969072165,1016.2258064516129,3.228205128205128,0.5274581,1.6533254e-06,-1.3609438,2.6269927,12.69104,6.0076904,-2.1863604,-2.4935513,-2.6640909132798196,-3.058820357257466,0.04501903
2022-11-04,11.171951219512197,6.515853658536586,46.5360824742268,1005.8967741935484,2.3743589743589744,0.5274581,0.0023260212,1.0240124,0.14741497,11.148315,8.722107,-3.729085,0.22086525,-4.464090913279822,0.4533747646937538,0.04501903
2022-11-05,12.102439024390245,3.575609756097561,0.1134020618556701,1014.8870967741937,2.7974358974358977,0.5274581,0.0004854314,2.1920507,0.27231625,11.111267,6.739929,-3.7661333,-1.7613125,-3.533603108401774,-2.486869137745271,0.04501903
2022-11-06,11.798780487804882,3.2585365853658534,0.5670103092783505,1016.3838709677419,3.5051282051282056,0.5274581,1.0638211e-05,0.30455267,3.2327816,10.682373,5.1330566,-4.1950274,-3.368185,-3.8372616449871373,-2.803942308476979,0.04501903
2022-11-07,14.113414634146343,6.196341463414634,0.09278350515463918,1012.3000000000001,4.03846153846154,0.5274581,4.0514107e-05,2.2244358,3.015145,14.0841675,8.153809,-0.7932329,-0.3474331,-1.5226274986456758,0.13386256957180187,0.04501903
2022-11-08,16.126829268292685,7.8500000000000005,1.443298969072165,1012.5875,3.4769230769230766,0.5274581,2.9714781e-06,0.75174314,3.0928535,14.998383,8.925659,0.12098217,0.4244175,0.4907871355006659,1.7875211061571683,0.04501903
2022-11-09,14.850000000000001,9.645121951219513,10.175257731958762,1010.7625,3.4564102564102566,0.5274581,0.0007075668,1.0945058,2.948898,13.753021,11.375946,-1.1243792,2.8747044,-0.7860421327920175,3.582643057376681,0.04501903
2022-11-10,14.025609756097563,8.020731707317074,0.0,1020.9187499999999,3.841025641025642,0.5274581,4.7099235e-05,3.0215654,1.4494425,13.291077,10.834686,-1.5863237,2.3334446,-1.6104323766944564,1.9582528134742416,0.04501903
2022-11-11,13.237804878048781,4.857317073170732,0.0,1029.459375,3.1641025641025644,0.5274581,4.8125577e-07,2.4397113,1.6487421,12.382233,7.9516907,-2.4951677,-0.549551,-2.398237254743238,-1.2051618206721004,0.04501903
2022-11-12,13.404878048780489,2.0853658536585367,0.041237113402061855,1032.7749999999999,1.5102564102564104,0.5274581,9.737941e-06,0.29707614,0.6190627,12.320007,4.234192,-2.557393,-4.26705,-2.23116408401153,-3.9771130401842956,0.04501903
2022-11-13,10.371951219512194,3.9402439024390246,0.05154639175257732,1028.98125,2.7641025641025645,0.5274581,3.962758e-05,-2.7564147,0.7520733,10.66571,6.361389,-4.21169,-2.1398525,-5.264090913279825,-2.1222349914038077,0.04501903
2022-11-14,11.039024390243902,3.429268292682927,0.0,1020.3499999999999,3.4153846153846152,0.5274581,4.9689065e-06,-2.4987447,1.5894216,10.369141,4.9341736,-4.50826,-3.567068,-4.5970177425481165,-2.633210601159905,0.04501903
2022-11-15,12.808536585365854,2.5951219512195123,0.020618556701030927,1012.9062500000001,2.4923076923076923,0.5274581,8.9164e-06,-1.2109115,1.2934387,11.857758,4.729431,-3.0196428,-3.7718105,-2.8275055474261652,-3.46735694262332,0.04501903
2022-11-16,6.607317073170731,3.510975609756098,27.072164948453608,1007.29375,4.246153846153846,0.5274581,0.00023096579,-4.1259866,-0.0826197,7.0816345,6.3139954,-7.795766,-2.1872463,-9.028725059621287,-2.5515032840867344,0.04501903
2022-11-17,4.713414634146342,1.901219512195122,29.556701030927837,1003.8250000000002,5.9974358974358974,0.5274581,0.00094293244,-5.2372174,1.0125273,5.653717,2.647583,-9.223683,-5.8536587,-10.922627498645678,-4.16125938164771,0.04501903
2022-11-18,2.434939759036145,-5.459036144578313,3.8556701030927836,1007.25,3.7769230769230786,0.5274581,0.00091098406,-3.42688,-1.1109458,1.7659912,-0.4234619,-13.111409,-8.924704,-13.201102373755873,-11.521515038421146,0.04501903
2022-11-19,1.5373493975903618,-7.309638554216868,13.350515463917526,1013.3218750000001,2.7076923076923074,0.5274581,0.00013115471,2.2989178,0.16709964,1.1477661,-4.6201477,-13.729634,-13.121389,-14.098692735201658,-13.3721174480597,0.04501903
2022-11-20,1.1698795180722892,-3.598795180722892,9.288659793814434,1010.096875,2.7631578947368416,0.5274581,0.00073078135,2.1076632,1.3369073,1.4459534,-1.1047974,-13.431447,-9.606039,-14.46616261471973,-9.661274074565725,0.04501903
2022-11-21,0.3409638554216867,-3.290361445783133,0.7422680412371134,1005.0625,2.2315789473684204,0.5274581,0.0003528091,-0.45225397,0.5163882,0.12081909,-1.2949524,-14.756581,-9.796194,-15.295078277370333,-9.352840339625965,0.04501903
2022-11-22,2.0096385542168678,-2.749397590361446,0.061855670103092786,1002.384375,3.68974358974359,0.5274581,3.5274694e-05,-2.813584,1.4440137,2.5711975,-0.82547,-12.306203,-9.326712,-13.62640357857515,-8.811876484204278,0.04501903
2022-11-23,6.757831325301206,-0.1710843373493976,0.21649484536082475,1004.515625,2.7410256410256406,0.5274581,3.4469292e-06,-1.4780931,1.7887341,6.656891,-0.84265137,-8.22051,-9.343893,-8.878210807490813,-6.23356323119223,0.04501903
2022-11-24,5.603614457831325,-0.012048192771084326,2.4742268041237114,1010.8124999999999,1.9743589743589747,0.5274581,8.334604e-05,-0.48878646,1.4659568,6.1290894,-1.3368835,-8.748311,-9.838125,-10.032427674960694,-6.074527086613917,0.04501903
2022-11-25,7.410843373493975,1.6036144578313256,36.824742268041234,1017.078125,1.9256410256410255,0.5274581,0.00067156414,-0.089339964,1.0817746,5.9052124,1.7506714,-8.972188,-6.7505703,-8.225198759298044,-4.458864436011506,0.04501903
2022-11-26,8.15421686746988,4.13012048192771,3.4742268041237114,1026.75,2.184615384615385,0.5274581,0.00048764065,1.9897661,-0.33995605,7.739319,5.4630127,-7.1380816,-3.038229,-7.481825265322138,-1.9323584119151223,0.04501903
2022-11-27,7.802409638554217,1.5746987951807232,0.020618556701030927,1027.0843750000001,2.6333333333333333,0.5274581,3.378086e-05,-0.6143939,2.0801065,6.8737183,2.9822083,-8.003682,-5.5190334,-7.8336324942378015,-4.487780098662109,0.04501903
2022-11-28,5.3506024096385545,2.179518072289157,1.2164948453608246,1018.0625,3.8769230769230774,0.5274581,8.517254e-07,-2.9962664,1.7644953,5.3905945,3.3057556,-9.486806,-5.195486,-10.285439723153464,-3.882960821553675,0.04501903
2022-11-29,4.932530120481927,2.5759036144578316,2.948453608247423,1019.2218750000002,2.8974358974358974,0.5274581,6.357048e-05,-2.2057173,0.59234756,5.9179688,1.8384094,-8.959432,-6.6628323,-10.703512012310092,-3.4865752793850007,0.04501903
2022-11-30,4.634939759036145,0.29638554216867474,0.1134020618556701,1025.3656250000001,2.964102564102564,0.5274581,3.4124994e-05,-2.3147917,0.37312487,5.0455933,2.464508,-9.831807,-6.0367336,-11.001102373755874,-5.766093351674158,0.04501903
2022-12-01,1.1265060240963856,-0.3879518072289157,19.24742268041237,1028.921875,2.5153846153846153,0.37968946,0.0001691373,-2.00574,-0.5732047,0.9512329,-0.67700195,-13.9261675,-9.178244,-14.509536108695633,-6.450430701071748,-0.102749586
2022-12-02,1.3457831325301206,-1.2036144578313255,13.587628865979381,1027.125,3.3769230769230765,0.37968946,0.00094322016,-2.8769038,-1.111082,1.7446289,0.0036621094,-13.1327715,-8.49758,-14.290259000261898,-7.266093351674158,-0.102749586
2022-12-03,-0.4457831325301205,-1.9373493975903615,3.247422680412371,1024.9625,3.071794871794872,0.37968946,0.0005768045,-2.7965565,-0.7908471,-0.047302246,-1.3859863,-14.924703,-9.887228,-16.081825265322138,-7.999828291433194,-0.102749586
2022-12-04,2.2939759036144576,-0.5590361445783132,17.103092783505154,1021.1624999999999,3.1333333333333333,0.37968946,6.885659e-05,-2.3869202,-1.4642214,2.2975159,-0.4812622,-12.579885,-8.982504,-13.342066229177561,-6.621515038421146,-0.102749586
2022-12-05,3.47710843373494,1.7530120481927711,21.567010309278352,1018.709375,2.4615384615384626,0.37968946,0.0020371305,-0.77706283,-0.2523122,3.6695862,1.4927063,-11.207814,-7.0085354,-12.15893369905708,-4.309466845650061,-0.102749586
2022-12-06,3.1337349397590364,1.1903614457831326,14.11340206185567,1015.575,2.6948717948717955,0.37968946,0.0007277256,2.2387831,0.101826966,2.6870422,1.3552246,-12.190358,-7.146017,-12.502307193032983,-4.8721174480597,-0.102749586
2022-12-07,3.832530120481928,-0.4554216867469879,16.690721649484537,1010.496875,4.141025641025641,0.37968946,0.0011720195,3.52864,0.46894923,3.2265625,1.5565186,-11.650838,-6.944723,-11.80351201231009,-6.51790058058982,-0.102749586
2022-12-08,3.4433734939759044,-1.3,22.88659793814433,1007.1375000000002,2.651282051282051,0.37968946,0.0020922401,1.6672751,1.5286797,2.121399,-0.21313477,-12.756001,-8.714376,-12.192668638816114,-7.362478893842832,-0.102749586
2022-12-09,0.20843373493975906,-2.3686746987951808,1.1649484536082475,1008.2531250000001,1.6358974358974356,0.37968946,0.0001856168,-0.82855517,-0.13883175,1.0476379,-0.32574463,-13.829762,-8.826986,-15.42760839785226,-8.431153592638013,-0.102749586
2022-12-10,-0.7530120481927711,-3.1626506024096384,3.5051546391752577,1010.1531249999999,1.9846153846153847,0.37968946,0.00017792384,-0.7994652,-1.7188116,-0.6597595,-1.8632202,-15.53716,-10.364462,-16.38905418098479,-9.225129496252471,-0.102749586
2022-12-11,-1.7156626506024097,-3.6397590361445786,11.525773195876289,1010.5500000000001,2.4871794871794872,0.37968946,0.00036495025,1.3300328,-1.4955091,-1.0078735,-2.8980408,-15.885274,-11.399282,-17.35170478339443,-9.702237929987412,-0.102749586
2022-12-12,-0.7132530120481928,-4.000000000000001,1.0618556701030928,1010.7812500000001,3.4076923076923085,0.37968946,0.0005239496,2.2232733,-1.8311328,-1.2043152,-2.556366,-16.081715,-11.057608,-16.349295144840212,-10.062478893842833,-0.102749586
2022-12-13,-1.6469879518072288,-8.625301204819277,0.0,1012.64375,2.373684210526316,0.37968946,5.8462363e-05,1.4276571,0.77801615,-0.9765625,-4.70401,-15.853963,-13.205252,-17.283030084599247,-14.68778009866211,-0.102749586
2022-12-14,-3.4686746987951813,-11.233734939759037,0.020618556701030927,1006.7531250000001,2.0564102564102567,0.37968946,2.9068972e-06,-1.3642,1.2950696,-1.9456787,-5.867859,-16.823078,-14.369101,-19.1047168315872,-17.29621383360187,-0.102749586
2022-12-15,-2.7674698795180723,-12.133734939759037,0.030927835051546393,1008.2500000000001,1.9564102564102563,0.37968946,2.3554733e-06,0.4939495,1.4469522,-1.9370117,-7.688965,-16.814411,-16.190207,-18.40351201231009,-18.19621383360187,-0.102749586
2022-12-16,-2.7686746987951807,-10.350602409638554,0.020618556701030927,1014.628125,1.4256410256410257,0.37968946,7.604673e-06,-0.9669911,-1.034789,-2.0816956,-7.2512207,-16.959095,-15.752462,-18.4047168315872,-16.413081303481388,-0.102749586
2022-12-17,-2.950602409638554,-7.257831325301206,0.0,1025.996875,1.6743589743589746,0.37968946,2.1672817e-05,0.22015816,0.26576614,-1.381897,-5.128479,-16.259296,-13.629721,-18.586644542430573,-13.320310219144037,-0.102749586
2022-12-18,-4.209638554216867,-8.201204819277109,0.020618556701030927,1033.7375000000002,3.120512820512821,0.37968946,6.025442e-06,-1.2603798,2.5371337,-2.6938477,-4.994568,-17.571247,-13.49581,-19.845680687008887,-14.263683713119942,-0.102749586
2022-12-19,3.961445783132531,-5.287951807228916,44.371134020618555,1024.1718750000002,4.556410256410255,0.37968946,0.0015247237,0.007294575,3.799657,4.3713074,-3.5064697,-10.506093,-12.007711,-11.674596349659488,-11.350430701071748,-0.102749586
2022-12-20,7.0843373493975905,3.155421686746988,39.06185567010309,1016.1906250000001,4.015384615384616,0.37968946,0.0009357659,1.1944472,3.416659,6.8018494,3.1630554,-8.075551,-5.3381863,-8.551704783394428,-2.907057207095844,-0.102749586
2022-12-21,7.542168674698795,4.096385542168675,10.824742268041238,1010.9281250000001,3.0487179487179485,0.37968946,0.0014921325,1.5759672,2.2362797,7.3483887,4.374939,-7.5290117,-4.1263027,-8.093873458093224,-1.9660933516741572,-0.102749586
2022-12-22,8.813253012048193,4.213253012048192,39.52577319587629,1005.25,3.0384615384615383,0.37968946,0.0013710706,1.5588775,1.7835909,7.1447754,6.180847,-7.732625,-2.3203945,-6.822789120743826,-1.8492258817946405,-0.102749586
2022-12-23,7.913253012048192,4.603614457831325,75.19791666666667,1004.1281250000001,2.2256410256410257,0.37968946,0.0041808393,0.43380356,0.52962774,6.498932,2.8777466,-8.3784685,-5.623495,-7.722789120743827,-1.458864436011507,-0.102749586
2022-12-24,8.610843373493976,3.5891566265060244,27.270833333333332,1009.00625,2.7333333333333334,0.37968946,0.0058151744,0.5284191,0.329941,6.92688,3.30365,-7.9505205,-5.197592,-7.025198759298043,-2.473322267336808,-0.102749586
2022-12-25,9.080722891566266,0.6132530120481928,56.114583333333336,1016.553125,2.7974358974358973,0.37968946,0.0016113449,-0.3146485,2.1833332,8.071472,3.886261,-6.805928,-4.6149807,-6.555319241225753,-5.449225881794639,-0.102749586
2022-12-26,10.875903614457831,4.312048192771084,16.833333333333332,1010.553125,4.446153846153847,0.37968946,0.0016469993,3.4976676,1.3668116,10.337799,7.893982,-4.5396013,-0.60725975,-4.7601385183341876,-1.750430701071748,-0.102749586
2022-12-27,6.086746987951808,1.5180722891566267,1.3958333333333333,1020.665625,4.853846153846154,0.37968946,0.00023425587,3.871888,1.5880178,5.2921753,2.7438354,-9.585225,-5.757406,-9.549295144840212,-4.5444066046862055,-0.102749586
2022-12-28,8.568674698795181,2.7831325301204823,14.770833333333334,1015.0718750000001,4.958974358974358,0.37968946,0.0009846404,2.3549469,3.7728052,7.501343,3.4198608,-7.3760576,-5.081381,-7.0673674339968375,-3.27934636372235,-0.102749586
2022-12-29,12.437349397590364,6.992771084337349,10.927083333333334,1005.3656250000001,5.246153846153847,0.37968946,0.0024240364,3.1501825,3.6754582,11.453796,6.6627502,-3.423604,-1.8384914,-3.1986927352016554,0.9302921904945167,-0.102749586
2022-12-30,9.52409638554217,4.634939759036145,14.104166666666666,1010.828125,4.953846153846153,0.37968946,0.00033826273,1.7825867,3.5462856,8.824554,6.003418,-6.052846,-2.4978237,-6.111945747249848,-1.427539134806687,-0.102749586
2022-12-31,17.081927710843377,8.767469879518073,23.552083333333332,1007.65625,5.7710526315789465,0.37968946,0.0030574526,3.9509242,4.1251526,15.421753,9.43689,0.54435253,0.93564796,1.4458855780513584,2.7049909856752405,-0.102749586
2023-01-01,16.018072289156628,9.990361445783133,2.4270833333333335,1014.1032258064515,5.173684210526316,0.37968946,0.0002043642,3.5072765,3.2657473,14.927399,11.488678,0.049998283,2.9874363,0.3820301563646087,3.927882551940301,-0.102749586
2023-01-02,15.240963855421686,8.3,8.552083333333334,1015.4531249999999,4.417948717948719,0.37968946,0.0010956052,2.709685,2.406499,14.1631775,11.020325,-0.7142229,2.519083,-0.39507827737033274,2.2375211061571685,-0.102749586
2023-01-03,8.914457831325302,0.9506024096385542,0.625,1026.2531250000002,3.2410256410256406,0.37968946,0.00022368807,2.3512285,0.7228544,8.081329,3.8791504,-6.796071,-4.6220913,-6.7215843014667165,-5.111876484204278,-0.102749586
2023-01-04,10.757831325301206,2.536144578313253,120.5360824742268,1016.75625,5.843589743589744,0.37968946,0.005691419,3.6205432,3.6861284,10.004242,4.3955383,-4.8731585,-4.1057034,-4.878210807490813,-3.526334315529579,-0.102749586
2023-01-05,10.38313253012048,2.591566265060241,14.185567010309278,1011.8437500000001,6.31025641025641,0.37968946,0.0019864098,4.9728827,-1.1412771,9.212219,5.628174,-5.665181,-2.8730679,-5.252909602671538,-3.470912628782591,-0.102749586
2023-01-06,10.174698795180722,2.3036144578313253,12.762886597938145,1018.1750000000001,3.3256410256410263,0.37968946,0.0017409356,1.2382598,1.5170012,9.823364,3.5741882,-5.054036,-4.9270535,-5.4613433376112965,-3.758864436011507,-0.102749586
2023-01-07,10.418072289156626,4.242168674698796,1.7835051546391754,1016.4250000000001,2.9282051282051285,0.37968946,0.00053123775,0.24319172,2.4491637,9.685059,6.6279297,-5.192342,-1.873312,-5.217969843635393,-1.8203102191440363,-0.102749586
2023-01-08,8.513253012048192,4.383132530120482,33.51546391752577,1006.403125,3.492307692307693,0.37968946,0.0014708852,0.16729164,3.1129754,8.100891,6.230072,-6.7765093,-2.2711697,-7.1227891207438265,-1.6793463637223498,-0.102749586
2023-01-09,8.303614457831326,3.3807228915662653,16.556701030927837,999.9812499999999,3.2717948717948717,0.37968946,0.0013782425,0.9957079,2.1582832,7.6148987,4.3838196,-7.2625017,-4.117422,-7.332427674960693,-2.681756002276567,-0.102749586
2023-01-10,7.632530120481928,3.5240963855421685,2.0618556701030926,1014.2161290322582,3.5564102564102567,0.37968946,0.00017991841,2.5403645,1.1422726,6.913269,5.07605,-7.9641314,-3.4251919,-8.003512012310091,-2.5383825083006637,-0.102749586
2023-01-11,8.396385542168677,3.8060240963855425,66.11340206185567,1011.7354838709678,4.4333333333333345,0.37968946,0.0028112184,1.7818435,3.1339452,8.873718,3.9063416,-6.003682,-4.5949,-7.239656590623342,-2.2564547974572897,-0.102749586
2023-01-12,10.287951807228916,5.244578313253013,31.123711340206185,1008.6903225806452,6.1282051282051295,0.37968946,0.0020821362,3.330144,4.4563866,9.646118,5.828949,-5.231282,-2.6722927,-5.348090325563103,-0.8179005805898196,-0.102749586
2023-01-13,10.127710843373496,6.5530120481927705,10.814432989690722,1005.2483870967742,5.653846153846154,0.37968946,0.0011190946,3.819815,3.2118456,9.622009,7.1740723,-5.255391,-1.3271694,-5.508331289418523,0.49053315434993827,-0.102749586
2023-01-14,8.842168674698796,5.716867469879518,98.95876288659794,1009.7161290322581,5.817948717948718,0.37968946,0.0018671728,2.6620767,4.032964,8.636963,6.758667,-6.2404375,-1.7425747,-6.793873458093223,-0.3456114239633141,-0.102749586
2023-01-15,9.493975903614459,4.2,5.175257731958763,998.471875,6.053846153846155,0.37968946,0.0037732597,4.0080514,3.5790055,9.772278,5.733185,-5.1051226,-2.7680569,-6.14206622917756,-1.862478893842832,-0.102749586
2023-01-16,7.030120481927711,2.1240963855421686,0.845360824742268,994.2125000000001,4.664102564102565,0.37968946,0.00033805158,-0.7454915,3.4262905,6.3292236,3.4973145,-8.548177,-5.003927,-8.605921650864307,-3.9383825083006636,-0.102749586
2023-01-17,5.080722891566266,-2.8674698795180724,2.1030927835051547,984.9593749999999,4.2717948717948735,0.37968946,0.00066130894,1.8501983,2.560953,4.2543945,0.78759766,-10.623006,-7.713644,-10.555319241225753,-8.929948773360906,-0.102749586
2023-01-18,1.4445783132530121,-4.22289156626506,22.443298969072163,994.640625,1.771794871794872,0.37968946,0.00037942317,-0.018375332,-0.65810806,1.2423401,-1.9625244,-13.63506,-10.463766,-14.191463819539006,-10.285370460107892,-0.102749586
2023-01-19,1.4843373493975904,-5.086746987951808,0.6701030927835051,1004.5187500000002,3.1461538461538465,0.37968946,6.567202e-05,1.1325192,2.4207652,2.0725098,-3.7313538,-12.804891,-12.232595,-14.151704783394429,-11.14922588179464,-0.102749586
2023-01-20,1.2096385542168677,-2.226506024096386,0.030927835051546393,1015.4875000000001,1.8846153846153844,0.37968946,2.0347046e-05,0.67751503,-0.37331757,2.7652893,-2.7946472,-12.112111,-11.295889,-14.426403578575151,-8.288984917939217,-0.102749586
2023-01-21,2.5349397590361447,-1.7433734939759036,52.43298969072165,1026.3343750000001,4.597435897435897,0.37968946,0.0012631881,-1.1860448,-3.909238,2.4403381,-0.47479248,-12.437062,-8.976034,-13.101102373755875,-7.805852387818736,-0.102749586
2023-01-22,1.691566265060241,0.6048192771084338,4.711340206185567,1029.98125,3.182051282051282,0.37968946,0.0011006912,-2.4063122,-1.9564823,1.9364624,0.7241211,-12.940938,-7.7771206,-13.944475867731779,-5.457659616734398,-0.102749586
2023-01-23,1.8204819277108437,0.4,0.061855670103092786,1037.596875,2.3589743589743595,0.37968946,7.5803146e-05,-1.5794579,-1.0418403,2.4447632,0.19754028,-12.432637,-8.303701,-13.815560205081175,-5.662478893842832,-0.102749586
2023-01-24,1.1012048192771084,-0.4144578313253013,0.030927835051546393,1040.2250000000001,1.8871794871794874,0.37968946,3.3973225e-05,-1.0775452,-1.0182527,2.0515442,-1.1289978,-12.825856,-9.6302395,-14.53483731351491,-6.476936725168134,-0.102749586
2023-01-25,0.8891566265060242,-0.7843373493975905,0.13402061855670103,1033.71875,2.1076923076923078,0.37968946,0.0001372379,0.4456164,0.54612535,1.7351685,-0.8560486,-13.142232,-9.35729,-14.746885506285995,-6.846816243240423,-0.102749586
2023-01-26,0.0036144578313253043,-1.6409638554216865,3.4742268041237114,1022.7781249999998,1.7999999999999996,0.37968946,8.328184e-05,0.9845793,-0.5546401,-0.15362549,-0.51763916,-15.031026,-9.018881,-15.632427674960693,-7.703442749264519,-0.102749586
2023-01-27,3.1120481927710846,-1.1048192771084338,4.77319587628866,1024.453125,3.0538461538461537,0.37968946,0.0006832413,-0.9743614,-2.2009056,2.8568726,-0.493927,-12.020528,-8.995169,-12.523993940020935,-7.167298170951266,-0.102749586
2023-01-28,1.3253012048192772,-2.369879518072289,0.28865979381443296,1028.2218750000002,2.1025641025641026,0.37968946,0.00017228571,1.0332618,-0.76716137,1.8088684,-1.8441772,-13.068532,-10.345419,-14.310740927972741,-8.432358411915121,-0.102749586
2023-01-29,2.1554216867469878,-1.5554216867469883,4.505154639175258,1023.95,4.605128205128205,0.37968946,0.0002608478,3.2219565,1.7622796,2.4235535,-1.01297,-12.453847,-9.514212,-13.48062044604503,-7.61790058058982,-0.102749586
2023-01-30,6.2626506024096384,0.6265060240963856,26.31958762886598,1008.0781249999999,7.374358974358977,0.37968946,0.0028882225,5.8998647,0.3162647,5.0986633,1.1993408,-9.778737,-7.301901,-9.373391530382381,-5.435972869746447,-0.102749586
2023-01-31,5.9807228915662645,2.2289156626506026,33.93814432989691,1013.5812500000001,6.605128205128206,0.37968946,0.0016593877,5.5026717,0.25854984,5.178314,2.0930176,-9.699086,-6.408224,-9.655319241225754,-3.8335632311922296,-0.102749586
2023-02-01,6.150602409638554,2.1698795180722894,57.28865979381443,1009.2718749999999,6.825641025641025,0.37968946,0.00239279,5.919679,0.47781622,5.731476,,-9.145925,,-9.485439723153466,-3.892599375770543,-0.102749586
2023-02-02,6.379518072289157,-0.33975903614457836,40.97938144329897,1015.121875,5.471794871794872,0.37968946,0.0011384222,3.7876713,-1.5089136,5.5000305,,-9.37737,,-9.256524060502862,-6.402237929987411,-0.102749586
2023-02-03,8.379518072289157,1.0602409638554218,43.75257731958763,1014.76875,7.202564102564102,0.37968946,0.008547722,5.286886,-1.1363219,7.4669495,,-7.410451,,-7.256524060502862,-5.002237929987411,-0.102749586
2023-02-04,4.303614457831326,-3.6891566265060245,0.12371134020618557,1032.965625,3.5153846153846158,0.37968946,0.0006880165,0.194941,-2.958512,3.1524048,,-11.724996,,-11.332427674960693,-9.751635520348856,-0.102749586
2023-02-05,1.2987951807228917,-5.896385542168675,0.8247422680412371,1038.953125,1.8410256410256414,0.37968946,1.3096709e-05,-0.33389565,1.2290233,1.4528198,,-13.424581,,-14.337246952069128,-11.958864436011506,-0.102749586
2023-02-06,1.1590361445783135,-6.337349397590361,2.6597938144329896,1040.121875,1.9179487179487182,0.37968946,0.00045808588,-0.67681617,0.11452568,1.1753845,,-13.702016,,-14.477005988213705,-12.399828291433193,-0.102749586
2023-02-07,1.5349397590361447,-8.297590361445783,0.010309278350515464,1042.9031250000003,1.3102564102564105,0.37968946,2.9718723e-05,-0.22019969,0.50635654,0.736084,,-14.141316,,-14.101102373755875,-14.360069255288614,-0.102749586
2023-02-08,1.9397590361445782,-7.171084337349398,0.0,1042.10625,2.5487179487179494,0.37968946,3.7266872e-07,-1.3215787,1.915219,2.2019958,,-12.675405,,-13.696283096647441,-13.23356323119223,-0.102749586
2023-02-09,3.283132530120482,-6.15421686746988,0.010309278350515464,1033.7375000000002,3.4974358974358974,0.37968946,5.060082e-07,1.192103,2.4057808,2.857727,,-12.019673,,-12.352909602671538,-12.216695761312712,-0.102749586
2023-02-10,5.571084337349398,-0.927710843373494,0.041237113402061855,1033.375,4.194871794871794,0.37968946,4.3905416e-06,3.0628366,1.5462977,5.0528564,,-9.824544,,-10.06495779544262,-6.990189737216326,-0.102749586
2023-02-11,7.402409638554218,2.369879518072289,3.8556701030927836,1028.453125,5.328205128205128,0.37968946,0.00034135568,4.181907,0.24079603,7.402893,,-7.4745073,,-8.233632494237801,-3.692599375770543,-0.102749586
2023-02-12,8.730120481927713,4.832530120481928,4.092783505154639,1036.3125,2.4589743589743587,0.37968946,0.00016379725,2.0007763,-0.1102826,7.9884033,,-6.888997,,-6.905921650864306,-1.2299487733609045,-0.102749586
2023-02-13,7.372289156626507,4.503614457831326,0.8556701030927835,1037.465625,2.628205128205128,0.37968946,0.00033307695,1.9505281,-0.65440845,8.090942,,-6.786458,,-8.263752976165513,-1.5588644360115058,-0.102749586
2023-02-14,6.812048192771085,-0.3771084337349398,0.0,1036.540625,1.6128205128205129,0.37968946,6.809492e-05,-0.16285269,0.68115956,6.196533,,-8.680867,,-8.823993940020934,-6.439587327577772,-0.102749586
2023-02-15,8.691566265060242,-2.7216867469879524,0.010309278350515464,1028.7468750000003,1.9333333333333327,0.37968946,7.755812e-06,0.04225837,1.7014569,8.059265,,-6.8181353,,-6.944475867731777,-8.784165640830786,-0.102749586
2023-02-16,11.01686746987952,-1.1373493975903615,7.474226804123711,1022.725,2.9897435897435902,0.37968946,4.4453493e-05,2.1116998,1.6419568,9.468872,,-5.4085283,,-4.619174662912499,-7.199828291433194,-0.102749586
2023-02-17,12.579518072289158,6.284337349397591,25.969072164948454,1013.9968750000002,6.538461538461538,0.37968946,0.003133259,4.9024453,1.6011447,10.989502,,-3.8878984,,-3.056524060502861,0.22185845555475847,-0.102749586
2023-02-18,10.16987951807229,4.651807228915663,120.16494845360825,1013.3093749999999,5.587179487179488,0.37968946,0.0036718023,4.6710706,-0.030127421,9.18158,,-5.695821,,-5.466162614719728,-1.4106716649271691,-0.102749586
2023-02-19,7.296385542168675,0.7120481927710842,3.3402061855670104,1017.746875,3.838461538461538,0.37968946,0.0019309475,2.7388124,-1.2858063,6.346222,,-8.531178,,-8.339656590623344,-5.350430701071748,-0.102749586
2023-02-20,10.180722891566266,1.519277108433735,14.237113402061855,1015.8781250000001,6.882051282051282,0.37968946,0.00044457594,5.94111,1.292946,9.149841,,-5.727559,,-5.455319241225753,-4.543201785409098,-0.102749586
2023-02-21,10.727710843373496,5.959036144578313,16.97938144329897,1013.69375,5.525641025641025,0.37968946,0.0007190941,4.190595,-1.0544994,10.157745,,-4.719655,,-4.908331289418523,-0.10344274926451913,-0.102749586
2023-02-22,9.946987951807229,3.0421686746987953,0.061855670103092786,1016.475,2.4128205128205127,0.37968946,8.049052e-05,-1.7209249,1.0238247,9.823486,,-5.053914,,-5.68905418098479,-3.020310219144037,-0.102749586
2023-02-23,10.102409638554217,2.091566265060241,15.34020618556701,1012.865625,2.782051282051282,0.37968946,0.00029264463,0.42186508,0.5898966,11.555115,,-3.3222857,,-5.533632494237802,-3.970912628782591,-0.102749586
2023-02-24,6.059036144578314,1.763855421686747,44.4639175257732,1004.0687500000001,4.907692307692307,0.37968946,0.0011730404,3.8351161,1.230219,6.42157,,-8.455831,,-9.577005988213706,-4.298623472156085,-0.102749586
2023-02-25,3.3855421686746987,-0.8313253012048193,23.412371134020617,1000.409375,5.7615384615384615,0.37968946,0.003169736,2.746421,-3.2503805,2.9325562,,-11.944844,,-12.25049996411732,-6.893804195047651,-0.102749586
2023-02-26,3.684337349397591,-3.2228915662650603,0.36082474226804123,1018.9593749999999,3.6769230769230763,0.37968946,0.00058567803,0.0049363775,-3.3055904,3.1025696,,-11.774831,,-11.951704783394428,-9.285370460107892,-0.102749586
2023-02-27,4.3349397590361445,-4.397590361445783,0.14432989690721648,1028.9562500000002,1.6538461538461537,0.37968946,0.0004259307,-0.63734436,-1.5165954,4.213043,,-10.664357,,-11.301102373755874,-10.460069255288616,-0.102749586
2023-02-28,5.543373493975904,-4.801204819277109,0.0,1032.125,1.482051282051282,0.37968946,2.8033355e-05,-1.0481793,-0.7242879,4.35614,,-10.52126,,-10.092668638816114,-10.86368371311994,-0.102749586
2023-03-01,7.654216867469881,-6.03855421686747,0.010309278350515464,1029.7125,1.4435897435897436,0.49006727,5.5829315e-07,-0.23810787,-0.78737307,5.923279,-1.8874207,-8.954122,-10.388662,-7.981825265322138,-12.101033110710302,0.0076282322
2023-03-02,4.151807228915663,-4.031325301204819,0.010309278350515464,1025.540625,1.964102564102564,0.49006727,6.5671666e-06,-0.7767647,-1.2896074,3.1081543,-2.5272827,-11.769246,-11.028524,-11.484234903876356,-10.093804195047651,0.0076282322
2023-03-03,3.483132530120482,-1.7590361445783131,0.020618556701030927,1022.984375,3.2076923076923074,0.49006727,1.36360495e-05,2.4202561,0.012176474,4.4761047,-1.5287781,-10.401296,-10.03002,-12.152909602671537,-7.821515038421145,0.0076282322
2023-03-04,6.273493975903615,0.7156626506024097,1.6701030927835052,1017.09375,4.699999999999999,0.49006727,0.00023711096,3.549059,-1.1935395,5.747284,1.1864014,-9.130116,-7.3148403,-9.362548156888405,-5.346816243240422,0.0076282322
2023-03-05,4.1963855421686755,-0.2,24.50515463917526,1011.834375,4.035897435897437,0.49006727,0.0008380514,3.3447714,-0.81969935,4.1696167,-0.15454102,-10.707784,-8.655783,-11.439656590623343,-6.262478893842832,0.0076282322
2023-03-06,3.5216867469879527,-1.9265060240963856,16.855670103092784,1004.2125,2.574358974358975,0.49006727,0.0024865458,2.0413227,0.5765078,3.7505798,-0.048309326,-11.126821,-8.549551,-12.114355385804066,-7.988984917939218,0.0076282322
2023-03-07,4.8746987951807235,-1.4361445783132532,28.45360824742268,995.8156250000001,4.9333333333333345,0.49006727,0.0022236244,3.1102421,2.4904125,5.231964,-2.0912476,-9.645436,-10.592489,-10.761343337611295,-7.498623472156085,0.0076282322
2023-03-08,3.119277108433735,-1.5337349397590363,30.7319587628866,997.79375,2.684615384615385,0.49006727,0.0006305165,0.64291763,0.8524597,3.3690186,-2.2669678,-11.508382,-10.768209,-12.516765024358284,-7.596213833601869,0.0076282322
2023-03-09,1.7301204819277112,-0.39156626506024095,70.0618556701031,997.153125,2.553846153846154,0.49006727,0.0027868908,-2.3987572,-0.33372816,2.57312,-0.093566895,-12.30428,-8.594809,-13.905921650864308,-6.454045158903073,0.0076282322
2023-03-10,8.455421686746988,0.4734939759036144,109.85567010309278,990.7437500000001,3.500000000000001,0.49006727,0.008098289,-1.0598375,-0.89081603,6.874298,0.4628296,-8.003102,-8.038412,-7.180620446045031,-5.588984917939218,0.0076282322
2023-03-11,3.6301204819277118,-0.8506024096385542,1.731958762886598,1001.6437500000001,5.392307692307693,0.49006727,0.006777357,3.748192,-2.3257387,2.6517334,-0.56799316,-12.225667,-9.069235,-12.005921650864307,-6.913081303481387,0.0076282322
2023-03-12,6.296385542168673,-2.0180722891566263,13.989690721649485,1010.5062500000001,3.8051282051282045,0.49006727,0.0006279222,2.2756405,1.8181554,5.808716,-0.7703247,-9.068685,-9.271566,-9.339656590623346,-8.080551182999459,0.0076282322
2023-03-13,15.821686746987952,5.521686746987952,30.34020618556701,999.7968750000002,5.464102564102565,0.49006727,0.0028765562,2.8921738,3.9746227,14.206909,6.151428,-0.6704912,-2.3498135,0.18564461419593314,-0.54079214685488,0.0076282322
2023-03-14,14.166265060240965,0.8771084337349397,59.30927835051546,993.1843749999999,5.535897435897436,0.49006727,0.0023627316,3.587761,1.8620402,12.695435,2.2217407,-2.1819658,-6.279501,-1.4697770725510537,-5.185370460107892,0.0076282322
2023-03-15,6.93855421686747,-1.3385542168674698,3.6288659793814433,1013.1562500000001,3.8692307692307693,0.49006727,0.0005955155,3.3414392,-0.056539353,6.789917,0.41799927,-8.087483,-8.083242,-8.69748791592455,-7.401033110710302,0.0076282322
2023-03-16,9.41566265060241,-2.766265060240964,0.010309278350515464,1021.7062500000002,3.0615384615384613,0.49006727,2.488563e-05,0.06863042,1.9203529,8.003784,-2.069458,-6.873616,-10.5707,-6.220379482189609,-8.828743954083796,0.0076282322
2023-03-17,13.90843373493976,2.5650602409638554,0.0,1014.8218750000001,4.556410256410257,0.49006727,5.039597e-07,-1.9312444,3.305441,12.885071,2.723816,-1.9923296,-5.777426,-1.7276083978522596,-3.497418652878977,0.0076282322
2023-03-18,17.606024096385543,5.589156626506025,11.123711340206185,1012.1437500000001,2.923076923076923,0.49006727,5.960254e-05,0.25899467,2.224905,17.060059,5.2644653,2.1826582,-3.2367764,1.9699819635935238,-0.4733222673368074,0.0076282322
2023-03-19,16.19277108433735,5.024096385542169,20.804123711340207,1014.7656249999999,2.153846153846154,0.49006727,0.0029931378,0.1359397,1.5871739,15.535645,5.240631,0.65824413,-3.2606106,0.5567289515453293,-1.0383825083006633,0.0076282322
2023-03-20,11.559036144578315,6.892771084337349,5.010309278350515,1016.7187500000001,2.8564102564102565,0.49006727,0.0002942643,2.607673,-0.2084213,11.333984,5.3894653,-3.543416,-3.1117764,-4.077005988213704,0.8302921904945171,0.0076282322
2023-03-21,12.263855421686747,6.59156626506024,13.649484536082474,1015.59375,2.51025641025641,0.49006727,0.00069045176,0.755418,1.7199793,9.855804,6.6688232,-5.021596,-1.8324184,-3.3721867111052717,0.5290873712174076,0.0076282322
2023-03-22,16.773493975903616,7.568674698795181,15.649484536082474,1009.684375,3.861538461538462,0.49006727,0.00016655393,1.9687524,2.4854314,15.271698,6.8465576,0.3942976,-1.6546841,1.137451843111597,1.5061958049523492,0.0076282322
2023-03-23,16.004819277108435,9.085542168674701,26.309278350515463,1005.6343750000001,4.141025641025641,0.49006727,0.0020301624,2.6959286,2.7936003,14.922974,10.464478,0.045573235,1.9632359,0.3687771443164163,3.023063274831869,0.0076282322
2023-03-24,16.22289156626506,7.5855421686746975,15.45360824742268,1002.63125,4.551282051282051,0.49006727,0.0021714426,2.5149865,2.758518,15.057495,9.751282,0.18009472,1.25004,0.5868494334730396,1.5230632748318653,0.0076282322
2023-03-25,13.01686746987952,6.744578313253013,42.608247422680414,1002.590625,5.143589743589744,0.49006727,0.001676776,3.8661983,2.4187887,12.114044,7.99527,-2.7633562,-0.5059719,-2.6191746629124992,0.6820994194101804,0.0076282322
2023-03-26,11.234939759036147,3.730120481927711,20.288659793814432,1002.8625000000001,4.241025641025641,0.49006727,0.0011412505,2.9060304,-0.7099202,10.625122,6.6390076,-4.2522783,-1.8622341,-4.401102373755872,-2.3323584119151213,0.0076282322
2023-03-27,7.163855421686748,0.07469879518072292,14.484536082474227,1011.4000000000001,4.807692307692309,0.49006727,0.0009319442,3.1756592,-2.4653738,6.8095093,1.4111938,-8.067891,-7.090048,-8.472186711105271,-5.9877800986621095,0.0076282322
2023-03-28,7.47710843373494,-0.9891566265060242,0.422680412371134,1021.275,4.384615384615384,0.49006727,0.00045454374,2.9909203,-1.9394865,6.829132,-0.06173706,-8.048268,-8.562979,-8.15893369905708,-7.0516355203488565,0.0076282322
2023-03-29,10.851807228915662,-0.2,3.051546391752577,1017.4531250000001,3.061538461538462,0.49006727,8.1025224e-05,1.1790384,2.3679936,9.662903,0.46191406,-5.2144976,-8.039328,-4.7842349038763565,-6.262478893842832,0.0076282322
2023-03-30,17.740963855421686,7.363855421686748,42.30927835051546,1007.275,3.8641025641025646,0.49006727,0.00191102,1.9772463,2.3274097,16.289825,7.949005,1.412425,-0.55223656,2.1049217226296673,1.3013765278439156,0.0076282322
2023-03-31,13.906024096385543,8.114457831325302,74.31958762886597,1000.24375,3.2025641025641023,0.49006727,0.002729698,1.8130289,2.1684048,12.730408,8.137207,-2.1469927,-0.36403465,-1.7300180364064754,2.0519789374824695,0.0076282322
2023-04-01,11.07590361445783,3.4060240963855426,39.371134020618555,1001.03125,4.176923076923077,0.49006727,0.0029517931,-1.2961284,-1.5261979,8.832977,6.3502197,-6.044423,-2.151022,-4.560138518334188,-2.6564547974572896,0.0076282322
2023-04-02,7.603614457831325,0.27951807228915665,0.041237113402061855,1020.109375,5.13076923076923,0.49006727,0.0001986695,-2.3103807,-3.8162873,6.813385,2.6929016,-8.064015,-5.80834,-8.032427674960694,-5.782960821553676,0.0076282322
2023-04-03,5.691566265060242,-2.180722891566265,0.010309278350515464,1031.6937500000001,3.605555555555555,0.49006727,3.6642883e-05,-1.5750691,-2.8773625,4.758545,0.26333618,-10.118855,-8.2379055,-9.944475867731777,-8.243201785409097,0.0076282322
2023-04-04,7.053012048192772,-3.3734939759036147,0.010309278350515464,1028.934375,2.210810810810811,0.49006727,9.411553e-06,0.14607535,-1.7933377,4.7208557,-1.6145325,-10.156545,-10.115774,-8.583030084599248,-9.435972869746447,0.0076282322
2023-04-05,8.096385542168676,-2.466265060240964,0.36082474226804123,1023.6781250000001,1.8461538461538463,0.49006727,0.00052771514,0.44525084,-0.56447643,6.627075,-1.9286194,-8.250325,-10.429861,-7.539656590623343,-8.528743954083797,0.0076282322
2023-04-06,11.326506024096387,-1.8530120481927712,0.0,1021.2718750000001,2.3333333333333335,0.49006727,6.167965e-05,-1.1135433,1.332389,9.60022,-0.55426025,-5.2771807,-9.055502,-4.309536108695632,-7.915490942035603,0.0076282322
2023-04-07,7.706024096385544,-1.1445783132530123,18.721649484536083,1020.2687500000001,2.761538461538462,0.49006727,0.0008384197,-0.8034455,-1.7367172,4.978821,0.07324219,-9.89858,-8.4279995,-7.930018036406475,-7.207057207095844,0.0076282322
2023-04-08,10.440963855421685,2.3084337349397592,0.36082474226804123,1024.2687500000002,2.853846153846154,0.49006727,0.0001418528,-1.473018,-1.0180535,11.72821,4.1137085,-3.14919,-4.387533,-5.1950782773703335,-3.754045158903073,0.0076282322
2023-04-09,13.102409638554219,0.06626506024096389,0.0,1027.234375,1.6743589743589746,0.49006727,4.9530477e-06,0.03898642,-1.10065,11.758728,3.6537476,-3.1186724,-4.847494,-2.5336324942378,-5.996213833601868,0.0076282322
2023-04-10,16.80722891566265,0.2939759036144578,18.61855670103093,1023.16875,2.971052631578948,0.49006727,1.2917444e-06,-1.5391394,1.9130083,14.699005,4.707367,-0.17839527,-3.7938747,1.1711867828706328,-5.768502990228375,0.0076282322
2023-04-11,12.531325301204818,2.3795180722891565,40.51546391752577,1010.365625,4.278947368421052,0.49006727,0.002836505,2.5521338,1.3332528,11.852905,7.139801,-3.0244951,-1.3614407,-3.1047168315872007,-3.6829608215536758,0.0076282322
2023-04-12,14.3144578313253,-0.10722891566265061,24.061855670103093,1006.825,3.710526315789474,0.49006727,0.00062708213,-1.1693181,2.8226213,14.198578,2.8644104,-0.6788225,-5.6368313,-1.3215843014667197,-6.169707809505483,0.0076282322
2023-04-13,13.561445783132529,4.562650602409639,1.3298969072164948,1004.1354838709678,2.7684210526315787,0.49006727,0.0001225277,1.079662,1.605426,12.646423,6.6484375,-2.230977,-1.8528042,-2.0745963496594904,-1.499828291433193,0.0076282322
2023-04-14,9.195180722891568,5.366265060240964,112.23711340206185,1008.6774193548387,2.8871794871794876,0.49006727,0.005795671,0.07445886,-2.3247266,8.455048,5.3241577,-6.422353,-3.177084,-6.440861409900451,-0.6962138336018686,0.0076282322
2023-04-15,11.054216867469881,7.019277108433734,60.381443298969074,1008.4677419354839,3.146153846153847,0.49006727,0.0028617464,-1.9382685,-1.9925634,10.459351,7.3742065,-4.41805,-1.1270351,-4.581825265322138,0.9567982145909015,0.0076282322
2023-04-16,11.169879518072289,7.054216867469879,27.257731958762886,1018.4290322580645,3.0,0.49006727,0.0022483745,-0.83439827,-2.6246428,10.970703,8.333679,-3.9066973,-0.16756248,-4.46616261471973,0.9917379736270471,0.0076282322
2023-04-17,10.627710843373496,5.255421686746988,12.927835051546392,1025.1000000000001,3.4692307692307693,0.49006727,0.0005385867,-1.464222,-2.9698915,10.828735,5.4908752,-4.048665,-3.0103664,-5.008331289418523,-0.8070572070958439,0.0076282322
2023-04-18,13.004819277108435,4.333734939759036,0.09278350515463918,1028.151612903226,3.8763157894736846,0.49006727,0.00031815562,-1.9500121,-3.0333545,13.626404,5.771698,-1.2509966,-2.7295437,-2.6312228556835837,-1.7287439540837966,0.0076282322
2023-04-19,12.100000000000001,2.9132530120481928,44.0,1024.7032258064517,4.968421052631578,0.49006727,0.00067358743,-1.6389217,-4.067741,11.148529,4.5906982,-3.7288713,-3.9105434,-3.5360421327920175,-3.1492258817946395,0.0076282322
2023-04-20,14.789156626506028,4.343373493975903,2.752577319587629,1021.0580645161291,2.9769230769230766,0.49006727,0.00074829045,-2.5580149,-0.713813,14.712311,5.9989014,-0.1650896,-2.5023403,-0.8468855062859912,-1.7191053998669288,0.0076282322
2023-04-21,20.156626506024097,6.3903614457831335,0.0,1018.3451612903227,3.8461538461538467,0.49006727,3.693377e-05,-3.5228348,-0.2190885,18.523956,8.965759,3.646556,0.4645176,4.520584373232078,0.32788255194030125,0.0076282322
2023-04-22,22.04698795180723,6.008433734939758,6.597938144329897,1012.5741935483873,3.2589743589743594,0.49006727,4.6566124e-09,-2.139142,1.8869957,20.304626,9.272339,5.427226,0.7710972,6.410945819015209,-0.05404515890307415,0.0076282322
2023-04-23,18.00602409638554,9.655421686746989,21.422680412371133,1007.1419354838712,2.7487179487179483,0.49006727,0.0018738887,0.40972307,1.2522988,16.513794,12.036499,1.6363935,3.5352573,2.3699819635935224,3.5929427929041564,0.0076282322
2023-04-24,17.23734939759036,7.004819277108433,5.927835051546392,1003.4806451612902,4.282051282051281,0.49006727,0.0008605202,2.3952463,2.200498,15.851196,10.358276,0.9737959,1.8570347,1.6013072647983417,0.9423403832656012,0.0076282322
2023-04-25,10.831325301204819,3.6626506024096384,0.6804123711340206,1008.4483870967742,4.6512820512820525,0.49006727,0.00033282526,4.105945,-0.320152,11.233551,7.852783,-3.6438494,-0.6484585,-4.8047168315872,-2.399828291433194,0.0076282322
2023-04-26,10.532530120481928,1.5457831325301206,0.5979381443298969,1015.6354838709676,4.305128205128205,0.49006727,0.0005598111,3.8385966,-0.5728546,10.134705,4.654541,-4.742696,-3.8467007,-5.103512012310091,-4.516695761312712,0.0076282322
2023-04-27,11.885542168674698,1.3903614457831328,0.030927835051546393,1020.009677419355,2.5794871794871805,0.49006727,0.00023336177,2.0920022,0.05208314,10.357971,3.0481262,-4.519429,-5.4531155,-3.7504999641173207,-4.6721174480597,0.0076282322
2023-04-28,15.612048192771086,1.3590361445783132,30.175257731958762,1016.2129032258066,2.8025641025641033,0.49006727,0.00017947482,-2.327091,1.4831338,15.970581,2.1470642,1.0931807,-6.3541775,-0.023993940020933024,-4.703442749264519,0.0076282322
2023-04-29,14.553012048192771,6.930120481927712,2.536082474226804,1013.3161290322581,3.428205128205128,0.49006727,0.0018807376,1.3358811,-1.705731,14.063568,9.826233,-0.8138323,1.3249912,-1.0830300845992475,0.8676415880848793,0.0076282322
2023-04-30,14.402409638554218,2.246987951807229,0.0,1022.5322580645162,2.5794871794871796,0.49006727,9.3372546e-05,0.60018176,-1.6712133,12.7621155,5.9512024,-2.115285,-2.5500393,-1.233632494237801,-3.8154909420356034,0.0076282322
2023-05-01,19.149397590361446,1.2096385542168675,1.0103092783505154,1017.6354838709677,2.328205128205128,0.49006727,5.7165437e-07,-0.95267844,1.118866,17.191254,4.2392883,2.3138533,-4.2619534,3.5133554575694266,-4.852840339625965,0.0076282322
2023-05-02,14.17710843373494,5.6084337349397595,1.8969072164948453,1019.4741935483871,3.579487179487179,0.49006727,3.5847035e-05,2.5365317,-1.8382946,13.726624,9.05304,-1.1507769,0.55179787,-1.458933699057079,-0.45404515890307273,0.0076282322
2023-05-03,15.024096385542169,2.5036144578313255,0.0,1027.8870967741937,2.089743589743589,0.49006727,2.5065203e-06,0.78685254,-1.0115775,13.391357,7.331848,-1.486043,-1.1693935,-0.61194574724985,-3.5588644360115067,0.0076282322
2023-05-04,18.572289156626507,1.6289156626506023,0.0,1024.5064516129032,2.051282051282051,0.49006727,1.7881393e-07,-1.5289913,-0.33883283,16.736084,4.622589,1.8586836,-3.8786526,2.936247023834488,-4.43356323119223,0.0076282322
2023-05-05,20.134939759036147,6.73855421686747,56.81443298969072,1019.9290322580645,4.569230769230769,0.49006727,9.752179e-05,-4.294481,-0.15715434,18.40326,9.459106,3.5258589,0.95786476,4.498897626244128,0.6760753230246381,0.0076282322
2023-05-06,11.265060240963859,7.351807228915663,11.43298969072165,1019.1354838709676,3.38974358974359,0.49006727,0.008646421,-3.3390615,-0.6389294,10.787598,8.996094,-4.0898027,0.49485207,-4.37098189182816,1.289328335072831,0.0076282322
2023-05-07,15.087951807228919,6.1000000000000005,0.0,1023.9354838709677,3.902564102564104,0.49006727,0.00041318138,-3.5737698,0.95104736,15.008301,7.6846313,0.13090038,-0.81661034,-0.5480903255631002,0.037521106157168305,0.0076282322
2023-05-08,18.268674698795184,3.8301204819277106,0.0,1026.7193548387097,4.443589743589743,0.49006727,2.5137433e-07,-3.853595,1.9517431,15.964233,7.5145264,1.086833,-0.9867153,2.6326325660031653,-2.2323584119151216,0.0076282322
2023-05-09,19.65421686746988,5.948192771084337,0.0,1020.3322580645162,5.046153846153848,0.49006727,4.292527e-07,-3.7883558,2.7841825,17.24408,8.794312,2.3666792,0.29306984,4.018174734677862,-0.11428612275849481,0.0076282322
2023-05-10,21.336144578313252,8.536144578313253,6.505154639175258,1012.1483870967743,3.9666666666666672,0.49006727,1.3000599e-06,-1.8425475,2.257721,20.267578,10.963684,5.3901777,2.4624424,5.7001024455212335,2.4736656844704212,0.0076282322
2023-05-11,22.368674698795186,9.607228915662652,0.6288659793814433,1015.1548387096775,3.235897435897436,0.49006727,2.340073e-05,-2.8461163,1.2510835,19.818756,12.595673,4.9413557,4.094431,6.732632566003167,3.5447500218198202,0.0076282322
2023-05-12,22.6710843373494,9.732530120481927,0.020618556701030927,1018.9096774193547,3.534210526315789,0.49006727,2.6763055e-06,-3.5253856,-0.36965832,20.673187,12.6519165,5.795787,4.150675,7.03504220455738,3.670051226639095,0.0076282322
2023-05-13,22.097590361445782,8.113253012048194,0.7422680412371134,1021.5387096774194,3.3736842105263154,0.49006727,5.2960166e-07,-3.1888416,0.2557263,20.09674,12.696503,5.2193403,4.195261,6.461548228653763,2.0507741182053616,0.0076282322
2023-05-14,21.162650602409638,7.743373493975904,1.288659793814433,1018.3645161290323,2.2605263157894733,0.49006727,3.8934522e-05,-2.3656652,-0.20431364,19.772705,9.494202,4.8953047,0.99296,5.526608469617619,1.6808946001330716,0.0076282322
2023-05-15,20.875903614457833,7.406024096385543,11.608247422680412,1009.6870967741936,2.3210526315789473,0.49006727,0.0005037724,1.0189093,-1.6736927,19.779846,10.91272,4.902446,2.411478,5.239861481665814,1.3435452025427104,0.0076282322
2023-05-16,15.733734939759037,6.339759036144579,0.05154639175257732,1013.8516129032258,4.110526315789474,0.49006727,8.027362e-05,3.5867317,-1.4466867,15.864563,11.140381,0.9871626,2.6391392,0.09769280696701799,0.2772801423017466,0.0076282322
2023-05-17,15.475903614457831,4.30843373493976,0.0,1022.0193548387097,3.9710526315789476,0.49006727,1.8155405e-06,2.317775,-2.1603699,13.784332,8.4314575,-1.0930681,-0.069784164,-0.1601385183341879,-1.7540451589030726,0.0076282322
2023-05-18,16.66987951807229,3.3313253012048194,0.0,1027.7967741935483,2.2487179487179487,0.49006727,3.1715675e-07,-0.85319597,-1.9204502,13.94635,8.125397,-0.9310503,-0.37584496,1.03383738528027,-2.731153592638013,0.0076282322
2023-05-19,18.90963855421687,5.796385542168675,0.0,1027.0096774193548,3.253846153846154,0.49006727,5.2573003e-05,-2.7165463,-0.8194669,16.837128,8.381409,1.9597273,-0.11983299,3.27359642142485,-0.26609335167415704,0.0076282322
2023-05-20,20.04698795180723,8.961445783132532,0.0,1024.7387096774194,3.6051282051282056,0.49006727,5.0556147e-05,-3.4575932,-1.0402606,19.75415,11.703003,4.87675,3.2017612,4.410945819015209,2.8989668892897003,0.0076282322
2023-05-21,27.137349397590356,11.604819277108435,0.6082474226804123,1018.9645161290323,3.548717948717949,0.49006727,0.00010420356,-3.7792265,0.14433374,25.635864,14.121002,10.758464,5.6197605,11.501307264798337,5.542340383265603,0.0076282322
2023-05-22,26.365060240963857,13.659036144578314,5.020618556701031,1016.016129032258,3.3,0.49006727,1.1207908e-05,-3.2678795,0.30021393,25.10498,16.93158,10.22758,8.430338,10.729018108171838,7.596557250735482,0.0076282322
2023-05-23,20.03253012048193,9.481927710843374,20.5979381443299,1013.3645161290322,3.4743589743589745,0.49006727,0.0025249019,1.4829383,-1.1677114,18.59137,14.820862,3.7139692,6.31962,4.396487987689911,3.419448817000542,0.0076282322
2023-05-24,16.092771084337347,6.8265060240963855,0.030927835051546393,1020.4580645161291,2.653846153846154,0.49006727,0.0003917728,2.3425195,-0.98039037,15.130737,10.228912,0.2533369,1.7276707,0.4567289515453279,0.7640271302535533,0.0076282322
2023-05-25,20.066265060240966,5.656626506024097,0.0,1024.4516129032259,2.5641025641025643,0.49006727,3.0333642e-05,1.7668242,-1.3915697,18.538696,11.098145,3.661296,2.5969028,4.430222927448947,-0.40585238781873567,0.0076282322
2023-05-26,19.64457831325301,6.107228915662652,0.0,1026.716129032258,2.994871794871795,0.49006727,1.1636149e-06,1.184976,-2.5100243,17.651978,10.212891,2.7745771,1.711649,4.008536180460991,0.04475002181981935,0.0076282322
2023-05-27,21.067469879518075,4.720481927710844,0.0,1026.9741935483871,1.7641025641025645,0.49006727,7.1520543e-07,-0.868875,-0.9748595,19.531006,8.859497,4.6536055,0.3582554,5.431427746726056,-1.3419969661319886,0.0076282322
2023-05-28,23.789156626506024,5.492771084337349,0.0,1020.9967741935486,1.9102564102564104,0.49006727,3.4505567e-07,-1.2706405,-0.55397165,22.005127,10.346741,7.1277266,1.845499,8.153114493714005,-0.5697078095054833,0.0076282322
2023-05-29,21.8277108433735,7.472289156626506,0.0,1021.4387096774193,2.7076923076923074,0.49006727,2.4259307e-05,0.2512758,-2.3373327,19.90805,12.954742,5.03065,4.4535007,6.19166871058148,1.4098102627836742,0.0076282322
2023-05-30,22.298795180722895,6.2373493975903616,0.0,1024.0419354838712,2.51025641025641,0.49006727,1.9448705e-06,-0.46166945,-2.1458337,20.959503,10.2977295,6.082103,1.7964878,6.662753047930876,0.17487050374752933,0.0076282322
2023-05-31,25.255421686746985,6.7373493975903616,0.0,1023.767741935484,1.9615384615384615,0.49006727,3.588696e-08,0.61970645,-1.2242174,23.023163,11.938904,8.145762,3.4376621,9.619379553954966,0.6748705037475293,0.0076282322
2023-06-01,22.08674698795181,9.437349397590362,0.0,1016.1645161290322,3.676923076923077,0.5514463,1.1063543e-06,2.560137,-1.8686104,20.59378,12.916809,5.71638,4.4155674,6.45070485515979,3.3748705037475295,0.06900728
2023-06-02,19.555421686746993,7.2144578313253005,0.0,1011.403125,3.4692307692307693,0.5514463,0.00024016597,-0.9667155,-2.9646292,18.461914,13.072601,3.5845137,4.5713596,3.9193795539549736,1.1519789374824683,0.06900728
2023-06-03,20.628915662650602,4.198795180722891,0.0,998.6161290322581,2.369230769230769,0.5514463,1.5186774e-05,-2.3156424,-0.7434471,19.66394,9.939941,4.78654,1.4386997,4.992873529858583,-1.8636837131199409,0.06900728
2023-06-04,23.510843373493977,4.534939759036145,0.0,1021.9451612903226,1.8076923076923077,0.5514463,4.8494627e-07,-1.2715083,-0.8966926,22.062805,10.828125,7.185405,2.3268833,7.874801240701958,-1.5275391348066876,0.06900728
2023-06-05,26.0855421686747,7.33012048192771,3.2577319587628866,1012.1903225806453,2.213157894736842,0.5514463,1.5993912e-07,-2.0830278,-1.1237258,24.96228,12.286926,10.08488,3.7856846,10.44950003588268,1.267641588084878,0.06900728
2023-06-06,23.965060240963858,12.334939759036144,6.391752577319588,1019.0774193548386,2.021052631578948,0.5514463,0.0010650116,-1.4218397,-0.5769575,21.944855,17.13916,7.0674543,8.637918,8.329018108171839,6.272460865193312,0.06900728
2023-06-07,27.879518072289155,14.065060240963856,3.134020618556701,1010.2612903225807,2.263157894736843,0.5514463,0.0001903486,-1.7363974,-2.1838105,27.322205,16.568237,12.444804,8.066996,12.243475939497136,8.002581347121023,0.06900728
2023-06-08,28.943373493975905,13.819277108433734,8.185567010309278,1000.4290322580646,2.305263157894737,0.5514463,3.773747e-05,-1.5396347,-1.9141134,26.86493,18.046265,11.987529,9.545023,13.307331361183886,7.756798214590902,0.06900728
2023-06-09,28.825301204819276,13.05421686746988,0.5257731958762887,1015.9193548387096,3.181578947368422,0.5514463,5.2266028e-06,-1.5672404,-2.6520379,27.174347,18.386871,12.296947,9.88563,13.189259072027257,6.991737973627047,0.06900728
2023-06-10,28.686746987951807,12.633734939759035,10.15625,1000.9580645161292,3.297368421052631,0.5514463,0.00016413057,-2.8865376,-1.5739368,28.226776,17.522919,13.349376,9.021677,13.050704855159788,6.571256045916203,0.06900728
2023-06-11,27.680722891566266,11.679518072289158,0.0,1002.9266666666666,2.9342105263157894,0.5514463,1.6577531e-05,-2.8873875,-0.28598773,25.91626,17.911865,11.038859,9.410624,12.044680758774247,5.617039178446325,0.06900728
2023-06-12,26.34578313253012,11.459036144578315,0.0,1011.5967741935484,3.139473684210526,0.5514463,6.0562866e-07,-2.7930076,-0.22520576,25.566925,18.387115,10.689525,9.885874,10.7097409997381,5.396557250735483,0.06900728
2023-06-13,24.20963855421687,9.837349397590362,0.0,991.2612903225807,3.4157894736842103,0.5514463,8.43668e-07,-3.1156228,-1.2935009,22.716614,17.403473,7.8392134,8.902231,8.57359642142485,3.77487050374753,0.06900728
2023-06-14,23.852380952380955,9.492857142857144,0.7368421052631579,1010.7343750000001,2.8105263157894735,0.5514463,8.88358e-05,-1.9420179,-2.0290735,22.711884,15.187988,7.834483,6.6867466,8.216338819588936,3.4303782490143115,0.06900728
2023-06-15,24.261445783132533,11.751807228915665,20.326315789473686,1017.8032258064517,2.307894736842105,0.5514463,0.00053730945,0.04845132,-1.9651322,20.371338,14.899078,5.4939375,6.3978367,8.625403650340514,5.689328335072832,0.06900728
2023-06-16,20.08433734939759,12.387951807228916,87.15625,1015.2870967741936,2.5923076923076915,0.5514463,0.0022085398,1.8228117,-1.5178107,18.967316,13.697754,4.0899153,5.196512,4.448295216605571,6.325472913386084,0.06900728
2023-06-17,22.485542168674698,11.727710843373496,31.86315789473684,1013.7225806451612,1.9947368421052634,0.5514463,0.0023111387,1.3036387,-1.1703979,21.658386,13.441559,6.780986,4.940317,6.849500035882679,5.665231949530663,0.06900728
2023-06-18,26.726506024096388,10.618072289156627,0.4020618556701031,1014.2096774193549,1.5540540540540542,0.5514463,0.00027036222,0.110013746,-0.42807594,24.5878,12.930969,9.710399,4.4297276,11.090463891304369,4.555593395313795,0.06900728
2023-06-19,28.772289156626506,14.687951807228915,1.865979381443299,1013.2774193548388,2.1621621621621627,0.5514463,0.0008338963,-1.8164848,1.4954332,28.184998,16.323883,13.307597,7.8226414,13.136247023834487,8.625472913386083,0.06900728
2023-06-20,27.56024096385542,16.550602409638554,65.61458333333333,1013.6290322580646,1.8297297297297295,0.5514463,0.0006421299,-1.0181822,0.46081772,26.059021,19.720398,11.181621,11.219156,11.924198831063402,10.48812351579572,0.06900728
2023-06-21,28.93855421686747,17.313253012048193,2.5876288659793816,1014.1838709677421,2.9473684210526314,0.5514463,0.0013535985,1.7256113,-0.5293092,28.04071,20.353668,13.16331,11.852427,13.30251208407545,11.25077411820536,0.06900728
2023-06-22,29.46265060240964,15.56987951807229,228.06185567010309,1017.8483870967742,2.7025641025641027,0.5514463,0.00044822297,-2.6025534,-0.7127121,28.402954,18.995361,13.525554,10.49412,13.82660846961762,9.507400624229458,0.06900728
2023-06-23,20.461445783132532,14.956626506024097,137.8556701030928,1015.9935483870969,3.135897435897436,0.5514463,0.014742986,-0.81388766,-2.2594197,19.090942,17.518707,4.213542,9.017466,4.8254036503405136,8.894147612181264,0.06900728
2023-06-24,25.390361445783135,13.662650602409638,0.05154639175257732,1022.8612903225807,2.576923076923077,0.5514463,0.00093016797,1.7858912,-1.5112022,23.928131,15.972076,9.050731,7.4708347,9.754319312991116,7.600171708566806,0.06900728
2023-06-25,27.30240963855422,14.636144578313255,0.020618556701030927,1019.6322580645162,1.38974358974359,0.5514463,0.00024303119,-0.043266084,-0.091458,25.046783,18.55426,10.169383,10.053019,11.666367505762201,8.573665684470424,0.06900728
2023-06-26,31.146987951807233,15.256626506024098,71.61458333333333,1013.8354838709678,2.8815789473684212,0.5514463,0.0010009481,1.3552643,0.54862404,29.11969,18.549622,14.24229,10.04838,15.510945819015214,9.194147612181265,0.06900728
2023-06-27,21.41204819277109,12.536144578313253,43.350515463917525,1015.3612903225808,4.278947368421053,0.5514463,0.0025162762,4.2063093,-0.82263035,21.023804,16.192291,6.1464033,7.6910496,5.7760060599790695,6.473665684470421,0.06900728
2023-06-28,23.40722891566265,11.998795180722892,0.0,1015.7870967741936,3.782051282051282,0.5514463,0.0002830039,3.2586148,-1.9099722,20.660828,15.000641,5.7834272,6.499399,7.771186782870631,5.93631628688006,0.06900728
2023-06-29,25.883132530120484,11.436144578313256,9.422680412371134,1014.9718750000001,1.7333333333333332,0.5514463,3.085524e-05,1.2187554,0.53680736,23.330383,13.967285,8.452983,5.4660435,10.247090397328465,5.373665684470423,0.06900728
2023-06-30,21.798795180722895,15.3,39.896907216494846,1010.6290322580646,2.0333333333333337,0.5514463,0.0036324393,1.3481001,-0.94800806,21.957275,18.2984,7.079875,9.797159,6.162753047930876,9.237521106157168,0.06900728
2023-07-01,24.31807228915663,14.085542168674698,21.1340206185567,1006.2129032258065,3.4564102564102566,0.5514463,0.00045575737,2.3799183,1.7313019,24.132507,16.349121,9.255107,7.8478794,8.68203015636461,8.023063274831866,0.06900728
2023-07-02,22.555421686746985,13.22289156626506,1.5670103092783505,1005.7193548387098,5.1461538461538465,0.5514463,0.00018000009,4.6598735,0.60268235,21.567566,16.812897,6.6901655,8.311655,6.9193795539549665,7.160412672422228,0.06900728
2023-07-03,22.3710843373494,12.237349397590362,0.13402061855670103,1009.209677419355,4.120512820512821,0.5514463,0.00019353574,3.425297,1.6572548,20.635529,15.849365,5.758128,7.3481236,6.735042204557383,6.17487050374753,0.06900728
2023-07-04,23.274698795180726,11.884337349397592,1.422680412371134,1011.5548387096776,4.123684210526315,0.5514463,5.8919453e-05,3.170206,1.2824026,21.676422,15.347076,6.7990217,6.8458347,7.638656662388707,5.82185845555476,0.06900728
2023-07-05,24.840963855421688,11.545783132530122,6.680412371134021,1011.0870967741936,4.371052631578947,0.5514463,0.0012811002,1.2263259,2.4396384,23.720856,13.313629,8.843455,4.8123875,9.204921722629669,5.48330423868729,0.06900728
2023-07-06,23.56144578313253,10.634939759036145,0.010309278350515464,1017.1419354838711,2.6578947368421058,0.5514463,9.772304e-05,2.070254,0.15238167,21.743195,15.528473,6.865794,7.027231,7.925403650340511,4.572460865193313,0.06900728
2023-07-07,28.289156626506024,9.359036144578313,0.0,1021.6838709677421,1.6947368421052633,0.5514463,1.0708242e-06,-0.38396034,0.61372143,26.64093,15.284241,11.76353,6.782999,12.653114493714005,3.2965572507354812,0.06900728
2023-07-08,30.96506024096386,12.356626506024096,0.0,1020.574193548387,2.1184210526315788,0.5514463,1.4234794e-07,-1.7512136,-0.9272306,29.404541,15.728912,14.527141,7.2276707,15.329018108171843,6.294147612181264,0.06900728
2023-07-09,32.29156626506024,13.507228915662653,8.474226804123711,1020.441935483871,2.028947368421053,0.5514463,3.400086e-07,-2.0052168,-0.37121835,31.096558,18.77887,16.219158,10.277628,16.65552413226822,7.444750021819821,0.06900728
2023-07-10,29.05421686746988,15.548192771084338,11.556701030927835,1018.0322580645161,2.9578947368421056,0.5514463,0.0019807045,0.6857012,-0.6815591,27.74881,21.44458,12.871409,12.943338,13.41817473467786,9.485713877241505,0.06900728
2023-07-11,30.271084337349397,13.196385542168677,3.0721649484536084,1016.258064516129,2.2526315789473683,0.5514463,0.00016657067,-0.6301753,1.2076031,29.797424,17.817383,14.920024,9.316141,14.635042204557378,7.133906648325845,0.06900728
2023-07-12,28.174698795180724,16.253012048192772,1.0206185567010309,1008.6354838709677,4.328947368421053,0.5514463,0.0002211301,2.4585226,0.23731257,26.924377,23.141418,12.046977,14.640177,12.538656662388705,10.19053315434994,0.06900728
2023-07-13,25.93253012048193,13.162650602409638,7.845360824742268,1014.4096774193548,3.1131578947368417,0.5514463,0.00016235346,2.7987292,-0.15598726,24.398499,17.855621,9.521098,9.35438,10.29648798768991,7.100171708566806,0.06900728
2023-07-14,26.906024096385547,11.83975903614458,0.0,1016.8741935483872,2.060526315789474,0.5514463,0.00012424879,0.47790527,0.92162657,25.198456,16.509674,10.321055,8.008432,11.269981963593528,5.7772801423017475,0.06900728
2023-07-15,34.90963855421687,15.461445783132532,29.302083333333332,1010.1483870967744,2.9736842105263164,0.5514463,2.1002552e-05,-0.61243355,1.9890355,34.340424,19.687744,19.463024,11.186502,19.27359642142485,9.3989668892897,0.06900728
2023-07-16,28.40602409638554,15.662650602409638,0.6666666666666666,1012.0806451612904,3.702631578947369,0.5514463,0.001597791,3.2233913,1.1421293,27.860413,21.679108,12.983012,13.177866,12.769981963593521,9.600171708566805,0.06900728
2023-07-17,27.567469879518075,13.313253012048195,7.65625,1016.2612903225806,3.9210526315789482,0.5514463,0.00013862063,3.3696232,0.06637074,26.324615,19.827637,11.447215,11.326395,11.931427746726056,7.250774118205363,0.06900728
2023-07-18,25.27349397590362,11.644578313253012,0.13541666666666666,1018.8967741935485,2.694736842105263,0.5514463,2.3003493e-05,2.2485845,-0.25663546,23.514954,17.016022,8.637553,8.51478,9.6374518431116,5.58209941941018,0.06900728
2023-07-19,25.74819277108434,11.586746987951809,19.677083333333332,1011.983870967742,2.407692307692308,0.5514463,0.0002897525,1.3355774,-0.5580549,25.488708,15.710999,10.611308,7.209757,10.112150638292322,5.524268094108977,0.06900728
2023-07-20,22.76024096385542,11.413253012048193,4.34375,1011.9935483870969,3.1641025641025644,0.5514463,0.0003439973,2.9060545,-1.0700049,21.945404,15.719543,7.0680037,7.218302,7.124198831063401,5.3507741182053605,0.06900728
2023-07-21,22.13975903614458,9.245783132530121,24.458333333333332,1011.4741935483871,1.8205128205128205,0.5514463,0.00056524016,0.58592325,0.6374602,20.239777,14.682526,5.362376,6.181284,6.50371690335256,3.183304238687289,0.06900728
2023-07-22,22.544578313253016,12.018072289156626,6.385416666666667,1012.6548387096774,3.5333333333333337,0.5514463,0.00044458092,3.088165,0.7540631,21.539001,14.782776,6.661601,6.281534,6.908536180460997,5.955593395313794,0.06900728
2023-07-23,27.012048192771083,14.034939759036146,3.15625,1009.3774193548387,3.4256410256410255,0.5514463,0.00016387225,2.3579123,2.1090844,27.2995,17.425781,12.422099,8.92454,11.376006059979064,7.972460865193313,0.06900728
2023-07-24,27.95542168674699,15.036144578313253,95.17525773195877,1003.1903225806452,3.6128205128205124,0.5514463,0.0051289755,2.6305144,2.1006997,27.237457,17.705719,12.360057,9.204477,12.319379553954972,8.973665684470422,0.06900728
2023-07-25,21.33012048192771,13.189156626506028,7.969072164948454,1003.5838709677419,3.1435897435897435,0.5514463,0.0009038728,2.8492584,-0.9685007,21.121765,15.922363,6.2443647,7.4211216,5.694078349135692,7.126677732663196,0.06900728
2023-07-26,20.86144578313253,10.946987951807229,21.556701030927837,1009.516129032258,3.3205128205128207,0.5514463,0.00046356747,2.9227412,-0.2699947,20.46112,14.751953,5.58372,6.2507114,5.225403650340512,4.884509057964396,0.06900728
2023-07-27,20.214457831325305,10.121686746987953,82.44329896907216,1009.0935483870967,3.0256410256410264,0.5514463,0.0012231746,1.1020262,2.455066,20.667877,13.98233,5.790477,5.4810886,4.578415698533286,4.059207853145121,0.06900728
2023-07-28,24.333734939759033,15.90843373493976,28.711340206185568,1004.7612903225806,3.297435897435898,0.5514463,0.006142108,2.9088695,0.7467949,21.555603,16.30719,6.6782026,7.8059483,8.697692806967014,9.845954841096926,0.06900728
2023-07-29,25.040963855421687,14.72289156626506,88.27835051546391,1007.209677419355,2.543589743589744,0.5514463,0.0059768637,1.6994725,1.4858475,23.19806,16.31128,8.320659,7.8100376,9.404921722629668,8.660412672422229,0.06900728
2023-07-30,24.656626506024097,13.998795180722892,25.20618556701031,1009.283870967742,3.428205128205128,0.5514463,0.0008816135,3.1711226,0.818939,23.672668,16.94815,8.795268,8.446909,9.020584373232078,7.93631628688006,0.06900728
2023-07-31,21.434939759036148,14.09156626506024,42.16494845360825,1008.2666666666667,4.0,0.5514463,0.005411601,2.526796,2.7184277,20.774231,15.002838,5.8968306,6.5015965,5.798897626244129,8.029087371217408,0.06900728
2023-08-01,21.97710843373494,15.067469879518072,51.1875,998.6300000000002,4.097297297297298,0.5514463,0.013027296,2.7927158,2.2112398,20.815582,17.026367,5.938182,8.5251255,6.341066300942922,9.004990985675239,0.06900728
2023-08-02,22.736144578313255,14.49277108433735,45.72164948453608,998.5483870967743,4.324324324324324,0.5514463,0.002629345,1.8790945,3.5653725,22.361755,16.166565,7.484355,7.6653233,7.100102445521236,8.43029219049452,0.06900728
2023-08-03,23.025301204819275,16.220481927710843,34.79381443298969,997.2258064516129,5.560526315789476,0.5514463,0.0013709948,4.1742277,3.6409452,22.163605,18.463562,7.2862043,9.96232,7.389259072027256,10.15800303386801,0.06900728
2023-08-04,23.222891566265062,13.771084337349398,3.814432989690722,1009.4806451612903,3.0263157894736845,0.5514463,0.0004906137,2.9293575,0.15995005,22.306458,16.85553,7.429057,8.354288,7.586849433473043,7.708605443506566,0.06900728
2023-08-05,21.401204819277112,12.568674698795181,29.063157894736843,1013.4451612903226,1.88421052631579,0.5514463,7.5279844e-05,-0.17709492,-1.2656302,20.876831,14.785461,5.9994307,6.2842197,5.765162686485093,6.506195804952349,0.06900728
2023-08-06,18.403614457831324,13.765060240963855,96.7578947368421,1004.8000000000001,2.363157894736842,0.5514463,0.003065801,0.88545305,-1.5974561,18.106628,15.616608,3.229228,7.115366,2.767572325039305,7.702581347121023,0.06900728
2023-08-07,19.78674698795181,12.981927710843374,16.90721649484536,1004.8290322580646,6.1684210526315795,0.5514463,0.0014874209,5.645588,0.060084537,18.897339,13.988281,4.0199385,5.4870396,4.150704855159789,6.919448817000542,0.06900728
2023-08-08,19.84819277108434,11.389156626506026,58.649484536082475,1009.4645161290323,5.471052631578947,0.5514463,0.0006335916,4.9719644,1.7439009,19.40033,13.982971,4.522929,5.4817295,4.21215063829232,5.326677732663193,0.06900728
2023-08-09,20.392771084337348,10.442168674698795,8.587628865979381,1013.5290322580646,3.018421052631579,0.5514463,0.00033830243,2.6886642,0.33737674,19.413757,13.0555725,4.536357,4.554331,4.756728951545329,4.379689780855963,0.06900728
2023-08-10,21.968674698795184,9.333734939759037,0.0,1020.2193548387098,2.186842105263158,0.5514463,0.000109560184,1.3936468,-0.19120269,19.204773,12.06958,4.3273726,3.5683384,6.332632566003165,3.2712560459162043,0.06900728
2023-08-11,25.521686746987953,10.008433734939759,0.0,1021.474193548387,1.6842105263157894,0.5514463,5.1668726e-06,0.39985764,0.88852876,25.101654,13.480133,10.224254,4.9788914,9.885644614195934,3.9459548410969267,0.06900728
2023-08-12,28.156626506024097,15.103614457831327,20.443298969072163,1017.141935483871,2.5500000000000003,0.5514463,0.0019845348,-0.26569602,1.8277583,24.579346,18.036041,9.701945,9.5348,12.520584373232078,9.041135563988494,0.06900728
2023-08-13,26.565060240963856,15.983132530120484,0.041237113402061855,1017.3096774193549,2.0078947368421054,0.5514463,0.00021703991,0.25203666,0.5036354,25.373627,18.007812,10.496226,9.506571,10.929018108171837,9.920653636277653,0.06900728
2023-08-14,30.44578313253012,14.566265060240964,110.62886597938144,1016.2645161290321,2.1973684210526314,0.5514463,3.95677e-05,-0.70640606,1.5779058,28.888214,19.05426,14.010814,10.553019,14.809740999738102,8.503786166398132,0.06900728
2023-08-15,30.844578313253017,18.09879518072289,61.23711340206186,1015.6129032258065,2.4138888888888883,0.5514463,0.0011261214,0.4832119,0.9401476,30.164734,21.48175,15.2873335,12.980509,15.208536180460998,12.036316286880059,0.06900728
2023-08-16,27.343373493975903,18.491566265060243,48.50515463917526,1019.816129032258,2.116216216216216,0.5514463,0.0022172586,-0.7998674,-1.7289991,26.529938,20.490509,11.652537,11.989267,11.707331361183885,12.42908737121741,0.06900728
2023-08-17,26.271084337349397,17.198795180722893,27.432989690721648,1019.7290322580644,2.9324324324324325,0.5514463,0.0002619395,-2.8203614,-1.0610595,24.754395,18.58789,9.876994,10.086649,10.635042204557378,11.13631628688006,0.06900728
2023-08-18,29.289156626506024,17.319277108433738,0.35051546391752575,1017.9451612903226,2.272972972972973,0.5514463,0.00012885142,-2.0837612,-0.34139952,27.846588,19.528381,12.969188,11.02714,13.653114493714005,11.256798214590905,0.06900728
2023-08-19,32.05421686746988,17.472289156626506,0.5360824742268041,1017.4129032258066,1.8500000000000003,0.5514463,2.0320942e-05,-1.4942904,0.96225333,30.201843,19.870758,15.324443,11.369516,16.418174734677862,11.409810262783672,0.06900728
2023-08-20,28.904819277108437,18.60843373493976,0.4845360824742268,1020.3967741935485,2.426315789473685,0.5514463,7.688204e-05,1.0983588,-1.4346195,27.087158,21.640228,12.209758,13.138987,13.268777144316418,12.545954841096925,0.06900728
2023-08-21,27.379518072289155,16.467469879518074,0.44329896907216493,1022.1,2.1421052631578945,0.5514463,1.388093e-05,0.4053205,-0.92270225,26.234436,19.486237,11.357036,10.984995,11.743475939497136,10.40499098567524,0.06900728
2023-08-22,26.55421686746988,14.556626506024097,0.0,1019.7032258064515,1.7736842105263164,0.5514463,0.00031776036,-1.3460684,-0.24656616,24.111816,18.979645,9.234416,10.478403,10.91817473467786,8.494147612181266,0.06900728
2023-08-23,26.70963855421687,13.003614457831327,0.020618556701030927,1018.9,2.002702702702703,0.5514463,2.2041859e-05,1.5570279,0.26088926,25.320892,16.679932,10.443492,8.17869,11.07359642142485,6.941135563988495,0.06900728
2023-08-24,28.15542168674699,13.984337349397594,1.1855670103092784,1016.5967741935484,1.7282051282051283,0.5514463,3.1105898e-05,0.21909396,1.3956147,27.124481,17.95929,12.247081,9.458048,12.519379553954971,7.921858455554761,0.06900728
2023-08-25,28.453012048192775,17.534939759036146,52.76288659793814,1008.9806451612903,2.407692307692308,0.5514463,0.0011808927,0.6908567,1.3644303,28.286102,20.349274,13.408702,11.848032,12.816969915400756,11.472460865193312,0.06900728
2023-08-26,25.328915662650605,13.821686746987956,8.690721649484535,1009.578125,2.9794871794871796,0.5514463,0.0018873758,2.170165,0.6971608,24.04779,20.554352,9.17039,12.05311,9.692873529858586,7.759207853145123,0.06900728
2023-08-27,20.753012048192772,12.426506024096387,10.927835051546392,1010.2437500000001,1.7794871794871792,0.5514463,0.00024831697,-0.7171421,1.0865012,20.762482,17.1604,5.8850813,8.659159,5.1169699154007535,6.364027130253555,0.06900728
2023-08-28,19.157831325301206,11.375903614457831,19.536082474226806,1010.871875,2.294594594594595,0.5514463,5.0071674e-05,1.8953267,-0.12618591,19.125183,14.475342,4.2477827,5.9741,3.5217891925091873,5.313424720614999,0.06900728
2023-08-29,17.18072289156627,12.981927710843374,44.958333333333336,1009.2875,2.117948717948718,0.5514463,0.0022170169,0.65578586,-1.9227452,15.367493,14.58194,0.49009228,6.080698,1.5446807587742502,6.919448817000542,0.06900728
2023-08-30,20.693975903614458,12.159036144578314,10.731958762886597,1007.246875,1.823076923076923,0.5514463,0.00024906642,0.66132504,0.26220754,20.434753,13.581848,5.557353,5.0806065,5.057933770822439,6.096557250735482,0.06900728
2023-08-31,18.704819277108435,10.860240963855423,34.354166666666664,1008.365625,3.551282051282051,0.5514463,0.005443204,3.0030606,1.4461894,18.644989,13.169922,3.7675886,4.66868,3.0687771443164156,4.797762070012591,0.06900728
2023-09-01,21.022891566265063,9.372289156626508,4.422680412371134,1013.58125,2.6897435897435904,0.55493724,0.00040966502,2.2552867,1.0732414,21.269958,12.925781,6.392558,4.4245396,5.386849433473044,3.3098102627836754,0.0724982
2023-09-02,22.171084337349402,10.275903614457832,0.05154639175257732,1019.8062500000001,1.6948717948717955,,5.314177e-05,1.4670285,-0.5126011,21.450531,12.677643,6.5731306,4.176401,6.535042204557383,4.2134247206149995,
2023-09-03,21.20240963855422,11.750602409638553,0.0,1025.56875,2.551282051282051,,9.857454e-06,1.6131483,-1.5415765,20.118103,14.504059,5.2407026,6.002817,5.5663675057622,5.688123515795721,
2023-09-04,25.373493975903614,10.49277108433735,0.0,1028.24375,1.5102564102564104,,1.6262343e-06,0.36689523,0.13052708,23.568634,13.643616,8.691234,5.142374,9.737451843111595,4.4302921904945185,
2023-09-05,27.718072289156627,12.607228915662652,0.0,1024.321875,2.2820512820512815,,8.928279e-08,-0.75831693,2.2269,26.146118,15.473633,11.268718,6.972391,12.082030156364608,6.54475002181982,
2023-09-06,29.119277108433735,11.643373493975904,0.0,1023.0687500000001,1.7666666666666668,,0.0,-1.4615711,0.6230988,27.412903,15.654755,12.535502,7.153513,13.483234975641716,5.580894600133072,
2023-09-07,28.926506024096387,12.510843373493977,0.0,1024.1156250000001,2.543589743589744,,2.1308658e-07,-2.7690637,0.4805741,27.486694,16.357727,12.609294,7.8564854,13.290463891304368,6.448364479651144,
2023-09-08,29.33373493975904,12.403614457831326,0.0,1021.3468750000001,2.335897435897436,,3.551443e-08,-2.1861372,1.2377483,28.093384,16.848267,13.215983,8.347025,13.697692806967021,6.341135563988494,
2023-09-09,30.44578313253012,12.226506024096388,0.0,1018.246875,2.06923076923077,,9.658435e-07,-1.2771821,1.7893882,28.808289,16.24762,13.930888,7.746378,14.809740999738102,6.164027130253555,
2023-09-10,30.525301204819282,12.074698795180723,0.010309278350515464,1017.1281250000001,1.425641025641026,,5.720765e-07,0.5441187,-0.18374449,29.147522,16.635162,14.270122,8.133921,14.889259072027263,6.0122199013378905,
2023-09-11,30.491566265060243,12.63132530120482,0.0,1014.3125000000001,1.2692307692307694,,1.6192588e-07,-0.24316616,0.35264397,29.258545,16.88382,14.381145,8.382578,14.855524132268224,6.568846407361987,
2023-09-12,29.095180722891573,13.828915662650605,87.6701030927835,1012.3656250000001,1.892307692307693,,1.8129741e-08,0.40081406,-0.27341336,28.850098,17.50418,13.972697,9.002939,13.459138590099554,7.766436768807773,
2023-09-13,22.934939759036148,13.263855421686747,32.75257731958763,1012.9031249999999,3.27948717948718,,0.0046763713,1.9633838,-1.4718579,22.625061,17.873413,7.7476606,9.372171,7.298897626244129,7.201376527843915,
2023-09-14,20.310843373493977,8.96987951807229,0.010309278350515464,1021.846875,2.025641025641025,,0.00026574303,1.1708164,-1.5559611,19.915497,13.115784,5.0380964,4.614542,4.674801240701958,2.9074006242294574,
2023-09-15,23.251807228915663,7.542168674698795,0.0,1022.3375000000001,2.4692307692307693,,4.2945348e-07,-2.3184357,0.9699914,22.762817,13.09613,7.885417,4.5948887,7.615765096123644,1.4796897808559626,
2023-09-16,25.71204819277109,10.587951807228917,0.0,1017.9,2.4641025641025647,,1.8378099e-08,-2.14239,1.2296435,24.874908,15.129181,9.997508,6.627939,10.07600605997907,4.525472913386085,
2023-09-17,27.568674698795178,11.433734939759036,0.0,1015.6687499999999,1.6461538461538459,,5.3664877e-07,-1.1239904,0.7830751,26.872498,15.618988,11.995097,7.1177464,11.932632566003159,5.371256045916204,
2023-09-18,26.767469879518075,15.187951807228915,8.185567010309278,1009.3375000000001,3.4128205128205136,,0.0003641783,-0.2874201,2.7551558,27.359863,18.662048,12.482463,10.160807,11.131427746726056,9.125472913386083,
2023-09-19,20.981927710843372,14.332530120481929,0.0,1009.0062500000001,4.612820512820513,,4.0898547e-05,3.860635,1.9961653,20.832672,17.9057,5.9552717,9.404459,5.3458855780513534,8.270051226639097,
2023-09-20,24.978313253012047,13.574698795180726,0.0,1010.290625,3.7641025641025636,,2.6145327e-07,1.3757244,3.0046425,24.661499,16.467346,9.784099,7.9661045,9.342271120220028,7.512219901337894,
2023-09-21,28.330120481927707,12.651807228915665,12.443298969072165,1004.184375,2.9421052631578952,,1.269082e-07,-1.5761224,2.52723,27.362854,16.008423,12.485454,7.507181,12.694078349135689,6.589328335072833,
2023-09-22,19.257831325301208,12.948192771084338,9.237113402061855,1002.5548387096775,2.892105263157894,,0.0028344905,1.3865185,1.9572277,19.785889,17.254944,4.9084883,8.753702,3.6217891925091887,6.885713877241506,
2023-09-23,18.73132530120482,9.95421686746988,0.010309278350515464,1012.1064516129035,3.3947368421052633,,0.0002121379,2.8797653,1.4263607,17.990265,14.098022,3.1128645,5.596781,3.0952831684128004,3.8917379736270474,
2023-09-24,19.591566265060244,7.97710843373494,0.05154639175257732,1025.593548387097,1.8605263157894738,,3.4255365e-05,0.83703995,0.16186307,18.699036,10.84552,3.8216352,2.3442783,3.9555241322682253,1.9146295398921076,
2023-09-25,21.950602409638556,6.675903614457831,0.030927835051546393,1027.01875,2.1921052631578952,,2.6262908e-06,-1.6273376,1.6685463,21.64389,10.940186,6.76649,2.4389439,6.314560276846537,0.613424720614999,
2023-09-26,24.73614457831325,8.779518072289157,0.010309278350515464,1023.3187499999999,1.6820512820512818,,6.921696e-07,-1.5330749,1.0260692,24.060547,13.211792,9.183146,4.7105503,9.100102445521232,2.717039178446325,
2023-09-27,26.865060240963857,10.86987951807229,0.0,1020.9468750000001,1.6333333333333333,,4.6679958e-08,-1.0037806,0.9394498,25.719055,15.391357,10.841655,6.8901157,11.229018108171838,4.807400624229458,
2023-09-28,26.754216867469882,12.156626506024097,0.010309278350515464,1017.4937500000001,1.9589743589743591,,0.0,-0.018182755,1.6709557,25.959778,15.395874,11.082377,6.8946323,11.118174734677863,6.094147612181264,
2023-09-29,23.960240963855426,12.183132530120483,4.505154639175258,1016.9062500000001,2.5128205128205128,,0.0004954937,1.3872023,1.2251385,25.848755,15.623596,10.9713545,7.1223545,8.324198831063407,6.120653636277651,
2023-09-30,19.937349397590364,10.042168674698795,0.0,1023.459375,3.4820512820512826,,0.00013807269,3.2381217,-0.7744425,18.888977,13.707153,4.0115767,5.2059116,4.301307264798345,3.9796897808559626,
2023-10-01,20.431325301204822,11.137349397590363,3.6597938144329896,1023.665625,2.535897435897436,,0.00020642047,1.9864722,0.98397,19.93991,14.489014,5.0625105,5.987772,4.795283168412803,5.074870503747531,
2023-10-02,25.83855421686747,13.061445783132532,0.0,1020.3906250000001,2.3538461538461535,,3.106765e-05,1.2416034,1.7930266,24.646667,14.353149,9.769267,5.8519077,10.20251208407545,6.9989668892897,
2023-10-03,24.76385542168675,11.909638554216867,66.62886597938144,1012.1781250000001,4.758974358974359,,0.0010518379,3.3282967,1.8005654,24.66336,16.20694,9.78596,7.705698,9.12781328889473,5.847159660374035,
2023-10-04,17.731325301204823,11.267469879518073,0.5463917525773195,1022.56875,4.907692307692308,,0.00063562,4.673351,1.0675554,17.582947,13.156067,2.7055464,4.654825,2.095283168412804,5.2049909856752405,
2023-10-05,17.106024096385543,10.045783132530122,15.45360824742268,1021.2593750000001,4.305128205128205,,0.0006982126,4.0526786,0.95267963,16.77121,13.36618,1.8938093,4.8649387,1.4699819635935238,3.98330423868729,
2023-10-06,18.27710843373494,10.528915662650604,7.43298969072165,1021.8031250000001,4.466666666666668,,0.0012376074,3.2918835,2.3314178,17.682251,11.953369,2.8048506,3.4521275,2.6410663009429225,4.466436768807772,
2023-10-07,18.467469879518074,11.318072289156628,106.02061855670104,1015.0781250000001,5.321621621621621,,0.0030381905,4.270205,0.121156424,17.279114,14.566559,2.4017134,6.065317,2.831427746726055,5.255593395313796,
2023-10-08,15.395180722891569,8.528915662650604,35.05154639175258,1023.4093750000001,2.1702702702702705,,0.0013992434,0.5052298,-0.8553715,14.689331,10.245483,-0.18806934,1.7442417,-0.24086140990045024,2.466436768807772,
2023-10-09,12.504819277108435,8.504819277108435,40.77319587628866,1019.16875,2.051282051282051,,0.0062402277,-1.3833021,1.1758356,12.519287,9.639557,-2.3581133,1.1383152,-3.1312228556835837,2.442340383265603,
2023-10-10,17.379518072289155,11.018072289156626,1.268041237113402,1018.3843750000001,2.3256410256410263,,0.00093364576,1.87756,0.9003343,17.4906,11.214081,2.6132002,2.7128391,1.7434759394971362,4.955593395313794,
2023-10-11,23.32409638554217,13.484337349397592,26.443298969072163,1011.7281250000002,4.5307692307692315,,3.461241e-05,3.4809208,2.6633227,23.213806,15.079742,8.336406,6.5785007,7.688054252750151,7.4218584555547595,
2023-10-12,19.191566265060242,11.445783132530122,29.896907216494846,1012.1468749999999,3.0384615384615388,,0.0030610047,2.3387566,0.34135184,19.759277,13.871155,4.881877,5.369913,3.555524132268223,5.38330423868729,
2023-10-13,21.7710843373494,12.166265060240965,38.5360824742268,1009.6781250000001,4.087179487179488,,0.0006434676,1.5571536,3.737646,20.846954,11.641754,5.969554,3.1405125,6.135042204557381,6.103786166398133,
2023-10-14,20.268674698795184,8.009638554216867,15.22680412371134,1005.1843749999999,5.3999999999999995,,0.0026246293,4.9398246,0.9509356,19.749695,12.356567,4.8722944,3.8553257,4.632632566003165,1.9471596603740347,
2023-10-15,11.234939759036145,5.279518072289157,2.247422680412371,1014.3,5.41794871794872,,0.00029303716,5.197019,-0.08571441,10.747955,8.059265,-4.129445,-0.44197655,-4.401102373755874,-0.782960821553675,
2023-10-16,11.174698795180722,2.927710843373494,2.4329896907216493,1020.1625,3.243589743589744,,8.533922e-05,3.029743,-0.06640328,10.430603,5.5585938,-4.4467974,-2.942648,-4.4613433376112965,-3.1347680504693383,
2023-10-17,11.771084337349398,0.8204819277108433,0.0,1021.6343750000001,1.3282051282051281,,1.362231e-05,0.1771573,0.26614377,10.523926,4.812439,-4.3534746,-3.6888027,-3.8649577954426206,-5.241996966131989,
2023-10-18,12.413253012048193,-0.663855421686747,19.690721649484537,1015.590625,2.3205128205128207,,2.009256e-06,-2.3286264,0.5341443,12.076599,2.0750732,-2.8008013,-6.4261684,-3.222789120743826,-6.726334315529579,
2023-10-19,8.59277108433735,5.3662650602409645,50.381443298969074,1001.1218750000002,3.8461538461538467,,0.0029257827,-3.6830227,0.05065738,7.6780396,6.7499084,-7.199361,-1.7513332,-7.043271048454669,-0.6962138336018677,
2023-10-20,7.620481927710843,5.606024096385542,76.95876288659794,992.7281250000001,5.4743589743589745,,0.0041437964,-4.661509,-1.0446211,7.2091675,6.0737305,-7.668233,-2.4275112,-8.015560205081176,-0.45645479745729034,
2023-10-21,18.012048192771083,6.721686746987953,17.38144329896907,996.8906250000001,2.876923076923078,,0.00040245184,-0.026554959,1.9724137,17.993805,7.389282,3.1164045,-1.1119595,2.376006059979064,0.6592078531451211,
2023-10-22,16.465060240963854,9.04578313253012,6.608247422680412,1007.59375,2.5846153846153848,,0.0006667832,1.4909538,1.6974725,15.669891,9.284607,0.79249096,0.78336525,0.8290181081718355,2.983304238687288,
2023-10-23,15.785542168674697,7.03855421686747,2.8762886597938144,1014.1000000000001,1.761538461538462,,0.00016412146,0.23419254,0.41518044,15.25705,9.207642,0.37964916,0.7063999,0.1495000358826779,0.976075323024638,
2023-10-24,13.556626506024097,8.713253012048193,112.50515463917526,1007.1875,2.302564102564102,,0.002673873,-1.8081951,0.7052338,13.326691,10.075073,-1.5507097,1.5738316,-2.079415626767922,2.6507741182053612,
2023-10-25,14.014457831325302,7.82409638554217,64.73195876288659,1001.56875,2.08974358974359,,0.00053572905,0.13694042,0.004881209,13.787109,8.916626,-1.090291,0.4153843,-1.6215843014667168,1.7616174916993375,
2023-10-26,11.212048192771084,7.983132530120481,13.082474226804123,994.965625,2.256410256410257,,0.006848611,-1.5912868,-1.3475637,10.673767,9.216827,-4.2036333,0.7155857,-4.423993940020935,1.920653636277649,
2023-10-27,10.112048192771084,7.174698795180723,66.37113402061856,994.94375,1.858974358974359,,0.0009017706,-1.682295,-0.5116518,10.555115,9.1866455,-4.3222857,0.6854038,-5.523993940020935,1.112219901337891,
2023-10-28,12.049397590361448,7.5915662650602425,44.1958762886598,999.8125,2.3205128205128207,,0.0024449562,0.2203935,1.2148223,12.262451,8.800781,-2.6149492,0.29953957,-3.5866445424305713,1.5290873712174102,
2023-10-29,14.934939759036144,8.46144578313253,25.051546391752577,1000.234375,4.123076923076924,,0.0035195565,1.065205,3.79304,15.877014,8.40567,0.99961376,-0.09557152,-0.7011023737558748,2.3989668892896985,
2023-10-30,15.716867469879517,10.391566265060243,38.56701030927835,1002.4312500000001,3.2394736842105267,,0.000254398,0.5735745,2.1474164,15.359528,11.2846985,0.4821272,2.7834568,0.08082533708749828,4.329087371217411,
2023-10-31,13.210843373493976,7.0,12.65979381443299,997.5258064516129,4.497368421052633,,0.005670205,3.582447,0.74566865,13.041412,11.007111,-1.835988,2.505869,-2.425198759298043,0.9375211061571678,
2023-11-01,14.28674698795181,6.174698795180723,0.1958762886597938,1005.8129032258066,2.8368421052631576,,0.0004239575,0.09089195,2.0162551,14.013977,7.8169556,-0.86342335,-0.6842861,-1.3492951448402088,0.11221990133789106,
2023-11-02,13.63855421686747,7.908433734939758,23.90721649484536,993.3000000000001,4.042105263157895,,0.00026555618,-1.2573469,3.2114704,13.396759,8.745148,-1.4806414,0.24390602,-1.9974879159245482,1.8459548410969262,
2023-11-03,11.263855421686747,7.310843373493976,1.6391752577319587,986.5161290322582,2.7263157894736847,,0.0003152646,1.414967,1.4505525,10.944122,8.376343,-3.933278,-0.12489891,-4.372186711105272,1.2483644796511442,
2023-11-04,11.640963855421687,5.512048192771085,15.268041237113403,988.5096774193548,4.34736842105263,,0.00017415576,0.63664776,3.3299809,10.49234,6.638489,-4.3850603,-1.8627529,-3.9950782773703324,-0.5504307010717469,
2023-11-05,12.762650602409641,7.527710843373494,37.43298969072165,980.5290322580646,4.355263157894737,,0.0033566186,1.4584252,3.4815142,11.765015,8.664734,-3.1123857,0.1634922,-2.873391530382378,1.4652319495306614,
2023-11-06,13.29397590361446,8.5,1.1958762886597938,998.16875,5.464102564102564,,0.0007844947,4.344852,2.5430727,12.09375,9.654846,-2.7836504,1.1536045,-2.3420662291775596,2.4375211061571678,
2023-11-07,12.780722891566265,6.7385542168674695,5.309278350515464,1009.1343750000001,4.097435897435898,,0.0002387379,2.7227678,2.7230625,11.653015,7.957855,-3.2243853,-0.54338646,-2.8553192412257538,0.6760753230246372,
2023-11-08,11.31566265060241,5.722891566265061,5.123711340206185,1011.615625,4.178947368421053,,0.00018941007,3.039801,2.3707716,10.702393,7.2309265,-4.175008,-1.2703152,-4.320379482189608,-0.339587327577771,
2023-11-09,11.59156626506024,5.981927710843373,9.0,1005.7281250000001,4.1000000000000005,,0.0013380013,1.2116953,3.6314905,10.40097,6.3247375,-4.47643,-2.1765041,-4.044475867731778,-0.08055118299945896,
2023-11-10,10.972289156626507,4.571084337349398,3.4123711340206184,1000.4812500000002,3.331578947368421,,0.00046781442,1.2524084,2.9165173,10.511932,7.555176,-4.365468,-0.9460659,-4.663752976165512,-1.491394556493434,
2023-11-11,8.503614457831326,2.53855421686747,12.061855670103093,1001.5645161290323,2.2368421052631584,,0.0003597634,1.078584,1.3421125,8.768127,3.957428,-6.109273,-4.5438137,-7.132427674960693,-3.523924676975362,
2023-11-12,8.40120481927711,4.1975903614457835,5.938144329896907,1006.5483870967741,2.3157894736842106,,0.0008786937,1.7933735,1.233046,8.052002,5.2481384,-6.8253984,-3.2531033,-7.234837313514909,-1.8648885323970488,
2023-11-13,10.04698795180723,2.5759036144578316,63.72164948453608,1006.7580645161291,3.1789473684210527,,0.001752945,0.5921692,2.2814765,10.334747,2.4025574,-4.542653,-6.0986843,-5.589054180984789,-3.4865752793850007,
2023-11-14,13.002409638554218,8.467469879518072,48.81443298969072,998.7,6.042105263157896,,0.0011840052,5.1865864,2.3047493,12.240295,9.766174,-2.637105,1.2649326,-2.6336324942378013,2.40499098567524,
2023-11-15,9.680722891566266,5.087951807228916,22.567010309278352,1007.80625,3.5710526315789477,,0.0011133519,3.011691,-0.119854905,9.718323,6.8572083,-5.1590776,-1.6440334,-5.955319241225753,-0.9745270866139162,
2023-11-16,9.07710843373494,1.613253012048193,5.288659793814433,1011.5562500000001,3.9128205128205127,,0.0010168832,2.8773944,1.3132883,8.3758545,5.534668,-6.501546,-2.9665737,-6.558933699057079,-4.449225881794639,
2023-11-17,5.72289156626506,1.0674698795180724,6.247422680412371,1014.1281250000001,4.2333333333333325,,0.00046006741,3.876714,-1.1473812,5.803711,3.0027466,-9.073689,-5.498495,-9.913150566526959,-4.99500901432476,
2023-11-18,6.472289156626506,1.9325301204819278,52.0,1023.5093749999999,2.5589743589743597,,0.0001582346,0.80578977,0.25744095,6.2478027,2.3843384,-8.629598,-6.1169033,-9.163752976165512,-4.129948773360905,
2023-11-19,12.072289156626505,3.780722891566265,103.4020618556701,1008.8031249999999,4.536842105263157,,0.008322827,1.9361967,2.1438642,11.132111,4.286865,-3.7452898,-4.2143764,-3.563752976165514,-2.281756002276567,
2023-11-20,10.76867469879518,6.955421686746988,95.1340206185567,1006.1375000000002,2.9473684210526314,,0.007593582,1.9564857,0.48358452,10.154114,8.661255,-4.7232866,0.1600132,-4.867367433996838,0.8929427929041553,
2023-11-21,7.2542168674698795,-0.09397590361445786,3.082474226804124,1014.9468750000001,3.4815789473684213,,0.0012437513,-1.2446676,-2.822238,7.5204163,1.6895752,-7.356984,-6.8116665,-8.381825265322139,-6.1564547974572905,
2023-11-22,2.13855421686747,-3.426506024096385,0.1958762886597938,1028.103125,2.548717948717949,,3.621111e-05,0.12635073,0.4202902,1.0057983,-3.038269,-13.871602,-11.539511,-13.497487915924548,-9.488984917939217,
2023-11-23,10.607228915662652,1.0734939759036146,62.30927835051546,1011.790625,7.773684210526317,,0.001085738,6.427282,1.552259,10.551819,0.8657837,-4.3255816,-7.635458,-5.0288132171293665,-4.988984917939217,
2023-11-24,7.221686746987953,0.4289156626506025,32.670103092783506,998.659375,6.231578947368422,,0.0010917349,5.218353,-1.3769108,6.791443,3.2204895,-8.085958,-5.280752,-8.414355385804065,-5.6335632311922295,
2023-11-25,2.687951807228916,-0.39759036144578314,15.268041237113403,1003.2875,3.810256410256411,,0.00024397299,2.3343189,-1.8756227,3.3945923,0.80526733,-11.482808,-7.6959743,-12.948090325563102,-6.460069255288615,
2023-11-26,1.6698795180722894,-2.136144578313253,8.268041237113403,1011.728125,2.471794871794872,,3.4429595e-05,1.7374228,-0.5235522,1.3571777,-2.440918,-13.520223,-10.94216,-13.96616261471973,-8.198623472156086,
2023-11-27,2.371084337349398,-1.8228915662650604,47.541666666666664,1006.6937500000001,2.5153846153846153,,0.0005467595,-2.3778877,0.4560919,1.730072,-2.1704712,-13.147328,-10.671713,-13.264957795442621,-7.885370460107893,
2023-11-28,-0.007228915662650593,-4.84578313253012,8.082474226804123,1001.0406250000001,3.152631578947369,,0.0016978915,-1.1903996,-1.9172388,0.17529297,-2.203003,-14.702107,-10.704245,-15.64327104845467,-10.908262026372952,
2023-11-29,0.7879518072289158,-4.336144578313254,19.770833333333332,1002.309375,4.092307692307691,,0.0016881119,1.718264,2.9354675,0.39105225,-2.4449463,-14.486348,-10.946188,-14.848090325563103,-10.398623472156086,
2023-11-30,0.6397590361445784,-7.156626506024097,4.175257731958763,1003.465625,1.8384615384615381,,0.00013395927,0.1683767,0.3102046,-1.098938,-5.0166626,-15.976338,-13.517904,-14.99628309664744,-13.21910539986693,
2023-12-01,-2.1349397590361447,-7.606024096385542,0.6494845360824743,1006.4062500000001,1.7871794871794873,,7.1323325e-06,-0.018657895,-1.173192,-2.9481506,-7.1610107,-17.82555,-15.662252,-17.770981891828164,-13.668502990228374,
2023-12-02,-2.0,-7.051807228915662,2.2989690721649483,1010.759375,2.471794871794873,,5.482032e-05,1.3182781,-0.98556954,-2.1791992,-6.3966064,-17.056599,-14.897848,-17.63604213279202,-13.114286122758493,
2023-12-03,-1.1879518072289157,-6.403614457831325,1.3711340206185567,1020.1031250000002,2.802564102564103,,4.2771047e-05,2.001632,0.28427887,-0.9378357,-5.665222,-15.815236,-14.166464,-16.823993940020934,-12.466093351674157,
2023-12-04,-1.008433734939759,-7.032530120481928,0.35051546391752575,1018.246875,3.082051282051282,,7.6622955e-06,-1.8871132,2.069317,-0.66116333,-4.4635925,-15.538564,-12.964834,-16.644475867731778,-13.09500901432476,
2023-12-05,0.061445783132530137,-3.1855421686746994,14.051546391752577,1010.3687500000001,4.082051282051282,,0.00044638113,-3.14738,1.437892,-0.35906982,-3.1660156,-15.23647,-11.667257,-15.574596349659489,-9.248021062517532,
2023-12-06,1.1698795180722892,-0.6024096385542169,12.938144329896907,1012.3625,2.7641025641025645,,0.0018641836,-1.0954767,1.2914349,0.89053345,-0.38082886,-13.986867,-8.882071,-14.46616261471973,-6.6648885323970495,
2023-12-07,1.872289156626506,-0.5433734939759037,0.36082474226804123,1019.6625,1.746153846153846,,0.0003033085,0.39107156,0.86414105,0.9940796,-1.3845825,-13.883321,-9.885824,-13.763752976165513,-6.605852387818736,
2023-12-08,1.3397590361445786,-0.6783132530120483,7.958762886597938,1014.8781250000001,3.4,,0.0002685419,-2.1219025,1.9192559,0.85165405,-1.1158447,-14.025746,-9.617086,-14.296283096647441,-6.74079214685488,
2023-12-09,5.304819277108434,0.9963855421686747,50.28865979381443,1010.6968750000001,3.1076923076923086,,0.00012533121,-0.41767585,2.3548477,3.8799438,0.9439087,-10.997457,-7.557333,-10.331222855683585,-5.066093351674158,
2023-12-10,7.8578313253012055,2.330120481927711,75.11340206185567,1002.340625,4.323076923076922,,0.006915689,1.8158197,3.0244255,6.814453,2.8645325,-8.062947,-5.636709,-7.778210807490813,-3.732358411915121,
2023-12-11,9.320481927710844,5.56144578313253,80.48453608247422,998.059375,4.4051282051282055,,0.0066580456,3.6249628,1.7882124,8.459625,5.5308533,-6.417775,-2.9703884,-6.315560205081175,-0.5010331107103019,
2023-12-12,7.481927710843375,2.910843373493976,37.381443298969074,1006.23125,2.5153846153846158,,0.0025576905,0.7086811,0.34294638,6.829956,4.23645,-8.047444,-4.2647915,-8.154114421948645,-3.151635520348856,
2023-12-13,6.339759036144579,3.2506024096385544,45.05154639175258,1000.9156250000001,2.9128205128205122,,0.0055870637,-2.2069447,-0.20932305,5.2750854,3.1256104,-9.602315,-5.3756313,-9.29628309664744,-2.811876484204278,
2023-12-14,4.293975903614458,1.7807228915662652,5.77319587628866,1013.684375,2.3871794871794876,,0.0012321557,-0.6961625,-1.6162828,4.0115967,2.3079224,-10.865804,-6.1933193,-11.342066229177561,-4.281756002276567,
2023-12-15,5.9156626506024095,-0.09397590361445785,5.77319587628866,1029.8812500000001,2.8025641025641037,,0.00021326367,2.4879684,0.6505606,5.814453,1.1585083,-9.062947,-7.3427334,-9.72037948218961,-6.15645479745729,
2023-12-16,8.280722891566265,5.333734939759037,0.2268041237113402,1035.04375,4.630769230769231,,3.802944e-05,3.862196,1.114893,7.3571167,5.500061,-7.5202837,-3.0011806,-7.355319241225754,-0.7287439540837957,
2023-12-17,9.273493975903614,5.171084337349398,0.0,1032.39375,5.089743589743589,,0.00028355286,4.246031,1.3603477,8.494354,7.1550293,-6.383046,-1.3462124,-6.362548156888405,-0.8913945564934345,
2023-12-18,7.86987951807229,3.708433734939759,1.0515463917525774,1027.7709677419355,4.594871794871796,,3.2293436e-05,3.7938282,1.4212576,7.003662,5.311096,-7.8737383,-3.1901455,-7.766162614719729,-2.354045158903073,
2023-12-19,7.316867469879518,5.040963855421687,90.48453608247422,1017.2406250000001,4.648717948717949,,0.0023460593,3.5127184,2.0769548,6.546936,5.6743164,-8.330464,-2.8269253,-8.319174662912502,-1.0215150384211453,
2023-12-20,6.773493975903615,3.7349397590361444,70.45360824742268,1007.7125,5.494871794871794,,0.0027493145,4.7128005,1.3497275,6.4873962,4.382324,-8.390004,-4.1189175,-8.862548156888405,-2.327539134806688,
2023-12-21,9.472289156626507,3.701204819277109,101.49484536082474,990.7062500000001,7.589743589743589,,0.009401026,6.2315845,1.786795,8.692688,4.9821167,-6.1847124,-3.519125,-6.163752976165512,-2.3612740745657232,
2023-12-22,5.3746987951807235,0.8493975903614458,37.134020618556704,988.715625,8.794871794871794,,0.0024260543,7.52465,-1.2340508,3.9620972,1.9831848,-10.915303,-6.518057,-10.261343337611295,-5.2130813034813865,
2023-12-23,3.4240963855421684,0.7216867469879519,122.47422680412372,998.915625,5.4282051282051285,,0.002026548,4.6954255,-0.77709323,3.0706787,1.2032776,-11.806722,-7.297964,-12.21194574724985,-5.340792146854881,
2023-12-24,11.989156626506025,1.2783132530120482,74.08247422680412,999.553125,5.864102564102564,,0.007887594,4.3119445,2.13256,11.128967,1.7326355,-3.748433,-6.768606,-3.6468855062859937,-4.784165640830784,
2023-12-25,11.446987951807229,7.863855421686748,103.02061855670104,1000.740625,6.435897435897435,,0.001821897,5.536428,0.5245529,10.989319,7.9844055,-3.8880816,-0.51683617,-4.18905418098479,1.8013765278439156,
2023-12-26,10.148192771084338,4.604819277108434,18.989690721649485,1006.215625,6.482051282051283,,0.0072057135,5.6799316,1.0641062,10.480713,7.293396,-4.3966875,-1.2078457,-5.487849361707681,-1.4576596167343983,
2023-12-27,6.003614457831326,1.166265060240964,0.8865979381443299,1019.61875,3.5538461538461537,,0.00039796435,1.3450011,1.5683064,5.669922,3.6154175,-9.207479,-4.885824,-9.632427674960692,-4.896213833601868,
2023-12-28,10.533734939759038,4.580722891566266,0.14432989690721648,1011.3218750000001,5.3128205128205135,,0.000107582135,3.4998133,3.185788,10.183685,5.535095,-4.693715,-2.9661465,-5.102307193032981,-1.4817560022765663,
2023-12-29,10.919277108433738,6.6421686746987945,48.90721649484536,1007.0718750000001,6.1564102564102585,,0.0012541545,4.2104635,3.4077466,10.553955,7.769348,-4.3234453,-0.73189354,-4.716765024358281,0.5796897808559622,
2023-12-30,8.627710843373492,3.45421686746988,1.7525773195876289,1009.6562499999999,4.546153846153847,,0.002548769,3.8474243,1.3980532,8.491821,5.0921936,-6.385579,-3.409048,-7.008331289418527,-2.608262026372952,
2023-12-31,7.928915662650601,2.5771084337349395,2.752577319587629,1007.8625,3.474358974358975,,0.00037817113,-0.65342754,2.7304204,7.59848,3.113922,-7.27892,-5.3873196,-7.707126470141418,-3.4853704601078928,
2024-01-01,8.089156626506025,3.716867469879518,9.309278350515465,1004.9750000000001,3.6743589743589746,,0.0011123717,2.0887926,2.428197,7.071594,4.2979126,-7.805806,-4.203329,-7.546885506285994,-2.345611423963314,
2024-01-02,7.740963855421687,2.3060240963855425,131.31958762886597,1000.7875,3.8000000000000003,,0.0037638948,-0.5218417,2.6967432,7.9368286,2.6016846,-6.940572,-5.899557,-7.895078277370332,-3.7564547974572897,
2024-01-03,11.159036144578314,7.157831325301206,19.948453608247423,989.515625,5.223076923076923,,0.0037040524,3.7487915,3.1179533,10.275574,8.1388855,-4.6018267,-0.3623562,-4.477005988213705,1.095352431458374,
2024-01-04,8.685542168674697,0.25301204819277107,19.63917525773196,996.3875,5.113513513513513,,0.0023218798,3.4784691,-0.14780886,7.98172,1.4363098,-6.8956804,-7.064932,-6.950499964117322,-5.8094668456500616,
2024-01-05,2.201204819277108,-0.2987951807228916,26.49484536082474,1006.1125000000001,3.438461538461539,,0.004619003,-3.227564,0.16308685,1.5441589,-0.044952393,-13.333241,-8.546194,-13.434837313514912,-6.361274074565724,
2024-01-06,0.9807228915662651,-1.869879518072289,2.783505154639175,1010.6062499999998,4.146153846153847,,0.0006421824,-3.178487,-1.2553263,1.5287476,-0.7624512,-13.348653,-9.263693,-14.655319241225754,-7.932358411915121,
2024-01-07,-0.7313253012048194,-5.863855421686748,0.5257731958762887,1022.4656250000002,3.9974358974358983,,7.490237e-05,-2.1752002,-2.6954772,-1.2008057,-3.6229248,-16.078205,-12.1241665,-16.36736743399684,-11.92633431552958,
2024-01-08,-3.9120481927710844,-9.873493975903614,0.0,1032.9625,3.5,,5.1797074e-06,-2.855416,-2.0373676,-4.9222107,-7.754486,-19.79961,-16.255728,-19.548090325563102,-15.935972869746447,
2024-01-09,-4.15301204819277,-12.066265060240964,0.010309278350515464,1038.071875,1.7333333333333336,,4.4712502e-07,-1.7589697,-0.62248373,-5.4673157,-10.328125,-20.344715,-18.829367,-19.789054180984788,-18.128743954083795,
2024-01-10,-2.0759036144578316,-11.075903614457832,0.010309278350515464,1034.409375,1.5717948717948718,,1.8237384e-06,-1.3371868,-0.5840046,-2.7352905,-9.236481,-17.61269,-17.737722,-17.71194574724985,-17.138382508300666,
2024-01-11,-0.24939759036144582,-8.483132530120484,1.0721649484536082,1030.7218750000002,2.8205128205128207,,7.289301e-05,2.1888254,-0.8966182,-0.70306396,-6.670624,-15.580464,-15.171865,-15.885439723153464,-14.545611423963315,
2024-01-12,0.9975903614457831,-1.6963855421686749,2.0721649484536084,1028.871875,3.3282051282051284,,4.9680126e-05,2.645653,-0.0326758,0.47402954,-1.4932556,-14.403371,-9.994497,-14.638451771346237,-7.758864436011507,
2024-01-13,2.7843373493975907,0.755421686746988,20.288659793814432,1016.6812500000001,5.6179487179487175,,0.0010839783,4.7317505,0.8301092,2.3032837,0.57110596,-12.574117,-7.9301357,-12.851704783394428,-5.307057207095844,
2024-01-14,3.1265060240963853,1.1012048192771084,8.329896907216495,1003.2125000000001,5.807692307692307,,0.001878546,4.804027,0.85220045,3.1011047,0.81152344,-11.776296,-7.6897182,-12.509536108695634,-4.961274074565724,
2024-01-15,2.4566265060240964,-1.0542168674698795,26.36082474226804,993.7875,6.45897435897436,,0.0014042766,4.801886,0.41562185,1.9483032,-0.28759766,-12.929097,-8.788839,-13.179415626767923,-7.1166957613127115,
2024-01-16,0.7265060240963855,-4.183132530120481,5.360824742268041,1004.71875,3.12051282051282,,0.0018377057,2.2827713,0.7682037,0.23382568,-4.427063,-14.643575,-12.928305,-14.909536108695633,-10.245611423963314,
2024-01-17,-0.327710843373494,-5.660240963855422,19.20618556701031,997.3437500000001,2.764102564102564,,0.00043306136,-0.1960063,1.8676611,-0.75567627,-6.917206,-15.633077,-15.4184475,-15.963752976165512,-11.722719857698255,
2024-01-18,-0.4,-6.349397590361446,2.917525773195876,995.7375000000001,2.2923076923076917,,0.00012257718,1.7198204,-0.66848993,-0.4751587,-5.2801514,-15.352559,-13.781393,-16.03604213279202,-12.411876484204278,
2024-01-19,1.1975903614457832,-6.450602409638554,0.20618556701030927,1013.503125,5.058974358974359,,1.0758081e-05,3.9667504,1.4772087,0.88061523,-8.216949,-13.996785,-16.718191,-14.438451771346235,-12.513081303481385,
2024-01-20,2.2337349397590365,-4.332530120481928,0.0,1024.540625,5.366666666666668,,2.1121232e-06,4.0459175,1.6375564,1.6576538,-1.309845,-13.219747,-9.811087,-13.402307193032982,-10.39500901432476,
2024-01-21,3.1325301204819276,-5.908433734939758,1.1030927835051547,1025.76875,4.3820512820512825,,9.064873e-08,1.1090285,3.5755198,2.2948303,-6.2401733,-12.58257,-14.741415,-12.503512012310091,-11.97091262878259,
2024-01-22,9.213253012048193,2.190361445783133,31.68041237113402,1010.7624999999999,6.415384615384617,,0.0007737978,3.661329,4.4026732,9.022797,1.6293945,-5.854604,-6.871847,-6.4227891207438255,-3.8721174480596994,
2024-01-23,7.934939759036145,3.50722891566265,47.18556701030928,1017.4218750000001,5.8,,0.0006904073,4.4072156,1.9606043,7.078247,4.081787,-7.7991533,-4.4194546,-7.701102373755874,-2.555249978180182,
2024-01-24,11.532530120481928,4.889156626506025,29.701030927835053,1010.8062500000001,8.982051282051282,,0.0049327915,7.165112,1.3719994,10.240021,4.514496,-4.6373796,-3.9867458,-4.103512012310091,-1.1733222673368076,
2024-01-25,8.473493975903617,2.430120481927711,0.16494845360824742,1020.66875,7.015384615384616,,0.00032394892,5.4870267,-1.4594568,7.8029785,5.5299683,-7.074422,-2.9712734,-7.162548156888402,-3.632358411915121,
2024-01-26,9.56987951807229,0.48313253012048196,43.371134020618555,1020.9875000000001,4.941025641025641,,0.0019062283,3.097024,0.96316415,9.007385,2.4193115,-5.870015,-6.08193,-6.06616261471973,-5.57934636372235,
2024-01-27,7.345783132530121,0.6313253012048193,0.0,1030.4281250000001,5.297435897435898,,0.00019149644,4.341561,-0.9350328,6.861145,3.693512,-8.016255,-4.8077297,-8.290259000261898,-5.431153592638013,
2024-01-28,7.620481927710843,-2.3313253012048194,0.0,1035.171875,2.641025641025642,,8.5026636e-07,-0.34808668,2.051352,5.8656616,-1.6543274,-9.011739,-10.155569,-8.015560205081176,-8.393804195047652,
2024-01-29,9.833734939759038,-0.5783132530120482,0.0,1029.978125,3.0405405405405403,,6.759228e-07,0.22042888,2.8081448,7.2554016,0.1998291,-7.621999,-8.301413,-5.802307193032981,-6.6407921468548805,
2024-01-30,9.046987951807228,0.38433734939759034,0.35051546391752575,1028.725,2.7513513513513517,,2.2287788e-06,1.0895692,2.3385355,8.198608,0.1510315,-6.678792,-8.35021,-6.589054180984791,-5.678141544445242,
2024-01-31,8.204819277108435,3.6313253012048197,12.608247422680412,1029.60625,4.756410256410257,,0.0001587574,3.3890893,1.1875193,7.7530518,4.269104,-7.1243486,-4.2321377,-7.431222855683584,-2.4311535926380126,
2024-02-01,8.376829268292683,3.6554216867469878,1.5360824742268042,1022.6437500000001,6.07948717948718,,0.0019481877,4.971605,-0.016327182,7.2973633,3.694275,-7.580037,-4.806967,-7.259212864499336,-2.4070572070958445,
2024-02-02,8.41566265060241,3.6493975903614455,3.329896907216495,1023.5156250000001,5.574358974358975,,0.00027442348,4.6741652,1.1229221,7.481964,4.164673,-7.3954363,-4.336569,-7.220379482189609,-2.4130813034813867,
2024-02-03,10.698795180722891,7.051807228915662,25.2680412371134,1017.6875,6.494871794871794,,0.0008825771,5.5974383,0.07486619,10.1719055,7.6588135,-4.705495,-0.8424282,-4.937246952069128,0.9893283350728295,
2024-02-04,8.991566265060241,5.789156626506025,92.38144329896907,1014.8312500000001,6.21025641025641,,0.0004274921,5.440352,0.21351773,7.840637,6.028961,-7.036763,-2.4722805,-6.644475867731778,-0.2733222673368072,
2024-02-05,10.591566265060242,7.3578313253012055,42.422680412371136,1009.4562500000001,7.7615384615384615,,0.0075972625,6.878301,0.48462018,9.410492,7.7009583,-5.4669085,-0.80028343,-5.0444758677317765,1.2953524314583733,
2024-02-06,10.892771084337351,7.573493975903615,70.69072164948453,1005.2,8.302564102564103,,0.00086980854,6.698828,2.735584,10.24646,8.010498,-4.6309404,-0.49074364,-4.743271048454668,1.5110150820607826,
2024-02-07,9.065060240963856,-0.6313253012048192,17.185567010309278,1001.175,5.243589743589743,,0.006557079,4.021769,-0.32716995,9.742645,2.4232178,-5.134755,-6.078024,-6.570981891828163,-6.693804195047651,
2024-02-08,3.93855421686747,-1.7012048192771083,59.24742268041237,1002.590625,1.8410256410256414,,0.0008223288,-0.35419464,0.79951423,4.907837,-0.50097656,-9.9695635,-9.002218,-11.69748791592455,-7.76368371311994,
2024-02-09,8.019277108433736,0.6590361445783133,63.91752577319588,993.028125,3.571794871794872,,0.0071215215,-1.9248894,1.236165,8.095825,0.888855,-6.781575,-7.6123867,-7.616765024358283,-5.403442749264519,
2024-02-10,12.363855421686747,5.901204819277109,15.855670103092784,991.490625,2.494871794871795,,0.0032048821,-1.3661898,0.72334224,12.028809,6.9223633,-2.8485918,-1.5788784,-3.272186711105272,-0.16127407456572307,
2024-02-11,8.493975903614459,6.210843373493976,90.23711340206185,991.2250000000001,3.2743589743589743,,0.0010702964,-1.4496788,-0.93306327,9.279724,6.138611,-5.5976763,-2.3626308,-7.14206622917756,0.14836447965114363,
2024-02-12,9.163855421686748,4.0530120481927705,9.350515463917526,999.209375,3.971794871794871,,0.00286287,3.4668834,-0.029723048,8.0598755,5.985382,-6.817525,-2.5158596,-6.472186711105271,-2.0094668456500617,
2024-02-13,8.827710843373495,1.6650602409638555,0.3402061855670103,1015.4000000000001,3.682051282051282,,0.00016440121,2.917801,0.8428828,8.209595,3.973236,-6.6678057,-4.5280056,-6.808331289418524,-4.397418652878977,
2024-02-14,9.784337349397592,1.3542168674698796,34.649484536082475,1017.90625,3.2871794871794875,,0.0033187002,1.5179567,2.5267947,9.033386,2.3399658,-5.844014,-6.161276,-5.8517047833944265,-4.708262026372953,
2024-02-15,13.496385542168678,8.413253012048193,3.051546391752577,1017.540625,2.9538461538461536,,0.00086506194,1.1986791,2.297309,12.082703,8.525024,-2.7946978,0.02378273,-2.139656590623341,2.3507741182053605,
2024-02-16,15.586746987951807,7.674698795180723,39.123711340206185,1014.609375,3.7461538461538453,,0.000841191,0.9598708,2.6584334,13.04361,7.394165,-1.8337908,-1.1070766,-0.04929514484021169,1.612219901337891,
2024-02-17,11.491566265060241,3.363855421686747,0.030927835051546393,1025.496875,4.089743589743589,,0.00035379175,3.1262567,-1.1029874,11.127441,6.7578125,-3.749959,-1.7434292,-4.144475867731778,-2.6986234721560853,
2024-02-18,10.242168674698798,0.5734939759036145,53.21649484536083,1029.81875,2.9871794871794872,,0.00045647097,-0.5361769,2.4612896,9.232513,2.8283386,-5.644887,-5.672903,-5.393873458093221,-5.488984917939217,
2024-02-19,9.25301204819277,6.018072289156628,34.24742268041237,1018.2156249999999,5.0128205128205146,,0.0041441726,3.6867115,-0.12533407,8.352173,7.115906,-6.5252275,-1.3853359,-6.383030084599248,-0.04440660468620461,
2024-02-20,9.159036144578314,6.5759036144578324,12.288659793814434,1022.0093750000002,4.371794871794871,,0.0013780255,3.7843258,-0.3226867,8.806641,6.6401367,-6.07076,-1.861105,-6.477005988213705,0.5134247206150002,
2024-02-21,11.045783132530122,6.40843373493976,6.907216494845361,1016.3093750000002,4.21578947368421,,0.0008379794,2.4558184,2.465315,10.143402,6.501343,-4.7339983,-1.9998989,-4.590259000261897,0.345954841096928,
2024-02-22,11.665060240963856,7.36987951807229,38.350515463917525,996.3687500000001,4.3820512820512825,,0.002887583,1.1057519,3.9755564,10.6397705,7.7630005,-4.23763,-0.7382412,-3.9709818918281634,1.3074006242294578,
2024-02-23,11.675903614457832,2.7686746987951807,0.020618556701030927,993.6062499999999,5.071794871794872,,0.00042331088,2.14127,3.050135,10.865051,6.753113,-4.012349,-1.7481289,-3.960138518334187,-3.2938041950476515,
2024-02-24,11.036144578313255,0.11686746987951806,0.23711340206185566,1002.28125,3.0615384615384618,,3.6455272e-05,0.8328317,2.5733945,10.169769,0.4376831,-4.707631,-8.063559,-4.599897554478764,-5.945611423963314,
2024-02-25,11.960240963855423,0.06867469879518075,1.0721649484536082,1006.3625000000002,2.8102564102564096,,0.00016313141,-0.2819595,2.2764115,11.266418,0.7710571,-3.610982,-7.7301846,-3.675801168936596,-5.993804195047652,
2024-02-26,10.824096385542168,-1.219277108433735,0.0,1006.4968749999999,2.553846153846154,,3.5796653e-05,-1.7624885,-1.527023,10.134644,-0.61486816,-4.742757,-9.11611,-4.811945747249851,-7.281756002276567,
2024-02-27,5.73855421686747,2.436144578313253,0.5257731958762887,1015.371875,3.187179487179487,,6.9216454e-05,-0.12746643,-2.7633312,5.659088,2.8476562,-9.218312,-5.6535854,-9.897487915924549,-3.6263343155295793,
2024-02-28,5.843373493975904,-0.9987951807228916,0.030927835051546393,1021.15,2.3256410256410254,,8.420033e-05,0.79749876,-0.42623627,5.405487,2.875061,-9.471913,-5.6261806,-9.792668638816114,-7.061274074565723,
2024-02-29,10.328915662650603,-2.049397590361446,0.0,1017.75625,3.2974358974358973,,4.173877e-06,-1.6501926,2.2029383,9.020508,-0.72753906,-5.8568926,-9.228781,-5.307126470141416,-8.111876484204277,
2024-03-01,10.879518072289157,3.3240963855421692,5.43298969072165,1007.8062500000001,2.456410256410256,,3.1751526e-06,-1.1888262,1.4745187,12.230591,3.5248108,-2.6468096,-4.976431,-4.756524060502862,-2.738382508300663,
2024-03-02,13.325301204819278,5.475903614457831,0.5154639175257731,1007.1125000000001,2.3324324324324324,,0.0010923172,-1.1446915,1.1058208,11.824493,6.305603,-3.052907,-2.1956387,-2.3107409279727413,-0.5865752793850012,
2024-03-03,14.24698795180723,4.8746987951807235,0.0,1005.825,3.1054054054054054,,0.0001067823,-2.640681,0.47261226,12.185669,6.492523,-2.6917315,-2.0087185,-1.3890541809847896,-1.1877800986621088,
2024-03-04,11.709638554216868,3.0891566265060244,2.7938144329896906,1009.53125,2.6153846153846154,,2.8775117e-05,-2.4020085,-0.9617509,11.960175,6.785034,-2.9172258,-1.7162075,-3.926403578575151,-2.973322267336808,
2024-03-05,7.733734939759036,0.49759036144578317,4.701030927835052,1016.303125,2.897435897435898,,7.133149e-05,-2.1228554,-1.2583648,7.177643,4.3038025,-7.6997576,-4.197439,-7.902307193032983,-5.564888532397049,
2024-03-06,7.937349397590363,-1.6108433734939762,0.15463917525773196,1023.79375,2.2102564102564104,,5.26752e-05,-1.1880573,-1.4214433,6.734192,-0.75164795,-8.1432085,-9.25289,-7.698692735201656,-7.6733222673368084,
2024-03-07,8.320481927710844,-1.2084337349397591,0.0,1026.7,3.094871794871795,,2.772762e-05,-2.580648,-0.72595936,7.1757812,1.7539062,-7.701619,-6.7473354,-7.315560205081175,-7.270912628782591,
2024-03-08,9.202409638554217,-2.9096385542168677,0.0,1021.465625,3.215789473684211,,8.5251173e-07,-2.979411,0.35200655,6.782013,-1.982727,-8.095387,-10.483969,-6.433632494237802,-8.9721174480597,
2024-03-09,10.407228915662651,-0.8228915662650603,0.0,1011.0032258064516,3.8868421052631583,,1.7926883e-05,-3.2900813,0.97832984,8.995361,0.11593628,-5.882039,-8.385305,-5.2288132171293675,-6.885370460107892,
2024-03-10,12.465060240963854,1.9156626506024097,0.020618556701030927,1004.4451612903225,4.6,,4.8728557e-06,-4.34861,0.18335877,11.917297,3.4883423,-2.960103,-5.0128994,-3.1709818918281645,-4.146816243240423,
2024-03-11,13.539759036144577,3.6987951807228914,0.0,1004.0968750000001,3.3078947368421057,,6.813161e-05,-0.719626,1.2173523,13.72583,8.973602,-1.1515703,0.4723606,-2.0962830966474417,-2.363683713119941,
2024-03-12,13.553012048192771,1.7734939759036144,0.0,1012.921875,2.0076923076923077,,1.8477383e-05,1.8972163,-0.1674679,13.18866,3.0191345,-1.6887407,-5.482107,-2.0830300845992475,-4.288984917939218,
2024-03-13,13.855421686746988,3.3084337349397592,3.6907216494845363,1016.378125,2.3684210526315796,,1.9059542e-05,1.3802203,1.4342066,12.557037,4.969116,-2.320363,-3.5321255,-1.780620446045031,-2.754045158903073,
2024-03-14,14.82168674698795,6.390361445783133,0.12371134020618557,1014.6,2.7230769230769236,,0.00020393771,0.91118747,1.957919,14.270905,7.9500427,-0.60649586,-0.55119896,-0.8143553858040686,0.32788255194030036,
2024-03-15,18.501204819277106,6.391566265060241,4.030927835051546,1009.7218750000001,3.456410256410256,,0.0003476454,1.2225444,2.4782813,17.7359,7.718811,2.8585005,-0.78243065,2.865162686485087,0.32908737121740916,
2024-03-16,13.869879518072286,3.4530120481927713,16.0,1013.0,4.687179487179487,,0.0015454524,3.3974006,0.26774555,12.586243,8.142761,-2.2911577,-0.35848045,-1.7661626147197325,-2.609466845650061,
2024-03-17,9.272289156626508,-0.7337349397590363,0.0,1023.35,3.37948717948718,,0.00012575404,1.366553,-1.4938291,6.980316,3.1742249,-7.897084,-5.327017,-6.363752976165511,-6.796213833601868,
2024-03-18,7.818072289156627,-2.7927710843373497,0.0,1021.8249999999999,2.6666666666666665,,8.46703e-07,-2.3747141,-0.045532227,5.6493225,-1.9961548,-9.228078,-10.497396,-7.8179698436353915,-8.855249978180183,
2024-03-19,10.51566265060241,-2.985542168674699,0.0,1022.6187500000001,2.684615384615385,,1.2681511e-06,-1.758668,1.6029378,7.981018,-2.2142334,-6.8963823,-10.715475,-5.120379482189609,-9.048021062517531,
2024-03-20,16.579518072289154,1.6578313253012047,11.34020618556701,1020.6375,1.9692307692307685,,2.1354128e-07,-0.43040335,1.7761561,14.392975,1.5327454,-0.48442554,-6.9684963,0.9434759394971355,-4.404647568541628,
2024-03-21,14.443373493975903,5.427710843373494,42.47422680412371,1019.2250000000001,3.025641025641026,,0.0058535687,2.157335,0.18492156,13.944458,8.021118,-0.9329424,-0.48012352,-1.1926686388161158,-0.6347680504693383,
2024-03-22,13.233734939759037,5.9469879518072295,53.43298969072165,1015.825,3.543589743589744,,0.0018526277,2.5669672,1.437893,12.236145,7.7573853,-2.6412554,-0.74385643,-2.402307193032982,-0.11549094203560273,
2024-03-23,9.178313253012048,2.3867469879518075,62.65979381443299,1006.2437500000001,3.2666666666666666,,0.0047195093,2.4650636,-0.3531735,8.808563,5.8230286,-6.068837,-2.6782131,-6.457728879779971,-3.6757319058910247,
2024-03-24,8.286746987951807,1.607228915662651,50.20618556701031,1001.503125,4.361538461538462,,0.0015239356,2.9066515,2.6702964,7.5635986,2.1880493,-7.313802,-6.3131924,-7.349295144840212,-4.4552499781801815,
2024-03-25,9.773493975903614,0.5939759036144578,6.061855670103093,1003.21875,3.510256410256411,,0.0018400853,2.2933424,-0.14681733,9.041046,4.373749,-5.8363543,-4.127493,-5.862548156888405,-5.468502990228375,
2024-03-26,13.60120481927711,-0.4566265060240964,0.0,1000.9843750000001,3.5743589743589754,,9.724562e-05,-2.885378,1.7993609,13.159363,0.98165894,-1.7180376,-7.5195827,-2.0348373135149096,-6.519105399866929,
2024-03-27,18.051807228915663,3.798795180722892,4.34020618556701,989.5031250000001,3.343589743589743,,7.102886e-08,-2.613067,1.7098322,16.91034,5.4571533,2.032939,-3.0440884,2.4157650961236445,-2.2636837131199403,
2024-03-28,14.59397590361446,6.179518072289158,3.8350515463917527,987.9375,5.015384615384615,,0.00020650278,2.199158,3.0407112,14.001587,8.634338,-0.8758135,0.1330967,-1.0420662291775589,0.11703917844632539,
2024-03-29,15.456626506024097,4.698795180722892,2.917525773195876,999.509375,3.91025641025641,,0.00014775844,0.8651273,3.075056,15.663025,6.223877,0.7856245,-2.2773647,-0.17941562676792167,-1.36368371311994,
2024-03-30,22.567469879518075,6.302409638554217,0.0,1000.1468750000001,2.302564102564102,,2.8082379e-05,-2.1260707,1.1342252,21.832153,8.307068,6.954753,-0.19417381,6.931427746726056,0.2399307447113852,
2024-03-31,19.15301204819277,7.86987951807229,0.0,998.371875,2.0615384615384613,,5.692755e-07,0.47391024,0.076222315,19.017273,8.07547,4.1398726,-0.4257717,3.516969915400752,1.8074006242294578,
2024-04-01,18.21566265060241,6.497590361445784,7.989690721649485,995.3312500000002,3.815384615384615,,0.0008112113,0.32651684,1.2168211,17.488281,8.553223,2.6108809,0.051980972,2.579620517810392,0.43511146760295194,
2024-04-02,14.467469879518074,8.153012048192771,21.15463917525773,1002.36875,6.2717948717948735,,0.0011970323,5.4551635,1.290576,14.2404785,8.751831,-0.6369219,0.25058937,-1.168572253273945,2.090533154349939,
2024-04-03,12.007228915662653,7.290361445783133,27.15463917525773,1006.88125,3.6076923076923073,,0.0021966633,1.8291515,0.4965048,11.292297,8.479553,-3.585103,-0.021688461,-3.628813217129366,1.2278825519403007,
2024-04-04,15.406024096385543,8.545783132530122,38.144329896907216,1007.45625,4.246153846153846,,0.0033893213,2.5501466,2.6015797,13.801239,8.446472,-1.0761614,-0.054769516,-0.23001803640647545,2.48330423868729,
2024-04-05,18.787951807228918,9.385542168674698,20.288659793814432,1011.028125,4.4051282051282055,,0.0016195368,2.6441383,2.5225317,17.786987,10.040161,2.909587,1.5389194,3.151909674436899,3.323063274831866,
2024-04-06,23.49277108433735,10.674698795180724,0.0,1014.3343750000001,2.98974358974359,,0.00017433555,0.91578674,1.9516678,21.967224,11.977234,7.0898237,3.4759922,7.85672895154533,4.612219901337892,
2024-04-07,23.659036144578316,12.520481927710843,2.7010309278350517,1014.2645161290324,2.946153846153847,,1.6236056e-07,0.75999236,1.797286,22.72171,14.082336,7.84431,5.5810947,8.022994011786297,6.458003033868011,
2024-04-08,26.03373493975904,12.59397590361446,0.4845360824742268,1010.8187499999999,2.312820512820513,,4.199738e-05,-0.81690615,1.389895,25.303009,13.770569,10.425609,5.269327,10.39769280696702,6.531497009771628,
2024-04-09,25.836144578313252,10.484337349397592,17.329896907216494,1008.1875,3.9641025641025647,,8.751984e-05,1.5376323,1.034794,25.496704,14.282654,10.619304,5.781412,10.200102445521233,4.4218584555547595,
2024-04-10,14.956626506024097,5.565060240963857,0.07216494845360824,1024.4125000000001,3.812820512820513,,0.00094539387,3.2640097,0.36170378,13.990784,10.355957,-0.8866167,1.8547153,-0.6794156267679217,-0.49741865287897546,
2024-04-11,17.03132530120482,3.8000000000000003,0.041237113402061855,1031.39375,3.4,,4.245382e-05,2.376259,1.7390528,16.087738,8.122589,1.2103376,-0.37865257,1.395283168412801,-2.262478893842832,
2024-04-12,19.898795180722892,10.3855421686747,0.0,1029.5625,3.2564102564102564,,8.4347994e-05,2.8199666,1.1412191,19.508667,12.039673,4.6312666,3.5384312,4.2627530479308735,4.323063274831868,
2024-04-13,22.04939759036145,10.714457831325303,0.0,1023.309375,4.015384615384614,,8.9421765e-06,3.3281567,1.4553837,20.711426,13.486725,5.8340254,4.985483,6.413355457569432,4.651978937482471,
2024-04-14,17.689156626506026,7.80843373493976,9.907216494845361,1016.7406250000001,4.833333333333333,,6.463033e-05,4.022419,-0.3530134,16.204254,12.676788,1.3268538,4.1755466,2.0531144937140073,1.7459548410969274,
2024-04-15,14.485542168674698,5.054216867469879,41.03092783505155,1008.0468750000002,3.048717948717949,,0.0015027324,1.4428911,1.5917622,13.247681,8.549683,-1.6297197,0.048440933,-1.150499964117321,-1.008262026372953,
2024-04-16,10.766265060240965,3.102409638554217,13.8659793814433,1000.0000000000001,5.002564102564103,,0.0014452616,3.5082443,0.11893337,11.079742,5.246643,-3.797658,-3.2545986,-4.869777072551054,-2.9600692552886154,
2024-04-17,11.43012048192771,1.2012048192771085,5.711340206185567,1007.603125,2.448717948717949,,0.0004503478,0.6450432,-1.6854407,10.342041,4.026581,-4.5353594,-4.474661,-4.205921650864308,-4.861274074565724,
2024-04-18,11.709638554216868,-0.07831325301204821,4.628865979381444,1014.290625,2.7025641025641023,,0.0003474049,1.0764519,-1.4195617,11.029816,2.5687866,-3.8475847,-5.932455,-3.926403578575151,-6.1407921468548805,
2024-04-19,8.603614457831325,4.11566265060241,88.26804123711341,1006.325,3.556410256410256,,0.0032954935,2.817641,1.8421711,8.707794,5.6674805,-6.169606,-2.8337612,-7.032427674960694,-1.9468162432404226,
2024-04-20,9.037349397590361,0.8855421686746988,9.041237113402062,1012.809375,3.941025641025641,,0.0026850814,-0.5545767,-3.3608952,8.484009,3.8294678,-6.3933916,-4.671774,-6.5986927352016576,-5.176936725168133,
2024-04-21,9.448192771084338,-1.232530120481928,2.7010309278350517,1022.75,3.1947368421052635,,0.00073566707,-2.0916207,-2.3460293,9.006622,1.2233582,-5.870778,-7.2778835,-6.187849361707681,-7.29500901432476,
2024-04-22,7.1000000000000005,-2.1385542168674703,3.845360824742268,1024.3875,2.158974358974359,,0.0007612061,-0.46805808,-1.3768703,7.061493,0.51828,-7.8159075,-7.9829617,-8.53604213279202,-8.201033110710302,
2024-04-23,9.518072289156626,-2.146987951807229,0.8865979381443299,1019.403125,1.966666666666667,,9.079263e-05,1.1511054,0.40100226,8.671783,0.3190918,-6.205617,-8.18215,-6.117969843635393,-8.209466845650061,
2024-04-24,10.310843373493976,1.7927710843373494,9.206185567010309,1007.8903225806453,2.4461538461538463,,0.0011192522,-0.081661016,1.8653874,10.557648,1.5117188,-4.3197527,-6.989523,-5.325198759298043,-4.269707809505483,
2024-04-25,10.438554216867471,1.153012048192771,19.350515463917525,1004.8062500000001,2.6384615384615384,,0.0012818758,1.40905,1.8704916,9.613068,1.952301,-5.264333,-6.5489407,-5.1974879159245475,-4.909466845650061,
2024-04-26,15.250602409638557,2.0301204819277108,0.28865979381443296,1006.9687500000001,3.082051282051282,,0.00020915229,0.22045045,2.9276667,13.922638,3.6275024,-0.95476246,-4.8737392,-0.3854397231534623,-4.032358411915121,
2024-04-27,21.336144578313252,3.297590361445783,0.020618556701030927,1010.5687499999999,2.482051282051282,,3.0181409e-05,-0.99965316,2.0256472,18.800476,5.6035156,3.9230757,-2.897726,5.7001024455212335,-2.764888532397049,
2024-04-28,23.875903614457833,8.136144578313253,0.7422680412371134,1012.6031250000001,3.471794871794872,,2.6234918e-06,-1.8848319,2.1467535,22.233276,10.828857,7.355876,2.3276157,8.239861481665814,2.073665684470421,
2024-04-29,21.404819277108434,11.050602409638556,0.29896907216494845,1021.2937500000002,2.2717948717948713,,0.0004246245,-0.5635586,-1.4370894,19.904419,13.733246,5.0270185,5.232004,5.768777144316415,4.988123515795723,
2024-04-30,27.592771084337354,9.698795180722891,0.0,1018.6677419354838,3.217948717948718,,2.148474e-05,-2.7790577,0.82711023,25.802246,12.348114,10.924846,3.8468723,11.956728951545335,3.636316286880059,
2024-05-01,26.122891566265057,12.609638554216867,0.0,1011.6064516129032,4.428205128205128,,6.049872e-07,-3.9090168,1.845347,24.59372,15.902588,9.716319,7.401346,10.486849433473038,6.547159660374034,
2024-05-02,25.859036144578315,13.322891566265062,0.08247422680412371,1005.2531250000001,4.766666666666667,,9.007007e-06,-4.142616,1.727491,24.04248,15.734131,9.16508,7.232889,10.222994011786296,7.2604126724222295,
2024-05-03,23.051807228915663,12.302409638554218,20.175257731958762,1008.5437500000002,3.1333333333333333,,0.0012371262,0.13610075,1.614905,21.368835,16.144775,6.491435,7.6435337,7.4157650961236445,6.239930744711386,
2024-05-04,20.516867469879518,11.153012048192771,11.556701030927835,1015.25625,2.094871794871794,,0.00045554386,0.93032646,-0.3949481,18.520508,13.076477,3.6431074,4.5752354,4.880825337087499,5.090533154349939,
2024-05-05,20.242168674698796,8.844578313253013,7.134020618556701,1008.9093750000001,3.4153846153846152,,0.0017851819,1.6222035,1.6578337,18.995361,13.264282,4.117961,4.7630405,4.606126541906777,2.782099419410181,
2024-05-06,19.11566265060241,6.807228915662651,0.21649484536082475,1009.04375,2.602564102564103,,0.00011580242,1.2277552,-0.811364,17.269318,10.541107,2.3919172,2.0398655,3.4796205178103907,0.7447500218198186,
2024-05-07,14.91566265060241,7.4867469879518085,0.0,1017.234375,2.946153846153847,,1.2193955e-05,-1.6992229,-2.0098836,15.135529,9.694,0.25812817,1.1927586,-0.7203794821896086,1.4242680941089763,
2024-05-08,18.744578313253015,5.8,0.0,1024.965625,2.4102564102564106,,1.272725e-06,-1.726658,-1.5219358,16.49823,10.136475,1.6208296,1.6352329,3.1085361804609963,-0.2624788938428324,
2024-05-09,20.375903614457833,4.130120481927712,0.0,1026.165625,1.6128205128205129,,8.350859e-08,-0.096731186,-1.0820684,18.162872,7.5162964,3.285472,-0.9849453,4.739861481665814,-1.9323584119151205,
2024-05-10,22.4855421686747,8.287951807228916,0.0,1023.2656250000001,1.7512820512820513,,7.80589e-05,0.29169294,-1.1197828,20.49591,10.744202,5.6185102,2.24296,6.8495000358826825,2.225472913386084,
2024-05-11,20.465060240963858,9.446987951807229,0.020618556701030927,1022.909375,2.4307692307692315,,1.5538295e-05,-1.2395669,-1.9063019,18.963196,12.705383,4.0857954,4.2041416,4.829018108171839,3.3845090579643964,
2024-05-12,21.41686746987952,7.680722891566265,0.0,1022.4625000000001,3.2666666666666666,,7.7082467e-07,-3.2476466,-0.08742819,19.61261,11.898071,4.7352095,3.3968296,5.780825337087501,1.6182439977234324,
2024-05-13,24.343373493975903,7.983132530120484,0.0,1017.65625,3.5230769230769226,,9.830451e-07,-3.2654362,0.79597396,22.438202,12.374023,7.5608015,3.8727818,8.707331361183885,1.9206536362776516,
2024-05-14,25.4144578313253,9.267469879518073,0.0,1013.75,3.938461538461537,,8.95072e-08,-3.66449,0.9414936,23.519867,13.796265,8.642467,5.295023,9.778415698533282,3.2049909856752405,
2024-05-15,25.836144578313252,11.490361445783135,0.0,1012.3406249999999,5.069230769230769,,3.938067e-07,-4.674536,1.2359236,24.308014,15.730652,9.4306135,7.22941,10.200102445521233,5.427882551940303,
2024-05-16,25.471084337349403,13.204819277108435,0.9381443298969072,1011.08125,5.410256410256411,,6.7977976e-07,-4.5730424,2.1463377,24.640411,16.374817,9.763011,7.873575,9.835042204557384,7.142340383265602,
2024-05-17,24.86987951807229,12.89879518072289,0.030927835051546393,1010.534375,4.982051282051282,,1.2494552e-07,-4.290255,0.9976209,24.57611,16.12735,9.69871,7.626108,9.23383738528027,6.836316286880058,
2024-05-18,19.880722891566265,11.333734939759037,9.556701030927835,1010.7062500000001,2.5871794871794873,,0.0009655415,-2.4876926,0.8235882,20.212921,14.566528,5.3355207,6.0652866,4.244680758774246,5.271256045916204,
2024-05-19,21.143373493975904,10.61566265060241,46.55670103092783,1009.8125000000001,1.9384615384615382,,0.0008346567,-0.50689083,1.2100656,20.428497,12.345764,5.551097,3.8445225,5.507331361183885,4.553183756759577,
2024-05-20,23.10240963855422,9.813253012048195,21.783505154639176,1011.4375,1.92051282051282,,0.000673555,-0.9543052,0.4691906,21.621948,12.722168,6.744548,4.2209263,7.466367505762202,3.7507741182053627,
2024-05-21,26.978313253012047,11.377108433734941,17.463917525773194,1010.809375,3.8205128205128207,,0.0001107342,-3.7445934,-0.62683195,25.14215,14.993988,10.2647505,6.4927464,11.342271120220028,5.314629539892109,
2024-05-22,24.320481927710844,14.998795180722892,85.37113402061856,1007.3375000000001,3.7564102564102564,,0.0038177036,-0.9307323,0.749996,24.700012,17.697632,9.822612,9.19639,8.684439794918825,8.93631628688006,
2024-05-23,23.20963855421687,12.74698795180723,1.2474226804123711,1013.2406250000001,2.9282051282051285,,0.000582789,2.0760765,-0.3355914,21.773438,16.004028,6.896037,7.5027866,7.573596421424851,6.684509057964397,
2024-05-24,24.721686746987952,11.35301204819277,88.82474226804123,1018.1843750000002,2.8102564102564105,,0.0006637532,-2.390358,-0.8070164,22.714355,14.382141,7.836955,5.8808994,9.085644614195933,5.290533154349938,
2024-05-25,24.228915662650603,13.222891566265062,23.61855670103093,1017.34375,1.9564102564102563,,0.0017450824,-0.64176327,0.99432653,23.308228,15.827606,8.430827,7.3263645,8.592873529858585,7.16041267242223,
2024-05-26,25.73012048192771,12.066265060240964,6.34020618556701,1017.965625,2.2102564102564104,,0.00044916806,-1.0945649,1.3568029,24.65384,14.905609,9.776439,6.4043674,10.09407834913569,6.003786166398132,
2024-05-27,24.501204819277113,14.873493975903614,53.865979381443296,1016.9129032258065,2.186842105263158,,0.00069979444,-0.5744939,1.2201653,23.296844,17.384003,8.419444,8.882761,8.865162686485094,8.81101508206078,
2024-05-28,18.714457831325305,10.448192771084338,35.845360824742265,1016.1437500000001,2.594736842105263,,0.0047850353,1.4193836,0.7649493,17.800537,15.442688,2.9231367,6.9414463,3.078415698533286,4.385713877241506,
2024-05-29,22.32409638554217,9.22289156626506,6.876288659793815,1013.5125,3.0179487179487183,,0.00064414815,0.2460611,2.9896383,21.832886,11.49527,6.9554853,2.994028,6.688054252750151,3.160412672422228,
2024-05-30,21.068674698795178,12.419277108433734,106.20833333333333,1006.1645161290323,2.0615384615384618,,0.004229802,-1.0811182,1.0029465,20.794006,14.658447,5.916606,6.1572056,5.432632566003159,6.356798214590902,
2024-05-31,22.56144578313253,12.756626506024096,18.010309278350515,1007.1225806451614,2.06923076923077,,0.0006438458,0.0027048339,0.3845445,22.31665,14.834381,7.43925,6.3331394,6.925403650340511,6.694147612181264,
2024-06-01,25.89397590361446,14.542168674698795,27.701030927835053,1010.1677419354841,3.2025641025641027,,0.0014277665,-0.82331747,-2.9251356,24.7471,16.449768,9.8697,7.9485264,10.257933770822442,8.479689780855963,
2024-06-02,23.449397590361446,14.472289156626509,21.63917525773196,1014.1387096774193,3.9692307692307693,,0.0028623466,2.0830243,-2.5894492,22.8284,16.261292,7.9509993,7.76005,7.813355457569427,8.409810262783676,
2024-06-03,17.26987951807229,11.995180722891568,0.44329896907216493,1016.6387096774195,3.374358974358975,,0.00027162544,2.902584,-0.8893829,19.283081,14.211121,4.4056807,5.709879,1.6338373852802714,5.932701829048736,
2024-06-04,20.828915662650605,11.312048192771085,0.25773195876288657,1014.2193548387098,1.9871794871794874,,0.00045348995,1.1257988,0.7750729,19.430603,14.830353,4.5532026,6.329111,5.192873529858586,5.249569298928253,
2024-06-05,21.150602409638555,10.795180722891567,29.463917525773194,1010.3193548387098,3.0205128205128204,,0.0003268237,2.298537,0.98581886,19.852234,13.429474,4.9748335,4.928232,5.514560276846536,4.732701829048735,
2024-06-06,21.026506024096385,9.837349397590362,5.103092783505154,1016.3774193548387,2.2435897435897436,,0.00016863995,1.4590693,-0.4002162,19.144073,13.457275,4.266673,4.9560337,5.390463891304366,3.77487050374753,
2024-06-07,20.622891566265064,9.273493975903614,0.041237113402061855,1017.2000000000002,2.11025641025641,,0.00031063982,0.8420071,-0.61592036,19.009735,12.782715,4.1323347,4.281473,4.986849433473045,3.211015082060782,
2024-06-08,25.689156626506023,8.148192771084338,0.061855670103092786,1011.5354838709678,3.020512820512821,,4.4303033e-05,1.31838,1.2103254,23.74942,13.068665,8.87202,4.567423,10.053114493714004,2.0857138772415054,
2024-06-09,21.167469879518073,9.449397590361446,0.0,1008.2290322580644,3.312820512820513,,3.9702027e-06,2.5799778,-0.2933355,19.903595,13.177002,5.0261946,4.6757603,5.531427746726054,3.386918696518614,
2024-06-10,19.834939759036146,8.325301204819278,17.412371134020617,1006.2774193548387,2.484615384615385,,0.00016548946,1.367571,-0.279193,18.497253,11.055481,3.619853,2.5542393,4.198897626244127,2.2628223109764454,
2024-06-11,17.697590361445783,8.714457831325301,3.7628865979381443,1009.0322580645161,4.910256410256411,,0.0006540807,4.5355062,1.2404429,17.370483,11.420654,2.493083,2.9194126,2.0615482286537645,2.651978937482469,
2024-06-12,18.42530120481928,7.097590361445784,9.45360824742268,1016.1774193548387,3.238461538461539,,0.00026974178,3.1310205,0.70692474,17.540344,11.068665,2.6629438,2.5674229,2.789259072027262,1.0351114676029516,
2024-06-13,18.867469879518072,7.740963855421687,0.7525773195876289,1017.3096774193549,2.4153846153846152,,0.00020422884,1.5961331,-0.11814425,17.654785,10.961426,2.7773848,2.460184,3.2314277467260535,1.6784849615788549,
2024-06-14,20.365060240963857,8.28433734939759,6.381443298969073,1013.3387096774194,2.817948717948718,,0.0002590842,-1.1847739,2.7108212,19.903656,9.699127,5.0262556,1.1978855,4.729018108171838,2.2218584555547585,
2024-06-15,22.206024096385548,10.557831325301205,37.76288659793814,1006.9999999999999,3.4692307692307702,,0.002568134,0.5824672,2.3150315,21.17569,15.01651,6.2982893,6.5152683,6.569981963593529,4.495352431458373,
2024-06-16,24.565060240963856,9.463855421686747,1.3402061855670102,1009.6645161290323,2.438461538461538,,0.00020950648,0.7105391,2.3495739,23.182129,12.009827,8.3047285,3.508585,8.929018108171837,3.4013765278439143,
2024-06-17,24.65180722891567,13.202409638554217,20.061855670103093,1011.9806451612905,2.4076923076923076,,0.0014129636,1.4299564,1.6056207,23.897644,15.359772,9.020244,6.85853,9.01576509612365,7.139930744711385,
2024-06-18,27.083132530120483,12.40843373493976,108.63917525773196,1014.1548387096775,1.9205128205128204,,0.002081575,0.33857474,0.6516959,26.094177,15.776428,11.216777,7.2751865,11.447090397328465,6.345954841096927,
2024-06-19,19.066265060240966,11.227710843373496,20.52577319587629,1014.7483870967743,2.6820512820512823,,0.001141392,1.4393629,-1.1869931,18.758118,15.800934,3.8807173,7.299692,3.4302229274489466,5.165231949530663,
2024-06-20,22.920481927710846,9.396385542168677,0.061855670103092786,1021.6935483870969,1.7974358974358977,,5.5398297e-05,0.058591206,0.06470045,22.17694,12.38858,7.2995405,3.8873386,7.284439794918827,3.3339066483258444,
2024-06-21,27.015662650602412,14.531325301204818,83.18556701030928,1013.8870967741937,2.2333333333333334,,0.002831135,-1.5302471,0.59929997,26.660889,16.131012,11.783488,7.6297703,11.379620517810393,8.468846407361987,
2024-06-22,23.290361445783134,14.072289156626505,40.93814432989691,1009.5709677419355,4.15897435897436,,0.0042434647,3.9933116,0.46001434,22.045807,17.958984,7.1684065,9.457743,7.654319312991115,8.009810262783674,
2024-06-23,23.319277108433738,12.738554216867472,0.0,1016.6612903225806,3.27948717948718,,0.0002398158,2.7821217,-1.3638903,21.407135,15.984528,6.5297346,7.483286,7.683234975641719,6.67607532302464,
2024-06-24,25.255421686746992,11.521686746987953,0.0,1020.141935483871,1.7128205128205127,,9.035898e-06,-0.26162466,-1.0300623,23.05069,15.586334,8.173289,7.0850925,9.619379553954973,5.459207853145121,
2024-06-25,26.96506024096386,12.796385542168673,0.0,1018.5709677419355,2.7282051282051287,,1.0748291e-06,-2.884515,0.094935894,25.62616,16.215637,10.748759,7.7143955,11.329018108171843,6.733906648325841,
2024-06-26,31.10843373493976,15.82409638554217,1.2989690721649485,1013.241935483871,2.8871794871794876,,1.2844388e-06,-2.7974293,-0.304172,29.423584,18.62378,14.546184,10.122538,15.47239160214774,9.761617491699337,
2024-06-27,31.363855421686743,18.662650602409638,41.44329896907217,1009.1709677419354,2.338461538461539,,0.0017408347,-0.9132836,0.8040795,28.033691,21.133545,13.156291,12.632303,15.727813288894724,12.600171708566805,
2024-06-28,28.75180722891566,14.36867469879518,24.855670103092784,1011.5129032258066,3.1394736842105266,,0.002867719,2.4813511,0.13332798,26.814453,20.825745,11.937053,12.324503,13.11576509612364,8.306195804952349,
2024-06-29,29.819277108433734,12.380722891566267,81.18556701030928,1015.9193548387096,2.176315789473685,,0.00042720916,-1.4928479,-0.2646747,29.308807,16.312012,14.431407,7.81077,14.183234975641716,6.318243997723434,
2024-06-30,26.675903614457837,16.796385542168675,48.95876288659794,1005.0967741935484,3.75,,0.0034609295,1.7111402,0.88329935,26.998535,19.641998,12.121135,11.140757,11.039861481665818,10.733906648325842,
2024-07-01,20.674698795180724,13.106024096385545,85.81443298969072,1010.6800000000001,2.7000000000000006,,0.0021696913,2.4407704,-0.28258583,20.77887,17.185486,5.901469,8.684244,5.038656662388705,7.043545202542712,
2024-07-02,18.22409638554217,12.497590361445786,17.77319587628866,1010.7966666666667,3.8837837837837843,,0.0010957731,3.940632,0.2556677,16.675323,14.3125,1.7979231,5.8112583,2.5880542527501493,6.435111467602954,
2024-07-03,18.351807228915664,11.910843373493977,2.752577319587629,1008.7233333333334,3.0837837837837836,,0.00065207854,2.8147898,0.28015518,18.006104,13.354492,3.128703,4.8532505,2.7157650961236453,5.848364479651145,
2024-07-04,19.86987951807229,10.842168674698796,39.7319587628866,1006.7100000000002,3.3552631578947367,,0.0025942952,2.3135931,1.853531,18.37439,12.965881,3.4969893,4.4646397,4.233837385280269,4.779689780855963,
2024-07-05,21.91204819277109,9.607228915662652,0.09278350515463918,1010.15,3.555263157894737,,0.0003290975,2.6796906,1.7350502,20.515076,12.59137,5.6376753,4.090128,6.2760060599790695,3.5447500218198202,
2024-07-06,30.931325301204822,13.073493975903613,47.76288659793814,1005.1833333333335,3.962162162162161,,0.00059649436,0.73508286,3.217344,29.230255,15.020813,14.352855,6.5195713,15.295283168412803,7.011015082060781,
2024-07-07,22.913253012048195,11.812048192771085,0.0,1012.3733333333332,3.2486486486486488,,7.8684214e-05,2.1594455,1.1359745,22.405273,15.892731,7.527873,7.391489,7.277210879256176,5.749569298928253,
2024-07-08,26.540963855421687,10.59277108433735,0.0,1017.5666666666668,2.010810810810811,,5.9863346e-08,0.5195781,0.28754845,24.83258,15.270172,9.95518,6.7689304,10.904921722629668,4.530292190494518,
2024-07-09,31.39156626506024,15.797590361445783,0.0,1018.1766666666665,2.5243243243243243,,3.5768997e-07,-2.4391737,1.0578002,29.85852,18.303772,14.98112,9.80253,15.755524132268222,9.735111467602952,
2024-07-10,30.301204819277114,18.892771084337348,108.05154639175258,1014.3600000000001,2.4736842105263164,,0.004730053,0.029726664,0.24224524,29.322296,23.167389,14.444896,14.666147,14.665162686485095,12.830292190494514,
2024-07-11,26.815662650602412,17.621686746987955,31.298969072164947,1015.8000000000001,2.021621621621622,,0.0008513988,1.1103474,-0.3674055,25.752197,19.165527,10.874797,10.664286,11.179620517810394,11.559207853145121,
2024-07-12,25.744578313253015,16.521686746987953,134.28865979381445,1012.3766666666667,2.589473684210527,,0.0016360711,-2.6141472,0.9763877,26.905365,18.164124,12.027965,9.662882,10.108536180460996,10.45920785314512,
2024-07-13,22.697590361445783,13.014457831325302,2.3195876288659796,1010.6033333333334,3.357894736842105,,0.0008636759,3.2920225,0.39077643,23.086853,15.345123,8.209453,6.8438816,7.0615482286537645,6.95197893748247,
2024-07-14,25.169879518072293,11.618072289156625,3.618556701030928,1013.57,1.986842105263158,,0.00013774441,0.93044347,0.762063,24.77478,17.446045,9.89738,8.944803,9.533837385280274,5.555593395313793,
2024-07-15,29.16867469879518,13.642168674698798,9.402061855670103,1012.94,1.9189189189189189,,9.763489e-06,0.18560833,0.20233904,28.667084,17.641602,13.789683,9.14036,13.53263256600316,7.579689780855966,
2024-07-16,27.874698795180727,15.969879518072291,30.762886597938145,1010.69,2.889189189189189,,0.002278371,1.1850747,0.798326,27.03012,20.620514,12.15272,12.119272,12.238656662388708,9.90740062422946,
2024-07-17,24.512048192771083,13.892771084337348,1.6082474226804124,1017.6533333333334,3.667567567567568,,0.00025074123,3.2407434,0.7912038,24.154358,18.504211,9.2769575,10.00297,8.876006059979064,7.830292190494515,
2024-07-18,26.377108433734943,12.719277108433735,0.0,1023.1333333333334,1.8250000000000002,,6.765926e-06,0.6704152,-0.8951225,25.532104,17.351929,10.654704,8.850687,10.741066300942924,6.656798214590903,
2024-07-19,28.961445783132532,13.367469879518072,0.0,1020.9733333333334,1.5657894736842106,,1.3252305e-06,-1.4870167,-0.21769427,28.234467,17.16455,13.357066,8.663309,13.325403650340514,7.30499098567524,
2024-07-20,30.309638554216864,15.69277108433735,0.0,1013.5366666666667,2.2473684210526317,,4.8302144e-07,-2.299604,0.10700577,29.270477,19.985992,14.393077,11.484751,14.673596421424845,9.630292190494519,
2024-07-21,32.49879518072289,16.40963855421687,23.556701030927837,1008.3500000000001,2.3026315789473686,,2.9923198e-05,-1.3906803,0.5198171,31.410461,20.88321,16.533062,12.381968,16.862753047930866,10.347159660374036,
2024-07-22,24.490361445783133,13.76987951807229,5.711340206185567,1012.2633333333335,3.4552631578947373,,0.00064420135,3.5062668,-0.8653431,23.959717,21.158691,9.082316,12.65745,8.854319312991114,7.707400624229458,
2024-07-23,28.0,12.091566265060242,73.57731958762886,1016.5966666666668,2.2447368421052634,,0.0011430752,1.1918439,1.2435088,26.600067,16.7984,11.722667,8.297159,12.363957867207981,6.02908737121741,
2024-07-24,23.381927710843375,13.63132530120482,6.247422680412371,1015.74,3.3947368421052637,,0.0011093867,2.733982,-1.5529939,22.824036,17.413818,7.9466352,8.912577,7.745885578051356,7.568846407361987,
2024-07-25,23.625301204819277,11.236144578313253,0.05154639175257732,1015.6933333333334,2.055263157894737,,4.8905622e-05,1.2117304,-0.6658778,22.643036,15.458069,7.7656355,6.956827,7.989259072027258,5.1736656844704205,
2024-07-26,24.422891566265065,12.60120481927711,33.628865979381445,1012.1100000000002,2.044736842105264,,0.0012280752,-0.11810621,1.8595039,23.387024,15.635803,8.509624,7.1345615,8.786849433473046,6.538725925434277,
2024-07-27,23.249397590361447,16.014457831325302,196.9278350515464,1014.1866666666666,1.510526315789474,,0.0030461175,-0.46103838,-0.30351806,23.811584,18.645996,8.934184,10.144754,7.613355457569428,9.951978937482469,
2024-07-28,23.228915662650603,13.772289156626504,11.855670103092784,1018.75,3.8736842105263163,,0.025868854,2.292554,-2.1037905,22.191284,16.349365,7.313884,7.8481236,7.5928735298585845,7.709810262783672,
2024-07-29,24.03975903614458,11.56987951807229,0.0,1023.9133333333333,2.8473684210526318,,0.0012224347,1.6735204,-1.77565,22.883087,15.573364,8.005687,7.0721226,8.403716903352562,5.507400624229457,
2024-07-30,28.163855421686748,10.12289156626506,0.0,1019.39,1.5473684210526317,,5.892578e-07,-0.60941595,0.42033848,26.122162,15.305664,11.244761,6.8044224,12.527813288894729,4.0604126724222285,
2024-07-31,29.583132530120487,13.849397590361447,0.8247422680412371,1014.3533333333334,1.6236842105263158,,6.4700015e-07,-0.2106245,-0.15334447,28.545563,17.611572,13.668162,9.110331,13.947090397328468,7.786918696518614,
2024-08-01,28.21807228915663,15.636144578313255,37.385416666666664,1012.1266666666668,1.952631578947368,,1.0379042e-06,-1.8551812,-1.1936647,26.022217,19.467773,11.144816,10.966532,12.582030156364612,9.573665684470424,
2024-08-02,22.27590361445783,15.43012048192771,19.989690721649485,1010.6866666666667,2.1894736842105265,,0.00044411825,-0.37500954,-1.6333071,21.91571,17.748444,7.03831,9.247202,6.639861481665813,9.36764158808488,
2024-08-03,25.868674698795186,13.580722891566266,73.09278350515464,1011.0600000000001,1.6473684210526316,,3.3385506e-05,0.5538203,-0.51190597,24.425934,16.679108,9.548533,8.177866,10.232632566003167,7.518243997723434,
2024-08-04,24.26506024096386,15.524096385542169,53.635416666666664,1010.9300000000001,2.955555555555556,,0.007433941,2.249482,-0.12013588,22.56372,18.141357,7.6863203,9.640116,8.62901810817184,9.461617491699336,
2024-08-05,23.457831325301203,12.72289156626506,0.0,1014.64,2.655555555555556,,0.0005277313,1.9517387,-1.199822,21.851685,15.930481,6.974284,7.4292393,7.8217891925091845,6.660412672422228,
2024-08-06,26.328915662650605,11.287951807228916,0.0,1014.42,1.6736842105263157,,3.7454429e-06,-1.21986,0.7250133,24.174072,18.336487,9.296672,9.835245,10.692873529858586,5.225472913386084,
2024-08-07,29.660240963855426,14.090361445783133,28.45360824742268,1011.3066666666667,2.0973684210526318,,9.920086e-06,-0.6750904,0.8955438,28.308899,17.717285,13.431499,9.216043,14.024198831063407,8.027882551940301,
2024-08-08,24.20843373493976,14.254216867469879,0.13402061855670103,1014.3933333333334,2.6763157894736844,,0.0001288951,2.3975992,-0.7913785,23.58966,18.704102,8.71226,10.20286,8.572391602147741,8.191737973627045,
2024-08-09,25.106024096385543,13.242168674698794,22.587628865979383,1014.8233333333335,3.1052631578947376,,0.0006273827,2.219227,2.002432,24.681458,16.460693,9.804057,7.9594517,9.469981963593524,7.179689780855962,
2024-08-10,26.540963855421687,14.449397590361444,0.12371134020618557,1018.08,3.0368421052631582,,0.000103036815,2.6839883,0.24340726,24.820557,17.386871,9.943156,8.88563,10.904921722629668,8.386918696518613,
2024-08-11,25.94216867469879,13.651807228915661,0.0,1020.5766666666665,2.6789473684210527,,6.1324106e-05,1.6288872,-1.1050798,24.969788,18.10846,10.092387,9.607218,10.306126541906773,7.589328335072829,
2024-08-12,27.89879518072289,11.210843373493978,0.0,1016.9533333333334,1.6421052631578945,,3.4001769e-06,-1.0131186,-0.49031365,26.557526,15.9661255,11.680125,7.464884,12.26275304793087,5.148364479651145,
2024-08-13,30.677108433734944,13.604819277108437,0.0,1013.6866666666667,2.9638888888888895,,3.5762785e-08,-3.0107315,0.50218195,29.573181,17.49585,14.695781,8.994608,15.041066300942925,7.542340383265604,
2024-08-14,32.348192771084335,16.849397590361445,24.257731958762886,1011.7964285714286,2.988235294117647,,0.00039131832,-2.4574053,1.1122375,31.705017,20.458313,16.827618,11.957071,16.712150638292314,10.786918696518612,
2024-08-15,28.686746987951814,17.283132530120483,2.8350515463917527,1014.2066666666667,2.2705882352941176,,0.00038049216,1.7983761,-0.022960557,27.872925,21.154846,12.995524,12.6536045,13.050704855159795,11.22065363627765,
2024-08-16,30.115662650602413,16.050602409638554,3.0618556701030926,1014.6466666666668,2.8000000000000003,,0.00014587918,1.7596245,0.7241544,28.932281,19.813873,14.054881,11.312632,14.479620517810394,9.98812351579572,
2024-08-17,27.931325301204822,16.73734939759036,14.876288659793815,1012.3633333333333,2.033333333333333,,0.0021189086,0.31295457,-0.98474485,28.071228,20.669067,13.193828,12.167826,12.295283168412803,10.674870503747528,
2024-08-18,24.02409638554217,16.195180722891568,23.814432989690722,1009.9366666666667,2.747222222222223,,0.0006317554,0.0004940008,-2.4297335,25.857086,18.650208,10.979686,10.148966,8.38805425275015,10.132701829048735,
2024-08-19,23.559036144578315,12.255421686746988,0.05154639175257732,1016.3066666666667,2.5638888888888887,,7.694509e-05,0.5703377,-2.1000667,22.620056,17.36612,7.7426558,8.864878,7.922994011786296,6.192942792904156,
2024-08-20,27.24578313253013,10.667469879518071,8.88659793814433,1014.9066666666666,2.15,,4.2624422e-05,-1.3469654,1.6878985,27.277008,16.829712,12.399608,8.32847,11.60974099973811,4.604990985675239,
2024-08-21,23.357831325301202,12.260240963855424,1.2061855670103092,1011.08,4.594736842105263,,0.0034261458,3.547185,0.16639517,22.336273,19.401428,7.458873,10.900187,7.721789192509183,6.197762070012591,
2024-08-22,24.06144578313253,12.040963855421689,0.0,1013.4866666666669,2.813888888888889,,0.00022317875,2.1089463,1.9668986,23.64505,15.41803,8.76765,6.916788,8.425403650340511,5.9784849615788564,
2024-08-23,30.180722891566266,15.008433734939759,0.2268041237113402,1008.7733333333333,4.189473684210527,,2.5486324e-05,2.1505642,2.7705908,29.186981,17.738342,14.309581,9.237101,14.544680758774247,8.945954841096928,
2024-08-24,32.41566265060241,15.291566265060242,2.134020618556701,1011.4899999999999,3.305263157894737,,8.059735e-05,-0.33341917,3.1948955,31.414917,20.642334,16.537518,12.141092,16.779620517810386,9.22908737121741,
2024-08-25,25.784337349397596,12.13132530120482,0.18556701030927836,1015.1833333333333,3.847368421052632,,9.766188e-06,3.118656,0.10191751,25.011719,20.78537,10.134318,12.284128,10.148295216605577,6.068846407361987,
2024-08-26,25.60120481927711,9.414457831325302,0.0,1022.6766666666666,1.5842105263157893,,1.7285297e-06,-0.08866925,0.4537122,24.885315,17.134064,10.007915,8.632822,9.965162686485092,3.3519789374824702,
2024-08-27,27.096385542168676,9.840963855421686,0.0,1023.74,2.031578947368421,,9.613319e-08,-1.6833777,0.7358696,26.164917,16.854279,11.287517,8.353037,11.460343409376657,3.7784849615788536,
2024-08-28,30.63614457831325,13.034939759036146,0.0,1020.2633333333334,2.928947368421053,,6.0796725e-07,-2.8775327,1.2145972,29.69696,17.641998,14.81956,9.140757,15.00010244552123,6.972460865193313,
2024-08-29,34.20722891566265,18.00722891566265,0.7010309278350515,1016.4300000000001,2.0921052631578942,,4.974504e-07,0.07883326,1.244156,33.043945,22.5289,18.166546,14.027658,18.571186782870626,11.944750021819818,
2024-08-30,28.032530120481926,15.508433734939759,28.175257731958762,1019.1166666666667,3.2,,0.0006270897,0.4239786,-2.5918896,26.070496,21.619293,11.193095,13.118052,12.396487987689907,9.445954841096928,
2024-08-31,23.689156626506026,13.804819277108436,0.010309278350515464,1024.72,2.5921052631578942,,0.0030484286,-1.6338457,-1.8950173,22.196808,16.040955,7.3194075,7.539713,8.053114493714007,7.742340383265604,
2024-09-01,25.495180722891572,12.484337349397588,0.0,1021.7566666666667,2.818421052631579,,0.00012798088,-2.8028214,-0.9196648,24.376099,15.596313,9.498698,7.095072,9.859138590099553,6.421858455554756,
2024-09-02,27.551807228915663,11.097590361445786,0.0,1016.2399999999999,2.3894736842105266,,6.077189e-07,-2.4528797,-0.49577737,25.926483,15.195984,11.049083,6.694742,11.915765096123645,5.035111467602953,
2024-09-03,32.47951807228916,15.848192771084339,3.8969072164948453,1014.9000000000001,2.23421052631579,,2.484516e-05,-1.912859,0.78657794,30.845337,19.418152,15.9679365,10.91691,16.84347593949714,9.785713877241506,
2024-09-04,33.818072289156625,17.743373493975902,0.26804123711340205,1014.5033333333333,3.1368421052631574,,2.7656042e-06,-3.2153637,0.9213137,32.55902,20.87622,17.681622,12.374979,18.182030156364604,11.680894600133069,
2024-09-05,31.515662650602412,18.36265060240964,0.0,1014.9,4.794736842105263,,3.3186122e-08,-5.0016437,-0.05974661,30.341827,22.212402,15.464427,13.711161,15.879620517810393,12.300171708566808,
2024-09-06,29.927710843373493,16.004819277108435,0.0,1015.1466666666668,3.8684210526315796,,0.0,-3.9096954,0.26867253,28.915161,20.877502,14.037761,12.376261,14.291668710581474,9.942340383265602,
2024-09-07,31.4277108433735,13.995180722891565,0.0,1014.1400000000002,2.642105263157895,,0.0,-2.5020866,1.226636,30.374756,18.9729,15.497355,10.471659,15.791668710581481,7.9327018290487326,
2024-09-08,32.23975903614458,17.014457831325306,49.824742268041234,1009.3633333333335,2.7526315789473683,,0.0001596609,-2.19404,1.7001438,30.528687,21.904083,15.651286,13.402842,16.603716903352556,10.951978937482473,
2024-09-09,22.65301204819277,14.79397590361446,106.62886597938144,1001.4300000000001,3.5289473684210524,,0.0078083347,2.2038271,0.22719277,24.144348,17.508911,9.266948,9.007669,7.016969915400752,8.731497009771626,
2024-09-10,19.28674698795181,13.561445783132532,14.360824742268042,1007.44,3.736842105263158,,0.00087639876,2.9928305,1.0533766,19.517487,15.429993,4.640086,6.928751,3.6507048551597894,7.4989668892897,
2024-09-11,16.68192771084337,9.586746987951807,12.793814432989691,1004.19,3.7057142857142855,,0.00083592,2.3629317,2.3946779,16.708618,15.151611,1.8312178,6.6503696,1.0458855780513527,3.524268094108975,
2024-09-12,16.06867469879518,6.993975903614458,0.6185567010309279,1011.8633333333335,1.9243243243243249,,7.702798e-05,1.3353378,0.069828466,15.748505,10.407532,0.87110424,1.90629,0.43263256600316247,0.9314970097716255,
2024-09-13,14.542168674698795,7.381927710843374,67.04123711340206,1017.6366666666668,3.568421052631579,,0.0021416105,1.1425985,-3.372983,14.177795,9.768372,-0.699605,1.2671299,-1.0938734580932241,1.3194488170005414,
2024-09-14,17.748192771084337,9.568674698795181,0.15463917525773196,1022.5233333333333,5.802631578947368,,0.0002872016,1.8286047,-5.2718167,16.961609,11.608093,2.0842085,3.1068516,2.1121506382923183,3.506195804952349,
2024-09-15,18.002409638554216,8.465060240963856,51.58762886597938,1022.3900000000001,4.760526315789474,,0.0006625007,1.293214,-4.539598,17.442505,10.941223,2.5651045,2.4399815,2.366367505762197,2.402581347121024,
2024-09-16,17.9855421686747,12.328915662650603,23.288659793814432,1020.44,4.315789473684211,,0.002870741,0.18867259,-4.4347086,19.5318,13.268402,4.654399,4.7671604,2.3495000358826825,6.266436768807771,
2024-09-17,24.13132530120482,14.522891566265061,0.020618556701030927,1026.1833333333334,3.5789473684210527,,0.00015973166,-1.7461891,-2.9051368,24.114716,14.230225,9.237315,5.728983,8.495283168412803,8.46041267242223,
2024-09-18,24.801204819277107,13.787951807228916,0.5876288659793815,1029.1966666666667,3.005263157894737,,9.582585e-07,-2.121846,-2.1945333,24.71936,14.716888,9.84196,6.2156467,9.165162686485088,7.725472913386084,
2024-09-19,23.901204819277112,13.434939759036146,0.27835051546391754,1027.1833333333332,3.2394736842105263,,5.0961764e-05,-2.9451058,-1.2522907,23.542511,14.983215,8.665111,6.4819736,8.265162686485093,7.372460865193314,
2024-09-20,23.813253012048193,10.863855421686747,0.0,1026.5200000000002,3.3864864864864868,,5.353691e-06,-3.5021715,-0.05336535,22.26538,14.028961,7.3879805,5.5277195,8.177210879256174,4.801376527843915,
2024-09-21,24.119277108433735,8.403614457831326,0.0,1024.1241379310345,2.610810810810811,,4.4889737e-07,-2.6816432,0.40550542,22.717743,11.836945,7.8403425,3.335703,8.483234975641716,2.3411355639884937,
2024-09-22,24.75421686746988,8.186746987951807,0.0,1017.9413793103448,1.9108108108108113,,1.6254681e-07,-1.971413,0.7114835,23.052216,11.462341,8.174815,2.9610996,9.11817473467786,2.1242680941089747,
2024-09-23,25.083132530120487,8.785542168674699,29.391752577319586,1010.248275862069,1.4378378378378378,,4.1130025e-07,-0.8011411,1.006848,23.680206,12.039368,8.802806,3.538126,9.447090397328468,2.7230632748318664,
2024-09-24,18.218072289156627,11.303614457831326,101.98969072164948,1004.8233333333334,2.5567567567567564,,0.0043733157,1.2134928,1.7673517,17.506378,13.625427,2.6289778,5.1241856,2.582030156364608,5.241135563988494,
2024-09-25,18.903614457831324,12.671084337349399,38.371134020618555,1005.18,3.521052631578947,,0.0016443924,1.5895585,2.8500566,17.83191,13.879791,2.9545088,5.3785496,3.267572325039305,6.608605443506566,
2024-09-26,19.096385542168676,13.298795180722895,22.927835051546392,996.7933333333334,4.321052631578948,,0.003803028,0.92456836,4.194858,19.62976,14.567017,4.7523603,6.065775,3.460343409376657,7.236316286880062,
2024-09-27,19.809638554216868,12.489156626506023,15.88659793814433,997.1666666666667,5.931578947368421,,0.0012416462,4.045571,4.2359986,19.530487,14.514374,4.6530867,6.013132,4.173596421424849,6.426677732663191,
2024-09-28,15.84698795180723,6.518072289156627,4.371134020618556,1010.7733333333334,5.110526315789475,,0.00015785302,4.6162868,-0.16021961,15.278137,11.570068,0.4007368,3.0688267,0.2109458190152118,0.4555933953137945,
2024-09-29,15.059036144578315,4.118072289156626,0.010309278350515464,1026.7833333333335,2.3342105263157893,,2.813462e-05,1.0792545,-0.52652806,14.166443,7.3371277,-0.7109575,-1.164114,-0.5770059882137044,-1.9444066046862059,
2024-09-30,15.796385542168677,4.443373493975905,19.7319587628866,1022.9033333333334,4.021052631578947,,2.5114368e-06,-3.7309692,1.9134136,15.242004,8.905518,0.364604,0.4042759,0.16034340937665803,-1.6191053998669274,
2024-10-01,12.791566265060242,7.673493975903615,78.8659793814433,1012.5633333333333,3.742105263157895,,0.0068542506,-3.2906716,1.3153101,12.510193,9.295227,-2.3672075,0.79398537,-2.844475867731777,1.6110150820607831,
2024-10-02,11.396385542168675,8.120481927710845,39.34020618556701,1010.34,2.926315789473685,,0.0035702845,-1.5635525,-2.1280372,11.308868,8.849915,-3.568532,0.34867287,-4.239656590623344,2.0580030338680126,
2024-10-03,13.281927710843375,9.181927710843373,12.855670103092784,1014.9633333333333,3.5289473684210524,,0.00080950744,0.50783795,-3.4984245,13.470306,9.263916,-1.407094,0.76267433,-2.354114421948644,3.119448817000541,
2024-10-04,14.385542168674698,8.142168674698796,7.257731958762887,1018.8966666666669,3.1368421052631583,,0.00033857735,-1.0490546,-3.369716,14.2482605,10.245789,-0.6291399,1.7445469,-1.2504999641173207,2.079689780855964,
2024-10-05,13.473493975903617,6.471084337349398,1.1134020618556701,1019.7166666666667,1.9000000000000001,,0.00022626157,-1.2127174,-1.5934159,13.676544,8.602295,-1.2008562,0.10105324,-2.162548156888402,0.40860544350656536,
2024-10-06,12.333734939759038,5.226506024096386,0.061855670103092786,1014.3566666666668,1.831578947368421,,4.915478e-05,-1.4275359,0.7567902,12.577942,8.842499,-2.2994585,0.3412571,-3.3023071930329806,-0.8359728697464464,
2024-10-07,16.47831325301205,5.7614457831325305,5.402061855670103,1007.3700000000001,2.68421052631579,,0.0006472873,-1.1315356,2.1708395,16.11444,8.186401,1.2370405,-0.31484032,0.8422711202200315,-0.3010331107103017,
2024-10-08,21.244578313253015,11.220481927710845,98.1340206185567,1003.3566666666667,2.3131578947368423,,0.0028584285,-0.682678,1.3473431,19.417908,11.999176,4.5405073,3.4979343,5.608536180460996,5.158003033868012,
2024-10-09,19.46506024096386,12.889156626506026,23.5979381443299,996.9566666666668,3.3131578947368423,,0.0016717197,0.11665026,2.7274148,19.848755,12.74115,4.9713545,4.239908,3.8290181081718426,6.826677732663193,
2024-10-10,18.70120481927711,8.151807228915665,15.123711340206185,991.2766666666668,5.326315789473685,,0.0019701913,2.709715,2.055421,18.450623,13.191132,3.5732222,4.68989,3.06516268648509,2.0893283350728327,
2024-10-11,13.472289156626507,3.3120481927710848,0.5051546391752577,1012.4300000000001,3.0263157894736836,,0.0001866471,2.708318,-0.06569269,12.776215,7.797882,-2.1011858,-0.7033596,-2.1637529761655117,-2.7504307010717475,
2024-10-12,13.827710843373492,1.2566265060240964,32.865979381443296,1018.18,3.086842105263158,,3.9727325e-05,-1.3982614,2.743436,13.513611,3.3986816,-1.3637896,-5.10256,-1.8083312894185273,-4.805852387818736,
2024-10-13,12.255421686746987,7.8493975903614475,8.731958762886597,1006.9633333333334,6.244736842105262,,0.00326005,4.905786,1.4013807,12.089233,9.680695,-2.788167,1.1794529,-3.3806204460450324,1.7869186965186152,
2024-10-14,12.306024096385544,5.216867469879519,0.422680412371134,1017.33,3.384210526315789,,0.00029197443,2.9995587,-0.05391557,12.315613,7.364746,-2.5617876,-1.1364956,-3.330018036406475,-0.8456114239633132,
2024-10-15,12.873493975903614,2.081927710843374,0.010309278350515464,1023.9266666666667,1.668421052631579,,2.1289545e-05,-0.09509129,-0.5122529,11.129486,5.753174,-3.7479143,-2.7480679,-2.762548156888405,-3.9805511829994584,
2024-10-16,14.804819277108436,3.166265060240964,0.0,1023.7966666666667,4.434210526315791,,2.6959094e-07,-4.071018,2.0280802,13.91156,6.395294,-0.96584034,-2.1059475,-0.831222855683583,-2.8962138336018683,
2024-10-17,16.825301204819276,7.026506024096386,0.0,1018.1000000000001,3.8078947368421057,,8.89143e-08,-2.7475605,2.760976,16.582855,8.954163,1.7054548,0.4529209,1.189259072027257,0.9640271302535535,
2024-10-18,17.434939759036144,7.165060240963856,0.0,1017.0466666666667,2.4315789473684215,,2.8411543e-07,-2.3288689,1.6755842,16.669159,9.785431,1.7917585,1.2841892,1.7988976262441252,1.1025813471210242,
2024-10-19,18.42168674698795,8.769879518072289,0.0,1017.59,3.005263157894737,,4.923582e-06,-1.0293125,2.6265588,17.81009,10.259338,2.9326887,1.7580967,2.785644614195933,2.7074006242294564,
2024-10-20,17.73012048192771,9.473493975903615,1.577319587628866,1022.2566666666667,2.6526315789473682,,0.00011429383,-0.7390757,2.4077036,16.141876,11.209595,1.2644758,2.708353,2.0940783491356907,3.411015082060783,
2024-10-21,18.85542168674699,13.04698795180723,3.948453608247423,1023.4266666666666,2.802631578947369,,0.0021188736,0.7163542,2.1936872,16.748383,13.635986,1.8709822,5.1347446,3.2193795539549708,6.984509057964398,
2024-10-22,16.93855421686747,6.7216867469879515,0.18556701030927836,1024.8133333333333,3.21578947368421,,0.00014192639,1.8658448,0.8131195,16.205933,10.999817,1.3285322,2.4985752,1.3025120840754507,0.6592078531451193,
2024-10-23,15.379518072289157,3.883132530120483,0.010309278350515464,1034.6066666666668,1.7157894736842105,,2.7207492e-05,1.319294,0.5612137,14.110046,7.699341,-0.767354,-0.80190086,-0.25652406050286203,-2.1793463637223494,
2024-10-24,15.666265060240963,2.451807228915663,0.0,1031.446666666667,2.471052631578948,,1.2035055e-05,-2.515207,1.1500689,14.621643,7.8065186,-0.25575733,-0.6947231,0.030222927448944503,-3.6106716649271693,
2024-10-25,17.633734939759037,5.518072289156627,0.0,1022.3066666666667,2.1131578947368417,,8.127217e-07,-0.5736374,1.965691,16.333069,8.455994,1.4556684,-0.04524803,1.9976928069670183,-0.5444066046862055,
2024-10-26,18.33132530120482,5.573493975903615,0.07216494845360824,1021.0,1.5473684210526315,,1.8492689e-07,-0.82643825,1.0098915,16.362427,7.2504883,1.4850264,-1.2507534,2.695283168412802,-0.4889849179392174,
2024-10-27,15.68313253012048,5.780722891566266,0.7628865979381443,1019.12,2.6837837837837837,,2.317441e-07,1.3799099,1.0869982,16.033508,8.715881,1.1561079,0.21463966,0.047090397328460654,-0.28175600227656616,
2024-10-28,16.021686746987953,6.983132530120481,6.463917525773196,1023.796551724138,2.454054054054054,,0.00018780101,1.6251587,1.5478058,15.424469,9.274933,0.5470686,0.7736912,0.3856446141959342,0.920653636277649,
2024-10-29,15.502409638554214,11.159036144578314,4.22680412371134,1023.8500000000001,2.6729729729729725,,0.00066371897,2.1654286,0.95507026,14.046936,12.552307,-0.83046436,4.0510654,-0.13363249423780488,5.096557250735482,
2024-10-30,15.248192771084339,10.36867469879518,2.2989690721649483,1024.88,3.0368421052631582,,8.543251e-05,2.8671513,-0.42443362,14.613861,12.765747,-0.2635393,4.2645054,-0.3878493617076799,4.306195804952348,
2024-10-31,13.553012048192771,7.865060240963855,0.041237113402061855,1026.0034482758622,3.5868421052631576,,2.1476828e-05,3.245752,0.50142366,14.0651245,9.541321,-0.8122759,1.0400791,-2.0830300845992475,1.8025813471210226,
2024-11-01,12.655421686746989,8.806024096385544,5.88659793814433,1020.7655172413795,4.957894736842106,,7.423589e-05,4.42711,0.45577848,13.616974,10.472778,-1.2604265,1.9715366,-2.9806204460450303,2.7435452025427116,
2024-11-02,10.871084337349396,-0.17710843373493979,0.12371134020618557,1029.2310344827588,2.3868421052631588,,0.0001265917,0.31911004,-1.3550023,12.068848,7.410431,-2.8085527,-1.0908108,-4.764957795442623,-6.239587327577772,
2024-11-03,10.055421686746989,-1.6289156626506023,0.711340206185567,1031.4133333333334,2.1,,8.377613e-06,1.59316,0.72157604,9.545105,2.5559082,-5.3322954,-5.9453335,-5.58062044604503,-7.691394556493434,
2024-11-04,10.353012048192774,4.397590361445783,2.185567010309278,1030.3733333333334,1.683783783783784,,0.00030591825,0.6818564,0.29482904,9.933289,6.6666565,-4.944112,-1.8345852,-5.283030084599245,-1.6648885323970495,
2024-11-05,9.537349397590363,3.1337349397590364,0.2268041237113402,1028.1206896551726,2.0513513513513515,,3.5255085e-05,-1.603288,1.1819493,9.588287,6.6179504,-5.289113,-1.8832912,-6.098692735201656,-2.928743954083796,
2024-11-06,5.872289156626507,3.002409638554217,2.247422680412371,1030.3482758620687,1.2459459459459459,,1.2926379e-05,-0.059613477,0.19058418,7.291748,4.188843,-7.5856524,-4.312399,-9.763752976165513,-3.060069255288615,
2024-11-07,5.889156626506025,4.281927710843373,1.1237113402061856,1034.79,1.3405405405405408,,0.0003543944,-0.3608104,-0.2822028,6.3035583,5.000305,-8.573842,-3.5009365,-9.746885506285995,-1.7805511829994591,
2024-11-08,6.140963855421687,3.790361445783133,0.1134020618556701,1033.496551724138,3.1702702702702705,,0.00014530805,-2.9664822,0.6385125,6.935852,4.8125,-7.9415483,-3.6887417,-9.495078277370332,-2.2721174480596993,
2024-11-09,5.936144578313254,1.0385542168674702,0.020618556701030927,1029.91,3.0243243243243243,,1.7423985e-05,-2.414088,0.7199362,7.904907,2.3477478,-6.972493,-6.153494,-9.699897554478765,-5.023924676975362,
2024-11-10,2.1819277108433734,0.43373493975903615,0.17525773195876287,1029.3133333333333,1.7621621621621621,,1.5132955e-06,-0.70669204,0.5720882,3.125061,-0.58984375,-11.752339,-9.091085,-13.454114421948645,-5.628743954083796,
2024-11-11,6.0530120481927705,1.7120481927710847,3.7422680412371134,1028.3,1.8837837837837839,,0.0001360759,-0.8640296,0.98167896,6.9415894,2.4396973,-7.935811,-6.0615444,-9.583030084599248,-4.350430701071748,
2024-11-12,5.643373493975904,3.2132530120481935,2.6597938144329896,1031.8966666666668,1.7702702702702706,,9.5560856e-05,-0.9327473,-0.86317205,4.889038,3.4804688,-9.988362,-5.020773,-9.992668638816115,-2.8492258817946388,
2024-11-13,7.957831325301205,2.2530120481927716,5.11340206185567,1029.4666666666667,1.9540540540540543,,0.0007482004,1.5759138,-0.63405395,7.6331787,4.0939636,-7.2442217,-4.407278,-7.678210807490814,-3.8094668456500607,
2024-11-14,8.762650602409638,2.8397590361445784,7.041237113402062,1022.8666666666667,3.297368421052632,,0.00048293266,2.438689,0.45253965,8.981812,3.0098877,-5.895589,-5.491354,-6.873391530382381,-3.222719857698254,
2024-11-15,9.234939759036145,4.839759036144579,0.36082474226804123,1023.7366666666668,3.365789473684211,,0.000119807744,2.9807785,0.26093546,8.866638,4.6408386,-6.010762,-3.860403,-6.401102373755874,-1.2227198576982534,
2024-11-16,7.922891566265062,6.124096385542169,13.731958762886597,1017.83,4.5736842105263165,,5.8427668e-05,3.1805668,2.0669124,7.710907,5.299408,-7.1664934,-3.2018337,-7.713150566526957,0.06161749169933639,
2024-11-17,7.427710843373494,4.304819277108433,24.412371134020617,1006.1133333333335,5.381578947368421,,0.002941,4.326996,1.9452553,7.477997,5.3965454,-7.3994036,-3.1046963,-8.208331289418524,-1.757659616734399,
2024-11-18,6.398795180722891,1.459036144578313,3.4536082474226806,1005.5433333333334,5.276315789473684,,0.0002997737,4.6079836,1.4363977,5.5249023,4.1054077,-9.352498,-4.395834,-9.237246952069128,-4.603442749264519,
2024-11-19,8.700000000000001,0.47349397590361453,140.9278350515464,996.1766666666667,4.231578947368421,,0.008214482,1.7021103,1.7660164,9.323303,2.5599976,-5.554097,-5.941244,-6.936042132792018,-5.588984917939218,
2024-11-20,3.8795180722891565,0.8289156626506026,25.02061855670103,993.65,4.726315789473684,,0.00150917,3.721325,0.023048216,3.1423035,1.0146484,-11.735097,-7.4865932,-11.756524060502862,-5.23356323119223,
2024-11-21,3.1855421686746994,-1.4566265060240964,2.2783505154639174,996.2633333333332,4.113157894736841,,0.00029376373,2.9749253,1.8008523,3.0944214,0.40734863,-11.782979,-8.093893,-12.45049996411732,-7.519105399866929,
2024-11-22,3.091566265060241,-1.2337349397590363,5.484536082474227,997.0966666666668,4.081578947368421,,0.0011896207,3.2106793,1.4398226,2.9903564,-0.34698486,-11.887044,-8.848227,-12.544475867731778,-7.296213833601868,
2024-11-23,5.04578313253012,-0.9891566265060243,74.14432989690722,1015.5666666666667,4.571052631578947,,9.757516e-05,2.679243,1.8977051,4.3345337,-0.26766968,-10.542867,-8.768911,-10.590259000261899,-7.0516355203488565,
2024-11-24,12.636144578313255,2.8012048192771086,18.072164948453608,1012.0799999999999,4.85263157894737,,0.010119662,1.8291565,3.9539273,12.042358,4.340149,-2.835042,-4.1610928,-2.999897554478764,-3.2612740745657236,
2024-11-25,14.450602409638556,9.103614457831325,13.030927835051546,1009.6600000000001,4.681578947368421,,0.00052501145,0.9655507,4.205706,14.420471,11.246857,-0.4569292,2.745615,-1.185439723153463,3.041135563988493,
2024-11-26,11.261445783132531,5.133734939759036,5.742268041237113,1015.3900000000001,2.955263157894737,,0.00057803927,2.254745,1.223503,11.623474,6.665283,-3.2539263,-1.8359585,-4.3745963496594875,-0.9287439540837958,
2024-11-27,9.406024096385543,3.036144578313253,63.5360824742268,1019.3399999999999,3.4894736842105263,,0.0006381531,0.51224655,2.7305853,8.172058,4.5755005,-6.7053423,-3.9257412,-6.2300180364064754,-3.026334315529579,
2024-11-28,9.304819277108434,4.9879518072289155,50.350515463917525,1010.5166666666667,6.594736842105262,,0.0045545306,4.658386,0.11996297,9.137665,5.732483,-5.7397356,-2.7687588,-6.331222855683585,-1.0745270866139167,
2024-11-29,5.984337349397591,2.1963855421686747,0.1958762886597938,1031.5133333333333,2.5236842105263158,,0.00034053964,1.2462553,-1.3201009,5.754608,3.4721375,-9.122792,-5.029104,-9.651704783394429,-3.8660933516741576,
2024-11-30,5.9554216867469885,-1.6096385542168676,0.030927835051546393,1033.3066666666668,2.6789473684210527,,3.003882e-05,-0.6627893,2.3279667,4.9154663,1.5890503,-9.961934,-6.9121914,-9.68062044604503,-7.6721174480597,
2024-12-01,5.14698795180723,-3.0000000000000004,0.061855670103092786,1025.96,2.5815789473684214,,2.4217888e-06,-0.39411482,2.4350815,3.1203308,-2.1150818,-11.75707,-10.616323,-10.48905418098479,-9.062478893842833,
2024-12-02,6.698795180722891,-1.3397590361445786,3.020618556701031,1016.15,3.194736842105263,,2.9029039e-05,1.0215868,2.6830928,5.4716187,-0.5085144,-9.405782,-9.009756,-8.937246952069128,-7.402237929987411,
2024-12-03,7.921686746987952,3.566265060240964,22.835051546391753,1014.1033333333332,2.8105263157894735,,0.00039622173,1.6170563,1.4124285,6.6429443,3.70755,-8.234456,-4.7936916,-7.714355385804067,-2.4962138336018684,
2024-12-04,5.026506024096386,3.014457831325301,19.38144329896907,1021.2966666666667,2.6473684210526316,,0.0007591578,2.0918224,0.7370774,4.9953613,3.6497498,-9.882039,-4.851492,-10.609536108695632,-3.048021062517531,
2024-12-05,4.9385542168674705,1.119277108433735,52.28865979381443,1022.2366666666666,3.5289473684210533,,0.0007189938,0.99912804,2.2452056,4.137146,1.9293823,-10.740254,-6.5718594,-10.697487915924548,-4.943201785409097,
2024-12-06,6.877108433734939,2.4975903614457833,52.68041237113402,1004.1433333333333,3.7815789473684216,,0.008383747,0.33361796,2.1525755,6.9969788,2.9152527,-7.8804216,-5.585989,-8.75893369905708,-3.564888532397049,
2024-12-07,6.314457831325303,3.8879518072289154,36.21649484536083,1006.3266666666666,3.5368421052631573,,0.0014313463,-0.08138376,2.4146376,6.081848,5.0018616,-8.795552,-3.49938,-9.321584301466716,-2.174527086613917,
2024-12-08,5.183132530120482,2.687951807228916,23.09278350515464,1010.0633333333334,3.181578947368421,,0.0011383937,-2.4046636,-0.81377244,4.5545654,3.915039,-10.322835,-4.5862026,-10.452909602671536,-3.374527086613916,
2024-12-09,4.6493975903614455,2.0542168674698793,11.711340206185566,1023.5366666666669,4.05,,0.0010651547,-2.2378798,-2.509497,4.116211,2.7269897,-10.761189,-5.774252,-10.986644542430573,-4.008262026372953,
2024-12-10,4.0192771084337355,1.9301204819277107,1.2268041237113403,1030.2933333333333,3.4342105263157894,,0.0002945956,-2.2740123,-1.5368274,2.8650513,1.7087402,-12.012349,-6.7925014,-11.616765024358283,-4.1323584119151215,
2024-12-11,3.0530120481927714,1.191566265060241,0.07216494845360824,1030.493333333333,1.8342105263157895,,7.4189804e-05,0.6856191,-1.1486806,3.1535034,1.6259766,-11.723897,-6.875265,-12.583030084599248,-4.870912628782591,
2024-12-12,2.280722891566265,0.3024096385542169,0.31958762886597936,1031.9133333333332,1.247368421052632,,9.542727e-05,0.21635747,-0.26904315,2.3927002,0.8223877,-12.4847,-7.678854,-13.355319241225754,-5.760069255288616,
2024-12-13,2.4036144578313254,-1.5867469879518075,0.0,1032.0533333333335,2.5447368421052636,,3.896657e-05,-1.432117,1.2806735,3.2563782,-0.04071045,-11.621022,-8.541952,-13.232427674960693,-7.6492258817946395,
2024-12-14,3.2879518072289162,-2.0698795180722893,10.597938144329897,1017.3600000000001,4.221052631578947,,0.0003872436,3.0375488,1.2008636,2.5620422,-1.8604736,-12.315358,-10.361715,-12.348090325563103,-8.13235841191512,
2024-12-15,8.624096385542169,3.0301204819277108,19.24742268041237,1017.5966666666668,6.155263157894738,,0.0013047667,5.242711,0.64534754,8.035431,2.9273682,-6.8419695,-5.5738735,-7.01194574724985,-3.0323584119151215,
2024-12-16,11.090361445783135,8.060240963855422,7.144329896907217,1020.4133333333335,7.878947368421055,,0.00053136173,6.819391,1.0135803,10.149963,8.3229065,-4.727437,-0.17833519,-4.545680687008884,1.9977620700125902,
2024-12-17,9.920481927710844,7.253012048192771,0.23711340206185566,1022.8433333333335,5.842105263157896,,6.719961e-05,5.039156,0.5905161,9.310547,8.188263,-5.5668535,-0.31297874,-5.715560205081175,1.1905331543499384,
2024-12-18,11.89277108433735,5.443373493975904,2.3402061855670104,1014.9633333333335,4.8,,0.00033125666,2.671243,3.1416855,11.082886,4.862671,-3.7945147,-3.6385708,-3.7432710484546696,-0.6191053998669283,
2024-12-19,13.296385542168677,5.38433734939759,28.79381443298969,998.7566666666667,5.955263157894738,,0.0015702881,3.4810295,2.9184551,12.3377075,8.186157,-2.5396929,-0.31508446,-2.339656590623342,-0.6781415444452419,
2024-12-20,6.492771084337351,2.3289156626506027,0.5154639175257731,1009.56,6.147368421052632,,0.00026934448,5.265651,0.048407167,6.1037903,4.4595947,-8.77361,-4.041647,-9.143271048454668,-3.7335632311922295,
2024-12-21,6.696385542168674,1.8012048192771084,24.783505154639176,1013.0166666666669,5.350000000000001,,0.00022545275,3.0256836,3.4574964,6.28714,3.225586,-8.5902605,-5.2756557,-8.939656590623345,-4.261274074565724,
2024-12-22,7.212048192771085,2.921686746987952,24.927835051546392,996.4466666666667,4.510526315789474,,0.0056232587,3.1729422,1.9481668,6.960724,2.9197388,-7.9166765,-5.581503,-8.423993940020935,-3.14079214685488,
2024-12-23,5.17710843373494,1.9385542168674699,17.329896907216494,1004.5233333333333,4.855263157894737,,0.0012874388,3.5472562,1.1372112,4.508362,1.0629883,-10.369039,-7.4382534,-10.458933699057079,-4.123924676975363,
2024-12-24,4.720481927710844,0.27951807228915665,1.1237113402061856,1022.3586206896553,2.8868421052631574,,0.00031878124,2.3981678,-0.41639623,4.8637085,1.4541626,-10.013692,-7.047079,-10.915560205081174,-5.782960821553676,
2024-12-25,5.945783132530122,-0.063855421686747,2.4329896907216493,1033.9333333333334,2.3605263157894742,,2.1651425e-05,0.7942551,1.8408189,5.0144043,0.85046387,-9.862996,-7.650778,-9.690259000261896,-6.126334315529579,
2024-12-26,6.161445783132531,3.136144578313253,3.185567010309278,1037.6766666666667,1.75,,0.00027646832,0.36275992,1.0752445,6.0688477,5.0215454,-8.808553,-3.4796963,-9.474596349659489,-2.926334315529579,
2024-12-27,3.3855421686746987,-0.5578313253012048,0.29896907216494845,1036.1333333333334,1.4289473684210527,,0.00016831882,-0.2351833,0.7473597,5.401428,4.363556,-9.475972,-4.137686,-12.25049996411732,-6.620310219144037,
2024-12-28,0.7228915662650603,-2.846987951807229,0.08247422680412371,1030.9333333333334,1.4842105263157894,,2.1898835e-05,0.44446078,0.84498376,2.1836243,0.17364502,-12.693776,-8.327597,-14.913150566526959,-8.909466845650062,
2024-12-29,2.519277108433735,-3.8506024096385545,0.6185567010309279,1026.7900000000002,3.1,,0.00010278874,2.502838,0.8851382,1.1338501,-1.774292,-13.74355,-10.275534,-13.116765024358283,-9.913081303481388,
2024-12-30,3.151807228915663,-0.0493975903614458,0.05154639175257732,1025.9633333333334,5.044736842105263,,0.0002675677,3.5510702,2.1000862,3.410553,1.1636963,-11.466847,-7.3375454,-12.484234903876356,-6.111876484204278,
2024-12-31,4.320481927710843,-0.6614457831325301,0.0,1023.69,4.273684210526317,,3.277627e-05,2.8484933,2.4451237,2.524231,1.0661621,-12.353169,-7.4350796,-11.315560205081177,-6.723924676975362,
2025-01-01,8.402439024390244,1.569512195121951,13.711340206185566,1011.6766666666667,7.694736842105264,,2.0233021e-05,5.0803432,4.4516416,7.089813,1.295044,-7.787587,-7.2061977,-7.233603108401775,-4.492966698720881,
2025-01-02,7.897560975609758,0.8353658536585366,3.7216494845360826,1006.3666666666668,5.292105263157895,,0.0022048142,4.4034743,0.57216233,6.686615,1.6779785,-8.190785,-6.823263,-7.738481157182261,-5.227113040184296,
2025-01-03,3.3182926829268293,-1.5975609756097562,15.061855670103093,1010.0433333333334,6.081578947368421,,0.0009235328,5.078601,0.37796745,2.406128,-0.016296387,-12.471272,-8.517538,-12.31774944986519,-7.660039869452588,
2025-01-04,0.5658536585365854,-2.803658536585366,0.07216494845360824,1017.4206896551724,3.6783783783783783,,8.715175e-05,2.632655,1.2972087,1.0632935,-1.9285278,-13.814107,-10.4297695,-15.070188474255433,-8.866137430428198,
2025-01-05,2.341463414634146,-3.3560975609756105,115.54639175257732,1007.3965517241379,3.5513513513513506,,0.0015943525,-1.7204432,2.2733743,1.9832458,-0.95440674,-12.894155,-9.455648,-13.294578718157872,-9.418576454818442,
2025-01-06,11.737804878048781,1.9585365853658536,10.515463917525773,990.9033333333334,5.073684210526316,,0.0044540116,2.2608998,4.0654387,10.131836,3.979309,-4.7455645,-4.5219326,-3.898237254743238,-4.103942308476979,
2025-01-07,8.371951219512194,1.0963414634146342,18.02061855670103,997.6366666666668,5.310526315789474,,0.0010785908,3.06868,3.3518505,6.780487,2.364502,-8.096913,-6.1367397,-7.264090913279825,-4.966137430428198,
2025-01-08,4.420731707317073,-0.6000000000000001,18.804123711340207,1001.5966666666666,4.336842105263158,,0.00022206693,2.9495437,2.2973835,3.8712769,0.9306946,-11.006124,-7.570547,-11.215310425474946,-6.662478893842833,
2025-01-09,2.9109756097560977,-0.28170731707317076,107.45360824742268,998.5433333333335,3.1684210526315795,,0.007094354,0.05340399,-1.4487711,1.5656738,-0.117004395,-13.311727,-8.618246,-12.72506652303592,-6.344186210916003,
2025-01-10,1.8560975609756096,0.30487804878048785,22.36082474226804,1009.4000000000001,5.107894736842105,,0.0030547588,4.072534,-0.17877217,1.0141296,-0.04663086,-13.863271,-8.547873,-13.77994457181641,-5.757600845062345,
2025-01-11,1.5158536585365856,-0.5646341463414635,5.505154639175258,1015.8766666666667,6.542105263157895,,0.0015953028,4.628022,-2.3004315,0.4998474,-0.5204468,-14.377553,-9.021688,-14.120188474255434,-6.6271130401842955,
2025-01-12,1.5390243902439027,-1.828048780487805,0.061855670103092786,1030.8000000000002,4.03157894736842,,0.00021697914,1.6995498,-2.5765343,0.23556519,-1.2906494,-14.641835,-9.791891,-14.097017742548116,-7.890527674330637,
2025-01-13,0.5890243902439026,-4.647560975609756,0.0,1041.8566666666668,2.3526315789473684,,5.058971e-06,1.5844418,0.79240865,-1.0772095,-6.236267,-15.95461,-14.737509,-15.047017742548116,-10.710039869452588,
2025-01-14,2.8243902439024393,-4.117073170731707,15.742268041237113,1032.2033333333334,3.918421052631579,,0.00017420291,3.0559647,1.197884,2.0096436,-6.150757,-12.867757,-14.6519985,-12.81165188888958,-10.17955206457454,
2025-01-15,5.098780487804878,1.8902439024390243,1.9484536082474226,1029.1066666666666,2.8973684210526316,,0.00019631797,2.0381498,-1.0912312,4.064392,2.1610107,-10.813008,-6.340231,-10.53726164498714,-4.172234991403808,
2025-01-16,3.542682926829269,1.1146341463414635,0.05154639175257732,1036.7,3.0105263157894733,,0.00024376146,1.9215555,0.8966628,2.7583923,1.8688965,-12.119008,-6.632345,-12.09335920596275,-4.947844747501369,
2025-01-17,1.7634146341463415,-1.9012195121951223,0.010309278350515464,1038.0733333333333,2.5631578947368427,,1.9212937e-05,1.3920854,1.0317984,2.8858032,-0.2263794,-11.991597,-8.727621,-13.872627498645677,-7.963698406037954,
2025-01-18,-0.13658536585365852,-3.3536585365853657,0.010309278350515464,1034.5633333333335,1.4184210526315792,,8.792017e-06,0.038156297,0.049227834,-0.74554443,-2.0761108,-15.622945,-10.577353,-15.772627498645678,-9.416137430428197,
2025-01-19,5.059756097560976,-4.020731707317074,0.0,1027.2666666666667,1.9763157894736845,,1.02152835e-05,-2.0411174,0.70270246,4.540161,-2.7566528,-10.337239,-11.2578945,-10.576286035231043,-10.083210601159905,
2025-01-20,5.2439024390243905,-2.841463414634146,0.0,1019.8833333333333,2.2783783783783784,,1.0597934e-06,-0.23280996,1.6712986,4.8572083,-0.20715332,-10.020192,-8.708395,-10.392139693767628,-8.903942308476978,
2025-01-21,-0.4231707317073171,-3.1439024390243904,0.0,1018.6733333333334,2.102702702702703,,1.0895398e-05,0.32392332,0.76892704,1.2934265,-2.1903076,-13.583974,-10.691549,-16.059212864499337,-9.206381332867222,
2025-01-22,3.3182926829268293,-3.7939024390243907,3.2577319587628866,1013.1533333333334,2.710810810810811,,1.5117986e-06,-1.6483264,1.9154471,3.791687,-3.2893066,-11.085713,-11.790548,-12.31774944986519,-9.856381332867223,
2025-01-23,4.745121951219512,-0.008536585365853671,36.76288659793814,1003.95,4.505555555555556,,0.002796881,1.2988743,2.5936024,4.267456,-0.12988281,-10.609944,-8.6311245,-10.890920181572508,-6.071015479208686,
2025-01-24,7.821951219512196,1.9853658536585368,18.31958762886598,1008.2633333333334,4.237837837837836,,0.0005475252,1.1390728,3.5163977,6.9137573,0.90115356,-7.963643,-7.600088,-7.814090913279823,-4.077113040184296,
2025-01-25,13.68536585365854,5.324390243902439,43.0,1006.1133333333332,3.754054054054054,,0.00046647844,1.4679791,2.4542828,11.949829,6.6509094,-2.9275713,-1.8503323,-1.9506762791334786,-0.7380886499403934,
2025-01-26,9.25,2.8329268292682923,9.34020618556701,1006.5600000000001,3.1486486486486487,,0.0032794809,0.9724143,1.4804095,10.105225,4.857971,-4.772176,-3.6432705,-6.386042132792019,-3.22955206457454,
2025-01-27,11.291463414634148,3.0792682926829267,19.195876288659793,999.2166666666668,4.391891891891893,,0.0018191097,-0.032371905,3.9693482,10.101715,4.0871887,-4.7756853,-4.414053,-4.344578718157871,-2.9832106011599056,
2025-01-28,8.501219512195123,3.7097560975609762,25.24742268041237,998.01,2.55,,0.0007139658,0.3855044,2.1351106,8.668457,5.1381226,-6.2089434,-3.3631191,-7.134822620596896,-2.352722796281856,
2025-01-29,9.402439024390244,3.181707317073171,10.587628865979381,1001.6399999999999,4.289473684210527,,0.0013563186,2.284403,2.80021,8.232117,4.1848145,-6.6452837,-4.316427,-6.233603108401775,-2.880771576769661,
2025-01-30,8.491463414634145,2.298780487804878,33.4639175257732,1013.6966666666667,2.6315789473684212,,0.0002728611,1.0066351,1.7554339,7.938263,2.5074463,-6.9391375,-5.9937954,-7.144578718157874,-3.763698406037954,
2025-01-31,5.996341463414635,1.6756097560975607,8.77319587628866,1023.1800000000001,4.247368421052631,,0.001718005,3.7469513,-0.42066002,5.290283,2.1251526,-9.587117,-6.376089,-9.639700669377383,-4.386869137745272,
2025-02-01,4.937804878048781,0.04390243902439022,1.6701030927835052,1032.0000000000002,1.9921052631578944,,0.00013555317,1.8571283,-0.40246582,4.8010254,1.6858215,-10.076375,-6.81542,-10.698237254743237,-6.018576454818442,
2025-02-02,4.567073170731708,-1.6121951219512194,0.13402061855670103,1027.9366666666667,1.368421052631579,,1.7327382e-05,0.8754506,-0.69762105,3.9155579,0.17233276,-10.961843,-8.328909,-11.06896896206031,-7.674674015794052,
2025-02-03,5.313414634146342,-4.267073170731708,0.0,1028.5966666666668,1.5052631578947366,,1.1242804e-06,-0.33113226,1.3774823,4.3356934,-1.548706,-10.541707,-10.049948,-10.322627498645677,-10.32955206457454,
2025-02-04,5.332926829268293,-4.909756097560976,0.030927835051546393,1028.8033333333333,1.9500000000000002,,8.1087144e-08,0.6886983,1.7185386,3.81839,-3.8093872,-11.0590105,-12.310629,-10.303115303523725,-10.972234991403809,
2025-02-05,3.1890243902439024,-3.9365853658536594,0.27835051546391754,1034.19,2.7184210526315784,,5.8330188e-05,2.0851004,0.5460817,3.7109985,-3.156372,-11.166402,-11.657614,-12.447017742548116,-9.999064259696492,
2025-02-06,4.443902439024391,1.598780487804878,0.05154639175257732,1041.5433333333333,2.4,,5.1892363e-05,-0.082859464,-1.2392565,4.6503906,1.5067139,-10.22701,-6.994528,-11.19213969376763,-4.463698406037954,
2025-02-07,3.789024390243903,0.4475609756097561,0.41237113402061853,1037.6233333333334,4.094736842105263,,0.000118594326,-3.4773853,-0.44644305,3.1445618,-0.5442505,-11.732839,-9.045492,-11.847017742548116,-5.614917918233076,
2025-02-08,5.20609756097561,-1.874390243902439,0.0,1030.1366666666668,3.8394736842105264,,1.8134422e-05,-3.0923302,0.54791766,5.713928,-0.1937561,-9.163472,-8.694998,-10.42994457181641,-7.936869137745271,
2025-02-09,3.902439024390244,-3.814634146341464,0.0,1031.3400000000001,2.513157894736842,,4.681448e-07,-1.9641428,-1.153211,3.7489014,-2.3695068,-11.128499,-10.8707485,-11.733603108401775,-9.877113040184296,
2025-02-10,3.315853658536586,-2.002439024390244,0.0,1032.0133333333333,3.5842105263157897,,7.1357925e-07,-3.158387,-0.8122366,3.6878052,-1.7364807,-11.189595,-10.237722,-12.320188474255433,-8.064917918233077,
2025-02-11,3.952439024390244,-3.8719512195121957,0.0,1029.7900000000002,4.813157894736841,,5.1545595e-07,-4.431023,0.5249327,2.7397156,-2.788269,-12.137685,-11.289511,-11.683603108401774,-9.934430113355027,
2025-02-12,-0.5463414634146341,-5.1780487804878055,5.268041237113402,1023.73,3.9631578947368435,,2.890014e-05,-3.0882435,-0.3965335,2.1815186,-3.6046143,-12.695882,-12.105856,-16.182383596206652,-11.240527674330638,
2025-02-13,-0.4451219512195122,-2.9902439024390244,43.103092783505154,1017.9666666666667,2.3815789473684212,,0.0030162844,-0.15057945,-1.6561418,-0.21707153,-2.3881226,-15.094472,-10.889364,-16.08116408401153,-9.052722796281856,
2025-02-14,1.6780487804878048,-1.8792682926829267,2.247422680412371,1024.1966666666667,2.555263157894737,,0.001431007,-0.44144082,-2.2013798,1.2012024,-3.6435547,-13.676198,-12.144796,-13.957993352304214,-7.941747186525759,
2025-02-15,1.2170731707317073,-5.048780487804878,2.3711340206185567,1025.88,1.523684210526316,,0.00017687271,0.9583351,-0.24593459,0.70010376,-3.111023,-14.177297,-11.612265,-14.418968962060312,-11.11125938164771,
2025-02-16,0.8158536585365854,-8.602439024390245,1.309278350515464,1024.9,1.905263157894737,,0.00030453203,-0.95156306,-0.98248774,-0.2715149,-6.10907,-15.148915,-14.6103115,-14.820188474255433,-14.664917918233076,
2025-02-17,0.37926829268292683,-11.397560975609757,0.0,1027.6466666666668,1.2105263157894737,,2.8542307e-05,-0.3929734,-0.77702314,-1.5370178,-6.41687,-16.414417,-14.918112,-15.256773840109092,-17.46003986945259,
2025-02-18,1.326829268292683,-12.195121951219512,0.0,1030.3033333333335,1.5763157894736843,,1.1518079e-06,1.3148026,-0.27397028,-0.017456055,-9.575806,-14.894856,-18.077047,-14.309212864499337,-18.257600845062345,
2025-02-19,2.9951219512195126,-11.313414634146342,0.0,1032.3966666666668,2.1921052631578952,,7.709281e-09,-1.6806141,0.924216,1.2476196,-9.546509,-13.629781,-18.04775,-12.640920181572506,-17.375893527989174,
2025-02-20,3.973170731707318,-7.614634146341465,0.5463917525773195,1028.9466666666667,3.554054054054054,,8.9448355e-07,-2.3990815,2.1707995,2.2375183,-7.786194,-12.639882,-16.287436,-11.6628714010847,-13.677113040184297,
2025-02-21,9.11829268292683,0.4963414634146342,0.0,1025.1433333333332,3.0473684210526324,,2.5094898e-06,-1.0566486,2.36354,8.888733,0.023925781,-5.9886675,-8.477316,-6.517749449865189,-5.566137430428198,
2025-02-22,11.012195121951219,0.6865853658536586,0.0,1020.9266666666667,3.7052631578947373,,1.5027408e-07,-1.1235666,2.9289093,9.500946,0.6567383,-5.3764544,-7.8445034,-4.6238470108408,-5.375893527989174,
2025-02-23,12.170731707317076,0.27195121951219514,0.041237113402061855,1025.5366666666666,2.6368421052631583,,9.1066555e-05,1.9979725,0.5529506,9.566101,2.8045044,-5.3112993,-5.6967373,-3.465310425474943,-5.790527674330637,
2025-02-24,14.769512195121953,-0.698780487804878,24.75257731958763,1023.4433333333333,3.194736842105263,,1.2603202e-05,-0.12326855,2.8979838,11.9496155,0.12844849,-2.927785,-8.372793,-0.8665299376700659,-6.76125938164771,
2025-02-25,12.487804878048781,4.826829268292684,16.577319587628867,1015.2366666666666,2.176315789473685,,0.0024949238,0.20839925,1.1108551,11.848938,6.407257,-3.0284624,-2.0939846,-3.148237254743238,-1.2356496255501481,
2025-02-26,8.78170731707317,4.153658536585366,31.175257731958762,1013.6800000000001,2.260526315789474,,0.001887741,-0.5595178,0.25757387,8.8316345,3.716858,-6.045766,-4.784384,-6.854334815718849,-1.9088203572574658,
2025-02-27,9.458536585365854,2.782926829268293,13.474226804123711,1016.5300000000001,2.36578947368421,,0.00043484056,1.1762727,1.4402132,8.956787,3.3268433,-5.9206133,-5.1743984,-6.177505547426165,-3.2795520645745393,
2025-02-28,6.143902439024391,0.4378048780487805,29.24742268041237,1020.8766666666667,2.781578947368422,,0.0011057301,1.857985,-1.0201727,4.5336,-0.36288452,-10.343801,-8.864126,-9.492139693767628,-5.624674015794052,
2025-03-01,6.8914634146341465,-0.4621951219512195,0.08247422680412371,1029.44,3.0157894736842112,,0.0005350182,1.546256,-2.210945,6.0756836,2.367035,-8.801717,-6.134207,-8.744578718157872,-6.5246740157940515,
2025-03-02,7.810975609756097,-0.45853658536585357,0.0,1032.7,3.3763157894736837,,4.9882714e-05,2.7884166,-0.21322167,6.9871216,0.94573975,-7.890279,-7.555502,-7.825066523035922,-6.521015479208685,
2025-03-03,10.349382716049384,-0.11975308641975307,0.0,1028.72,3.297368421052632,,3.585462e-06,2.8059168,0.37018958,9.034912,2.8222656,-5.8424883,-5.678976,-5.286659416742635,-6.182231980262586,
2025-03-04,12.466666666666667,-1.632098765432099,0.0,1025.76,2.88421052631579,,1.3965699e-07,2.4814932,0.8949744,10.242401,-1.2724609,-4.6349993,-9.773703,-3.169375466125352,-7.694577659274931,
2025-03-05,16.599999999999998,-0.8518518518518519,0.0,1023.2966666666669,3.418421052631579,,2.1755689e-07,2.28393,1.8623009,13.426819,-0.018676758,-1.4505816,-8.519918,0.9639578672079789,-6.914330745694684,
2025-03-06,17.27283950617284,-0.49382716049382724,0.0,1020.6200000000002,2.460526315789474,,1.8129741e-08,1.2836777,1.8029507,13.998871,-1.3526306,-0.87852955,-9.853872,1.636797373380821,-6.55630605433666,
2025-03-07,18.6679012345679,-0.3654320987654321,0.0,1019.8066666666668,1.7947368421052632,,0.0,-0.5539262,1.3798531,16.002136,-0.6326904,1.1247358,-9.133932,3.031859101775881,-6.427910992608265,
2025-03-08,17.444444444444443,-0.2765432098765433,0.0,1017.3733333333333,2.1526315789473687,,1.2126266e-06,-2.3444057,-0.58218384,15.400787,-0.40716553,0.52338696,-8.908407,1.808402311652424,-6.339022103719375,
2025-03-09,16.64567901234568,0.42716049382716054,0.0,1008.9200000000001,1.8236842105263165,,4.513289e-07,-1.5191399,-0.5530558,13.952545,1.4812927,-0.92485523,-7.019949,1.0096368795536623,-5.635318400015672,
2025-03-10,16.40740740740741,-0.5851851851851853,0.0,1000.9333333333335,1.831578947368421,,4.6199057e-07,1.2337317,-1.1772661,13.989441,1.1871338,-0.8879595,-7.314108,0.7713652746153894,-6.647664079028018,
2025-03-11,8.593827160493827,0.7839506172839507,0.711340206185567,1000.9633333333334,1.6500000000000001,,1.2487525e-06,0.54892945,0.16780663,10.079285,1.6607666,-4.7981157,-6.840475,-7.042214972298192,-5.278528276558881,
2025-03-12,7.344444444444446,2.075308641975309,27.7319587628866,999.7300000000001,1.8684210526315794,,0.0014179013,1.1775014,-0.20814379,8.150421,2.6334229,-6.7269793,-5.867819,-8.291597688347572,-3.987170251867523,
2025-03-13,7.801234567901235,-0.46419753086419757,0.38144329896907214,998.2633333333332,1.978947368421052,,0.0001420385,0.88400054,-1.0794064,7.3602905,0.43008423,-7.51711,-8.071157,-7.834807564890784,-6.52667642470703,
2025-03-14,8.166666666666666,0.43086419753086425,3.8969072164948453,1006.1599999999999,1.821052631578948,,0.0002581752,0.6930578,-0.73921293,7.8799133,-1.166565,-6.997487,-9.667807,-7.469375466125353,-5.631614696311968,
2025-03-15,8.480246913580247,-1.2271604938271607,1.0618556701030928,1018.5066666666667,2.5131578947368416,,0.00072465726,-1.955387,-1.0921681,7.75058,1.5721436,-7.1268206,-6.929098,-7.155795219211772,-7.289639387669993,
2025-03-16,9.296296296296296,-3.6962962962962966,1.9175257731958764,1019.83,2.768421052631579,,6.06071e-05,1.144215,-1.4767736,6.902252,-0.1927185,-7.975148,-8.69396,-6.339745836495723,-9.75877519013913,
2025-03-17,6.780246913580246,-4.201234567901236,0.0,1028.0966666666668,3.444736842105263,,4.9296403e-05,-1.5438324,-2.673803,5.17807,-0.6689453,-9.69933,-9.170187,-8.855795219211773,-10.263713461744068,
2025-03-18,9.058024691358025,-6.087654320987655,0.0,1031.9200000000003,2.047368421052632,,2.8343802e-06,1.5062793,0.75841856,6.8026123,-3.2845154,-8.074788,-11.785757,-6.578017441433994,-12.150133214830486,
2025-03-19,13.660975609756099,-5.424390243902439,0.0,1028.46,1.8421052631578945,,7.1028865e-08,-0.18890232,1.8610848,10.258484,-2.905487,-4.6189165,-11.406729,-1.9750665230359203,-11.486869137745272,
2025-03-20,17.571951219512197,-2.379268292682927,0.0,1024.2066666666667,1.892105263157895,,1.8129741e-08,0.18387532,1.5800728,13.595154,-2.1297607,-1.2822466,-10.631002,1.9359090867201783,-8.44174718652576,
2025-03-21,18.334146341463416,-0.41219512195121955,0.0,1021.2933333333333,2.515789473684211,,1.9675599e-07,-2.378441,0.50447696,15.78186,-0.46444702,0.90445995,-8.965689,2.6981042086713973,-6.474674015794052,
2025-03-22,15.550000000000002,4.528048780487806,0.0,1015.993103448276,5.424324324324324,,3.7917087e-07,-4.9204,-0.2627587,13.101685,4.081604,-1.7757158,-4.4196377,-0.08604213279201645,-1.5344301133550262,
2025-03-23,14.73048780487805,5.456097560975611,0.2268041237113402,1008.6,3.9628571428571435,,1.2108534e-06,-3.6394856,0.063199155,13.634949,5.3901978,-1.2424517,-3.111044,-0.9055543279139684,-0.6063813328672216,
2025-03-24,15.578048780487807,4.6658536585365855,3.0309278350515463,1011.69,1.4447368421052633,,0.0002195168,-0.55602247,-0.3578197,13.640869,5.6430664,-1.2365313,-2.8581753,-0.05799335230421221,-1.3966252353062467,
2025-03-25,13.306097560975612,3.413414634146341,2.8969072164948453,1016.89,2.676315789473685,,8.755541e-05,2.192742,0.1802405,13.210419,4.9002686,-1.6669817,-3.6009731,-2.329944571816407,-2.649064259696491,
2025-03-26,10.759756097560977,3.8975609756097565,2.422680412371134,1018.8966666666666,3.073684210526316,,0.00038509656,2.1812286,-0.9290862,9.5625305,6.1158447,-5.31487,-2.385397,-4.8762860352310415,-2.1649179182330758,
2025-03-27,10.282926829268293,0.448780487804878,0.010309278350515464,1021.7199999999999,2.289473684210526,,4.4904617e-05,1.2998266,-0.07558814,10.99469,2.5162354,-3.8827105,-5.9850063,-5.353115303523726,-5.613698406037955,
2025-03-28,16.541463414634148,-0.49390243902439024,0.010309278350515464,1014.8633333333333,2.3368421052631576,,2.652836e-06,-1.4716616,1.4951464,14.554474,1.4506226,-0.32292652,-7.050619,0.9054212818421288,-6.556381332867223,
2025-03-29,13.695121951219512,1.3414634146341464,0.030927835051546393,1012.7482758620691,3.3189189189189188,,2.6127634e-06,0.78350526,-2.209943,13.566559,3.5992737,-1.3108416,-4.901968,-1.9409201815725066,-4.721015479208686,
2025-03-30,10.006097560975611,-0.07073170731707314,69.03125,1011.4034482758619,4.135135135135136,,0.0024195223,3.315038,1.125283,9.797363,2.6063843,-5.080037,-5.8948574,-5.629944571816408,-6.133210601159905,
2025-03-31,9.508536585365855,4.219512195121952,8.855670103092784,1018.8033333333333,3.9684210526315793,,0.0010917048,1.3540152,-2.9163857,10.73999,5.6319885,-4.13741,-2.8692532,-6.127505547426164,-1.84296669872088,
2025-04-01,13.95421686746988,2.609638554216868,0.041237113402061855,1028.2766666666669,2.8973684210526316,,0.000101210666,-1.3013849,-2.2850533,12.172455,2.1305542,-2.7049456,-6.3706875,-1.6818252653221393,-3.4528403396259644,
2025-04-02,16.47831325301205,1.8710843373493977,0.0,1028.3433333333335,3.3342105263157897,,8.869338e-06,-2.1088917,-2.2057579,14.924713,3.2806091,0.047312737,-5.2206326,0.8422711202200315,-4.191394556493434,
2025-04-03,19.027710843373494,1.3433734939759037,0.0,1027.47,2.2078947368421056,,5.5507854e-07,-1.9330925,-1.0257603,16.750916,3.777771,1.8735151,-4.7234707,3.3916687105814756,-4.719105399866929,
2025-04-04,20.9421686746988,2.812048192771084,0.0,1021.8466666666667,1.7702702702702706,,7.1773925e-08,-0.004470401,-1.2152175,18.946106,6.5978394,4.0687056,-1.9034023,5.30612654190678,-3.2504307010717484,
2025-04-05,11.801204819277109,0.11686746987951808,0.0,1019.1413793103449,4.3108108108108105,,5.619608e-06,-1.2870083,-3.5227168,10.225098,4.502777,-4.6523027,-3.9984646,-3.8348373135149103,-5.945611423963314,
2025-04-06,8.595180722891568,-2.109638554216868,0.0,1026.3966666666668,3.4810810810810806,,6.459997e-05,-0.1709296,-2.9149063,6.6180115,0.65115356,-8.259389,-7.850088,-7.040861409900451,-8.1721174480597,
2025-04-07,12.873493975903614,1.5481927710843373,0.0,1024.8866666666668,3.3210526315789473,,6.573341e-05,1.6393067,-2.5272872,11.868042,3.4933472,-3.0093584,-5.0078945,-2.762548156888405,-4.514286122758495,
2025-04-08,13.614457831325302,1.227710843373494,0.010309278350515464,1027.14,1.8756756756756763,,1.3211206e-05,-0.7866486,-1.2573398,12.2560425,2.7910461,-2.621358,-5.7101955,-2.021584301466717,-4.834768050469338,
2025-04-09,14.912048192771085,2.981927710843374,0.0,1022.2800000000001,3.0552631578947373,,0.00010149732,1.7136803,-1.1531793,13.61731,6.099182,-1.2600908,-2.4020596,-0.7239939400209341,-3.080551182999458,
2025-04-10,14.420481927710844,4.0843373493975905,0.0,1023.0800000000002,4.097368421052632,,7.5896223e-06,2.881665,-1.3623961,13.908051,4.7557373,-0.96934986,-3.7455044,-1.2155602050811751,-1.9781415444452417,
2025-04-11,14.602409638554217,5.775903614457833,0.0,1016.0166666666667,4.973684210526317,,9.262672e-05,3.6527636,-1.8165122,12.958893,6.645691,-1.9185076,-1.8555508,-1.0336324942378017,-0.2865752793849996,
2025-04-12,18.696385542168677,5.807228915662651,0.010309278350515464,1014.4833333333333,2.0789473684210527,,6.0248014e-05,0.45845178,0.029871201,17.45288,9.64917,2.5754805,1.1479282,3.0603434093766584,-0.25524997818018136,
2025-04-13,22.614457831325304,5.581927710843374,0.9381443298969072,1006.3966666666668,3.471052631578948,,3.4137596e-05,0.707989,2.148256,21.600769,8.545105,6.7233686,0.043863297,6.978415698533285,-0.4805511829994584,
2025-04-14,21.036144578313255,8.0855421686747,1.134020618556701,1009.58,2.228947368421052,,0.00012082299,0.54198414,-0.08274762,19.120789,10.84082,4.243388,2.3395786,5.400102445521236,2.023063274831867,
2025-04-15,21.73373493975904,10.35542168674699,0.5670103092783505,1004.8766666666668,4.428947368421052,,5.0356324e-05,-3.6022367,1.4278874,21.019196,12.192993,6.141795,3.6917515,6.09769280696702,4.2929427929041575,
2025-04-16,25.386746987951813,10.139759036144579,0.0,1007.0233333333333,2.542105263157895,,8.078788e-06,-0.9365356,0.8403999,23.4245,13.353821,8.547099,4.852579,9.750704855159794,4.077280142301746,
2025-04-17,23.549397590361448,11.348192771084337,0.711340206185567,1006.5999999999999,3.2368421052631584,,1.0538892e-06,-1.479252,1.0969105,25.799194,15.718689,10.921794,7.2174473,7.913355457569429,5.285713877241505,
2025-04-18,13.81566265060241,8.579518072289156,106.73195876288659,1008.9033333333334,3.160526315789474,,0.00086966995,2.4629164,-0.030969175,14.785706,11.277618,-0.09169483,2.7763767,-1.8203794821896082,2.517039178446324,
2025-04-19,10.463855421686747,5.719277108433734,9.587628865979381,1009.8433333333335,2.526315789473685,,0.0018680334,1.8021461,1.3102056,9.84964,8.332581,-5.0277605,-0.16866112,-5.172186711105272,-0.3432017854090983,
2025-04-20,20.03373493975904,3.644578313253012,23.484536082474225,1007.3766666666667,1.7026315789473685,,0.0001131103,-0.3579326,0.9415694,18.861084,5.5684204,3.9836836,-2.9328213,4.3976928069670205,-2.41790058058982,
2025-04-21,18.65301204819277,7.573493975903616,10.103092783505154,1009.9633333333334,1.9138888888888888,,0.0024665275,1.0007738,1.0421413,18.482025,9.525391,3.6046247,1.024149,3.016969915400752,1.5110150820607835,
2025-04-22,18.449397590361446,6.73132530120482,9.597938144329897,1015.7266666666667,2.1026315789473684,,0.0019192424,1.6640626,0.5998478,18.01239,9.710907,3.1349897,1.2096653,2.8133554575694273,0.668846407361988,
2025-04-23,18.828915662650605,5.990361445783133,1.3917525773195876,1017.1433333333333,1.905263157894737,,0.00021570273,-0.86255264,-0.7806153,17.856659,9.463684,2.9792585,0.9624424,3.192873529858586,-0.07211744805969911,
2025-04-24,17.419277108433736,7.706024096385541,16.75257731958763,1015.77,3.223684210526316,,0.00010285024,-1.8290405,-2.909833,16.449066,10.709961,1.5716658,2.2087193,1.783234975641717,1.6435452025427084,
2025-04-25,16.628915662650602,5.573493975903615,0.041237113402061855,1019.6,3.5500000000000003,,2.1327594e-05,-1.7017838,-2.8742297,15.62323,8.176025,0.7458296,-0.3252163,0.9928735298585831,-0.4889849179392174,
2025-04-26,15.909638554216867,2.687951807228916,0.0,1025.6466666666668,3.1763157894736844,,3.940012e-07,-2.901467,-1.0004052,14.354767,7.136841,-0.52263355,-1.3644009,0.2735964214248483,-3.374527086613916,
2025-04-27,17.76385542168675,1.4506024096385544,0.0,1028.15,2.842105263157895,,5.9125205e-07,-2.730177,0.8446357,16.003357,6.457062,1.1259565,-2.04418,2.12781328889473,-4.611876484204278,
2025-04-28,21.18674698795181,1.6578313253012051,0.0,1026.6766666666667,1.5710526315789477,,7.873461e-07,-0.28991637,-0.09467295,19.219727,6.483032,4.342326,-2.0182095,5.5507048551597915,-4.404647568541627,
2025-04-29,22.212195121951222,4.269512195121951,0.0,1024.99,2.4837837837837844,,1.07009534e-07,1.6911315,-1.3426956,20.670319,8.477661,5.792918,-0.023580551,6.576152989159203,-1.792966698720881,
2025-04-30,22.87682926829269,6.642682926829269,0.0,1023.5793103448277,1.9837837837837835,,0.0,1.1539862,-1.3402114,21.417511,11.088318,6.5401106,2.5870762,7.240787135500669,0.5802040329864369,
2025-05-01,24.81341463414634,6.713414634146342,0.0,1021.2137931034483,1.6810810810810812,,7.119922e-07,-0.6642344,0.84394556,23.283478,11.052795,8.406077,2.5515537,9.177372501354322,0.6509357403035096,
2025-05-02,28.00487804878049,9.903658536585366,18.802083333333332,1013.6896551724138,3.3432432432432435,,8.355483e-05,1.9934492,0.53739524,26.098541,13.616974,11.221141,5.115732,12.368835915988472,3.841179642742534,
2025-05-03,17.345121951219515,9.61707317073171,57.239583333333336,1009.3689655172413,2.3864864864864863,,0.002232476,1.4498267,-0.66135323,18.109985,11.836365,3.232585,3.335123,1.7090798184274956,3.554594276888877,
2025-05-04,14.031707317073172,5.184146341463415,8.833333333333334,1007.9896551724138,4.435135135135135,,0.0005346029,3.4788353,-1.7992879,14.472107,9.590698,-0.40529346,1.0894566,-1.6043348157188468,-0.8783325523794172,
2025-05-05,13.963414634146345,1.5975609756097562,0.0,1017.1724137931035,2.8459459459459464,,2.707197e-05,-2.1229417,-2.141371,13.503418,6.45401,-1.3739824,-2.0472317,-1.6726274986456744,-4.464917918233076,
2025-05-06,16.307317073170733,-0.6158536585365854,0.0,1017.8862068965517,2.383783783783784,,6.2537555e-07,0.8391289,-1.6671005,15.581818,4.791992,0.7044172,-3.7092495,0.6712749403787139,-6.678332552379418,
2025-05-07,16.043902439024393,4.035365853658537,0.0,1020.2793103448276,3.018918918918919,,6.4377315e-07,-2.6118608,-1.74611,14.725128,8.010254,-0.15227222,-0.49098778,0.407860306232374,-2.027113040184295,
2025-05-08,15.88048780487805,1.8195121951219515,0.0,1019.9206896551724,2.0594594594594597,,0.00025198088,-1.5361935,-1.1672301,14.674866,7.8788757,-0.20253468,-0.62236595,0.24444567208603019,-4.242966698720881,
2025-05-09,19.126506024096386,1.5120481927710843,0.020618556701030927,1020.7033333333333,1.691891891891892,,4.7965645e-05,0.32359168,-0.45755598,16.865417,6.7296143,1.9880171,-1.7716274,3.4904638913043673,-4.550430701071748,
2025-05-10,18.714457831325305,6.259036144578313,0.061855670103092786,1020.6133333333332,2.844736842105263,,0.00027653648,0.48279,-2.0864258,16.131104,10.188477,1.2537031,1.6872349,3.078415698533286,0.1965572507354807,
2025-05-11,18.661445783132528,4.144578313253013,0.0,1019.9233333333334,2.692105263157895,,2.1767633e-05,-2.2089696,-1.1444278,17.617249,8.222961,2.7398481,-0.27828026,3.0254036503405093,-1.9179005805898193,
2025-05-12,18.38795180722892,2.708433734939759,0.0,1018.6966666666667,2.765789473684211,,8.403199e-07,-2.2200124,-0.6887157,17.616821,8.078125,2.739421,-0.42311668,2.7519096744369005,-3.354045158903073,
2025-05-13,20.70120481927711,2.36144578313253,0.0,1020.2366666666666,1.7729729729729733,,5.543231e-07,-0.5527575,-0.96734667,19.323792,7.5151367,4.446391,-0.98610497,5.06516268648509,-3.701033110710302,
2025-05-14,22.253012048192772,7.071084337349397,1.2474226804123711,1014.1200000000001,3.9157894736842103,,4.7089736e-07,2.9144213,-1.8508387,21.009766,10.395966,6.132365,1.8947239,6.6169699154007535,1.008605443506565,
2025-05-15,15.779518072289157,6.385542168674699,8.391752577319588,1014.4699999999999,4.5052631578947375,,0.0016828226,0.5573968,-4.1698704,13.909332,9.287964,-0.9680681,0.7867222,0.14347593949713833,0.3230632748318669,
2025-05-16,16.950602409638556,7.072289156626506,14.68041237113402,1015.7733333333332,3.8263157894736834,,0.0009713093,1.7302443,-2.6196854,15.327881,8.903809,0.45048046,0.4025669,1.314560276846537,1.0098102627836738,
2025-05-17,17.397590361445783,5.867469879518072,19.123711340206185,1012.6066666666667,4.010526315789474,,0.0019365457,2.0055664,-2.9804468,15.916931,11.052795,1.0395308,2.5515537,1.7615482286537638,-0.1950090143247598,
2025-05-18,15.681927710843372,5.545783132530121,22.443298969072163,1012.2900000000002,3.8868421052631574,,0.0011797453,2.3453224,-2.9591868,15.06131,7.4954224,0.18390942,-1.0058193,0.04588557805135274,-0.516695761312711,
2025-05-19,15.515662650602412,9.173493975903616,1.6185567010309279,1016.7866666666667,3.3552631578947367,,0.0002463621,1.4583696,-2.9597063,15.692993,11.049469,0.81559277,2.5482273,-0.12037948218960715,3.111015082060784,
2025-05-20,23.540963855421687,7.597590361445784,0.17525773195876287,1016.1766666666666,2.0842105263157897,,5.3949112e-05,1.9530088,0.35732827,21.5307,9.230774,6.6533003,0.72953224,7.904921722629668,1.5351114676029516,
2025-05-21,21.93855421686747,9.96987951807229,0.061855670103092786,1009.8100000000001,4.1342105263157904,,5.145441e-06,3.4468231,0.24726994,20.781067,14.116394,5.9036665,5.6151524,6.302512084075451,3.9074006242294574,
2025-05-22,16.29759036144578,4.114457831325301,2.9896907216494846,1008.8033333333333,4.902631578947369,,0.000105102314,4.203792,-0.31927788,15.30542,10.571045,0.42801952,2.0698032,0.6615482286537624,-1.9480210625175314,
2025-05-23,14.29397590361446,2.648192771084338,13.597938144329897,1013.2199999999999,3.4864864864864864,,0.0020045517,3.0249155,0.8881528,13.010193,7.4231567,-1.8672075,-1.078085,-1.3420662291775596,-3.414286122758494,
2025-05-24,18.431325301204822,4.378313253012049,7.144329896907217,1015.4517241379313,3.221621621621621,,0.00029491217,2.517168,1.4465863,16.993378,7.4283752,2.1159773,-1.0728664,2.795283168412803,-1.6841656408307832,
2025-05-25,16.616867469879523,9.191566265060242,52.25773195876289,1011.2482758620689,3.4108108108108106,,0.0018253125,1.1680506,3.052014,15.036896,11.742676,0.15949535,3.241434,0.980825337087504,3.12908737121741,
2025-05-26,21.168674698795183,9.608433734939759,1.9381443298969072,1013.7866666666667,2.8405405405405406,,0.0005853947,2.345239,-0.50140256,19.718018,13.073425,4.840617,4.5721836,5.532632566003164,3.5459548410969264,
2025-05-27,21.459036144578317,7.82289156626506,21.7319587628866,1016.8379310344827,3.381081081081082,,0.00019322983,1.998643,2.3322666,20.34668,10.361481,5.4692793,1.860239,5.822994011786298,1.7604126724222278,
2025-05-28,19.704819277108438,11.785542168674699,77.26041666666667,1011.0966666666668,3.975675675675676,,0.0068431613,3.021323,0.8859562,18.217102,14.432068,3.3397017,5.930826,4.068777144316419,5.723063274831866,
2025-05-29,19.487951807228917,10.389156626506026,19.63917525773196,1018.8600000000001,3.8684210526315788,,0.000534033,2.9740937,-0.88280255,17.921173,12.417908,3.0437727,3.916666,3.8519096744368984,4.326677732663193,
2025-05-30,24.813253012048193,12.914457831325302,0.09278350515463918,1017.64,3.6526315789473687,,0.0015079399,3.6631858,0.3379984,23.605164,14.293976,8.727763,5.792734,9.177210879256174,6.85197893748247,
2025-05-31,26.224096385542172,13.154216867469883,6.804123711340206,1017.8233333333334,1.989473684210526,,0.0003712296,0.56279093,-0.27319726,24.397339,15.377472,9.519938,6.8762302,10.588054252750153,7.09173797362705,
2025-06-01,26.3566265060241,14.097590361445782,33.0,1013.51,2.9052631578947374,,0.0006652318,1.2011217,1.4825748,26.6203,16.312317,11.7429,7.811075,10.72058437323208,8.035111467602949,
2025-06-02,22.857831325301206,11.949397590361444,1.824742268041237,1014.16,2.426315789473685,,0.00044390807,2.0638368,0.16443163,21.894836,16.038818,7.017436,7.5375767,7.221789192509187,5.886918696518612,
2025-06-03,24.72289156626506,10.406024096385543,0.24742268041237114,1014.083870967742,2.371052631578947,,3.996625e-05,1.2842212,1.2071794,24.309387,12.648804,9.431987,4.147562,9.08684943347304,4.343545202542711,
2025-06-04,25.41204819277109,13.14819277108434,25.38144329896907,1008.8366666666666,3.123684210526316,,0.002139503,1.2260362,2.9119613,25.3927,17.040405,10.5153,8.539164,9.77600605997907,7.085713877241507,
2025-06-05,22.35421686746988,12.727710843373496,19.61855670103093,1009.9333333333333,2.815789473684211,,0.00078617287,1.9262735,1.5564004,22.318909,16.854095,7.4415083,8.352854,6.718174734677861,6.665231949530663,
2025-06-06,22.489156626506027,12.528915662650604,18.175257731958762,1008.39,4.36842105263158,,0.0015862078,2.5728765,2.6481776,21.580536,15.660156,6.7031355,7.1589146,6.853114493714008,6.466436768807772,
2025-06-07,22.581927710843374,11.85542168674699,45.03092783505155,1009.2071428571428,3.1236842105263154,,0.0027480249,2.3023655,2.564807,22.273499,15.288605,7.396098,6.787363,6.945885578051355,5.7929427929041575,
2025-06-08,18.961445783132532,10.889156626506026,41.75257731958763,1008.2428571428572,4.95,,0.002636608,4.005871,1.8173612,19.536743,14.577576,4.659343,6.076334,3.3254036503405136,4.826677732663193,
2025-06-09,18.767469879518075,9.436144578313254,3.515463917525773,1019.63,4.336842105263158,,0.00091268873,3.8304474,0.51568013,18.152588,11.885345,3.2751875,3.3841038,3.1314277467260556,3.3736656844704216,
2025-06-10,19.03734939759036,9.337349397590362,41.422680412371136,1016.083870967742,3.360526315789474,,0.0018689845,2.2222917,2.16387,19.05066,12.225098,4.173259,3.723856,3.4013072647983424,3.27487050374753,
2025-06-11,20.562650602409636,9.237349397590362,0.07216494845360824,1018.2483870967741,4.278947368421053,,0.00044051278,3.2610302,-1.9935471,19.995941,12.783264,5.118541,4.2820225,4.926608469617618,3.17487050374753,
2025-06-12,23.457831325301203,6.969879518072289,0.0,1023.4580645161291,2.484210526315789,,1.26643e-05,-1.9033009,-1.2264091,22.124054,10.886383,7.2466536,2.3851414,7.8217891925091845,0.9074006242294566,
2025-06-13,25.077108433734942,10.102409638554217,0.0,1026.2322580645161,3.502777777777778,,1.4292696e-07,-3.334711,0.58447284,23.683746,13.586426,8.806346,5.085184,9.441066300942923,4.039930744711385,
2025-06-14,29.139759036144582,11.953012048192774,0.0,1022.2466666666667,3.5621621621621617,,7.1773925e-08,-3.1338928,1.8413383,27.561096,15.551758,12.683696,7.050516,13.503716903352563,5.890533154349941,
2025-06-15,31.26626506024096,14.443373493975903,32.25773195876289,1017.1033333333334,3.0972972972972967,,0.00021002821,0.008383226,-0.13818528,30.386261,18.572998,15.508861,10.071756,15.630222927448942,8.380894600133072,
2025-06-16,22.89277108433735,13.186746987951807,0.17525773195876287,1022.3645161290323,4.307894736842106,,0.00016845175,3.35135,-2.108711,21.17688,15.895172,6.2994795,7.3939304,7.256728951545332,7.124268094108975,
2025-06-17,26.92409638554217,11.332530120481929,0.010309278350515464,1024.583870967742,2.3526315789473684,,8.86171e-06,2.24142,-0.2018364,26.063416,15.0243225,11.186015,6.523081,11.288054252750152,5.270051226639096,
2025-06-18,27.1,13.6855421686747,0.16494845360824742,1020.8838709677419,3.1297297297297297,,4.883361e-06,2.5883567,-1.1803693,26.263245,17.5318,11.385844,9.030558,11.463957867207982,7.6230632748318685,
2025-06-19,22.56024096385542,10.96987951807229,0.0,1022.441935483871,4.444736842105263,,2.699661e-06,2.776475,-2.9132445,22.273407,16.339172,7.3960066,7.8379307,6.924198831063402,4.907400624229457,
2025-06-20,23.813253012048197,8.545783132530122,0.0,1025.6580645161291,2.373684210526316,,9.344697e-07,0.8771208,-1.6726222,22.958466,13.448303,8.081065,4.9470615,8.177210879256178,2.48330423868729,
2025-06-21,29.04457831325301,8.032530120481928,0.0,1023.2419354838712,1.7054054054054055,,5.8900974e-07,0.9974248,0.44354868,28.109283,14.135803,13.231883,5.6345615,13.40853618046099,1.9700512266390957,
2025-06-22,33.54096385542168,12.037349397590363,18.75,1017.0,2.3864864864864868,,3.9314227e-07,0.792767,2.3827846,32.601105,17.723694,17.723705,9.222452,17.90492172262966,5.974870503747531,
2025-06-23,27.137349397590363,13.498795180722892,11.505154639175258,1008.0870967741937,5.163157894736842,,0.0005953268,4.989219,0.70068973,27.643799,20.770752,12.766398,12.26951,11.501307264798344,7.43631628688006,
2025-06-24,23.125301204819277,12.309638554216868,13.082474226804123,1010.5612903225807,5.036842105263158,,0.0002587051,4.7476416,0.55727774,22.223694,16.44751,7.3462934,7.946268,7.489259072027258,6.247159660374035,
2025-06-25,26.592771084337347,14.426506024096387,8.402061855670103,1010.058064516129,4.586842105263158,,0.0004206448,4.0318947,-0.6017863,24.596497,19.246643,9.719096,10.745401,10.956728951545328,8.364027130253554,
2025-06-26,31.97590361445783,12.72289156626506,44.29896907216495,1012.2129032258065,3.105405405405406,,0.0014069704,0.7745734,1.4141718,29.788757,17.57129,14.911357,9.070047,16.339861481665814,6.660412672422228,
2025-06-27,22.343373493975907,14.321686746987952,12.70103092783505,1017.6451612903227,4.623684210526315,,0.0014409974,4.300965,-0.58767253,22.271545,17.38208,7.394145,8.880838,6.707331361183888,8.25920785314512,
2025-06-28,29.6277108433735,12.763855421686747,0.030927835051546393,1021.6516129032259,3.75945945945946,,0.00010502132,3.388118,0.25976977,27.003693,16.394287,12.126292,7.8930454,13.99166871058148,6.701376527843915,
2025-06-29,28.919277108433736,15.59156626506024,1.7216494845360826,1020.4733333333334,4.543243243243242,,0.0008971375,3.769329,-1.5600886,26.960571,20.99112,12.083171,12.489878,13.283234975641717,9.529087371217408,
2025-06-30,26.92530120481928,11.373493975903616,0.0,1021.7066666666668,2.7,,6.611828e-05,0.9264262,-1.9085445,25.836426,16.136047,10.959025,7.6348057,11.289259072027262,5.311015082060783,
2025-07-01,32.54819277108434,11.242168674698798,0.0,1019.05,1.9722222222222225,,1.7757218e-08,-1.6690364,0.7527725,30.99997,16.744202,16.12257,8.24296,16.912150638292317,5.179689780855965,
2025-07-02,37.24698795180723,14.848192771084339,4.835051546391752,1014.9533333333334,2.3513513513513518,,3.551443e-07,-1.2032675,1.9914032,35.94635,20.816406,21.06895,12.315165,21.610945819015207,8.785713877241506,
2025-07-03,25.749397590361443,12.742168674698794,2.7010309278350517,1019.0193548387098,4.245945945945946,,0.00031370044,2.9499023,-2.0746608,26.748718,22.126038,11.871318,13.624796,10.113355457569424,6.679689780855962,
2025-07-04,24.63132530120482,9.943373493975903,0.0,1025.1741935483872,2.3578947368421055,,3.4651854e-05,1.9404699,-0.83740073,24.149841,17.54776,9.272441,9.046518,8.995283168412803,3.880894600133071,
2025-07-05,28.66144578313253,10.761445783132531,2.711340206185567,1016.2387096774194,3.1736842105263157,,4.6431436e-05,2.3682704,1.2289995,27.884705,15.444,13.007304,6.9427586,13.025403650340513,4.698966889289699,
2025-07-06,28.40602409638554,14.651807228915661,2.463917525773196,1008.1225806451613,3.139473684210526,,0.0004375823,2.7014132,1.6496216,28.773407,19.82608,13.896007,11.324839,12.769981963593521,8.589328335072828,
2025-07-07,24.191566265060242,14.773493975903614,65.4639175257732,1002.316129032258,2.7526315789473683,,0.00084629265,2.5056744,0.3795496,23.44867,18.545319,8.571269,10.044077,8.555524132268223,8.711015082060783,
2025-07-08,21.583132530120483,12.695180722891568,3.195876288659794,1007.8096774193548,3.8868421052631583,,0.00059510424,3.5431654,-1.2565503,21.120636,14.907776,6.2432356,6.406534,5.947090397328465,6.632701829048735,
2025-07-09,21.507228915662655,14.004819277108435,5.670103092783505,1015.0548387096775,3.978947368421053,,0.00062195235,3.085416,-1.9338444,21.621155,15.920898,6.7437544,7.4196568,5.871186782870636,7.942340383265603,
2025-07-10,23.706024096385548,12.940963855421689,28.0,1018.6161290322581,3.060526315789474,,0.0031427583,1.9845635,-1.9742187,21.811066,16.188416,6.9336653,7.687174,8.069981963593529,6.878484961578857,
2025-07-11,24.34819277108434,11.704819277108435,90.50515463917526,1015.1483870967742,3.8078947368421057,,0.0021927257,2.3668003,-2.2413118,23.513458,14.874512,8.636058,6.37327,8.71215063829232,5.642340383265602,
2025-07-12,17.73132530120482,14.379518072289157,218.42268041237114,1009.5225806451613,2.9555555555555553,,0.0117111625,1.8632268,-0.66798276,17.758057,14.89801,2.8806562,6.3967686,2.0952831684128004,8.317039178446326,
2025-07-13,22.697590361445783,15.285542168674699,51.48453608247423,1009.6096774193549,2.3888888888888893,,0.0060190777,0.9852555,1.2235411,21.03595,15.459869,6.1585493,6.9586277,7.0615482286537645,9.223063274831865,
2025-07-14,27.643373493975904,14.373493975903614,9.814432989690722,1012.325806451613,2.289473684210526,,0.0005259611,1.6641331,0.58463264,25.74347,15.192535,10.866069,6.6912937,12.007331361183885,8.31101508206078,
2025-07-15,23.01686746987952,13.92289156626506,63.855670103092784,1014.8064516129032,2.6421052631578954,,0.0019177472,2.6619704,-0.4327072,22.634338,17.934967,7.756938,9.433725,7.3808253370875025,7.860412672422227,
2025-07-16,22.86987951807229,12.038554216867471,20.50515463917526,1012.5387096774194,2.4368421052631577,,0.0027603284,1.9441382,0.33932614,22.714294,15.195068,7.836894,6.6938267,7.233837385280269,5.976075323024639,
2025-07-17,20.02530120481928,12.614457831325302,72.28865979381443,1011.8612903225808,3.5026315789473683,,0.003696857,3.2157815,-0.2892994,19.607117,14.954407,4.7297163,6.453165,4.38925907202726,6.5519789374824695,
2025-07-18,24.339759036144578,15.198795180722891,4.443298969072165,1013.0580645161291,1.8105263157894735,,0.0012374005,0.13722102,-1.2668471,23.219757,16.040192,8.342357,7.53895,8.703716903352559,9.13631628688006,
2025-07-19,28.444578313253007,13.836144578313254,0.0,1011.5709677419355,1.5736842105263158,,8.208391e-05,-0.91479516,-0.1438306,26.493866,17.601227,11.616466,9.099985,12.808536180460989,7.773665684470422,
2025-07-20,30.755421686746992,15.526506024096387,13.1875,1007.2419354838711,2.186111111111111,,3.9139777e-05,-2.0869877,0.23510449,28.44748,17.781311,13.570079,9.280069,15.119379553954973,9.464027130253555,
2025-07-21,23.437349397590364,15.069879518072291,257.02061855670104,1005.4096774193548,2.763157894736842,,0.0070001334,1.4702259,-0.3220319,23.349243,17.124329,8.471843,8.623087,7.801307264798345,9.007400624229458,
2025-07-22,22.638554216867472,14.503614457831327,89.83505154639175,1005.9612903225808,3.5842105263157893,,0.0031832352,3.5081222,1.3679585,21.43927,15.759033,6.5618696,7.2577915,7.002512084075454,8.441135563988496,
2025-07-23,21.872289156626508,15.918072289156626,80.71134020618557,1007.9000000000001,4.271052631578949,,0.0061767143,3.591772,1.7619166,21.944214,16.73877,7.0668135,8.237528,6.236247023834489,9.855593395313793,
2025-07-24,24.196385542168674,15.638554216867472,22.36082474226804,1011.4483870967742,2.3736842105263163,,0.0010631052,2.3562348,-0.118111946,23.23883,18.279358,8.36143,9.778116,8.560343409376655,9.57607532302464,
2025-07-25,25.31686746987952,16.867469879518076,21.8659793814433,1013.5354838709678,2.539473684210526,,0.0013921255,2.3373642,-0.42656985,23.243286,18.427734,8.365886,9.926493,9.6808253370875,10.804990985675243,
2025-07-26,22.27710843373494,14.772289156626508,0.38144329896907214,1015.0387096774195,2.118421052631579,,0.0004445321,1.305066,-1.0693351,21.816101,18.036469,6.9387007,9.535227,6.6410663009429225,8.709810262783677,
2025-07-27,25.31566265060241,14.344578313253013,50.05154639175258,1011.1483870967742,1.736842105263158,,0.00023947594,0.5097552,-0.7422574,23.33609,16.943512,8.45869,8.44227,9.67962051781039,8.28209941941018,
2025-07-28,23.049397590361448,15.545783132530122,18.989690721649485,1009.7161290322582,3.7789473684210533,,0.0013772426,2.348191,-2.565571,22.068542,16.736084,7.191142,8.234842,7.413355457569429,9.483304238687289,
2025-07-29,22.23493975903615,12.965060240963856,4.329896907216495,1012.958064516129,3.921621621621622,,0.00032978167,3.4752471,-0.2630357,20.776184,15.998291,5.8987837,7.4970493,6.5988976262441295,6.902581347121024,
2025-07-30,22.96746987951807,11.553012048192771,10.969072164948454,1013.7032258064517,2.9,,9.742932e-05,2.4615219,0.92341805,21.586365,14.774719,6.7089643,6.2734776,7.331427746726051,5.490533154349939,
2025-07-31,19.946987951807227,13.493975903614459,41.260416666666664,1012.1387096774193,3.342105263157895,,0.000702943,2.7043953,1.5157876,20.122467,14.948547,5.2450666,6.4473057,4.310945819015208,7.431497009771626,
2025-08-01,22.20379746835443,13.896385542168677,22.75257731958763,1008.6967741935484,2.6447368421052633,,0.0013356627,2.1373796,0.97248155,20.90976,15.868805,6.032359,7.3675632,6.567755335562412,7.833906648325844,
2025-08-02,23.365822784810128,13.628915662650604,5.865979381443299,1009.8354838709679,2.681578947368421,,0.0005982276,2.2946584,0.97972244,21.57965,15.735657,6.7022505,7.234415,7.729780652018109,7.566436768807772,
2025-08-03,20.11139240506329,13.681927710843372,25.237113402061855,1014.6096774193549,3.3815789473684212,,0.0003370998,3.1052856,0.4267199,19.41864,15.932922,4.5412397,7.4316807,4.475350272271273,7.619448817000539,
2025-08-04,23.910126582278483,14.396385542168677,19.515463917525775,1015.2322580645163,3.271052631578948,,0.0019542465,2.3419244,1.9073395,23.041016,15.936523,8.163615,7.4352818,8.274084449486464,8.333906648325843,
2025-08-05,20.98607594936709,12.634939759036145,49.123711340206185,1014.6548387096775,3.460526315789474,,0.005016794,2.684575,1.1687623,20.04889,17.828857,5.171489,9.327616,5.350033816575072,6.572460865193313,
2025-08-06,22.064556962025318,10.732530120481929,0.13402061855670103,1021.458064516129,3.5157894736842104,,0.00061825686,3.5392733,0.42839345,20.647644,14.71228,5.7702436,6.2110386,6.428514829233299,4.670051226639097,
2025-08-07,25.77974683544304,11.106024096385541,0.8144329896907216,1019.3129032258066,2.081578947368421,,1.8611687e-05,0.3359326,2.0149941,24.71164,13.910217,9.834239,5.4089756,10.14370470265102,5.043545202542709,
2025-08-08,26.930379746835442,15.332530120481929,0.0,1016.8096774193549,2.439473684210526,,0.00033719567,1.9736418,0.7066048,26.19519,17.40384,11.31779,8.902597,11.294337614043423,9.270051226639097,
2025-08-09,29.464556962025313,13.067469879518073,0.0,1019.741935483871,1.8472222222222223,,2.7667047e-05,0.080613665,0.47975728,28.126862,16.432526,13.249461,7.931284,13.828514829233294,7.004990985675241,
2025-08-10,24.58987341772152,12.038554216867471,0.0,1023.3451612903226,3.6162162162162166,,1.3227473e-06,2.5418987,-2.3312628,23.564026,17.096344,8.6866255,8.595102,8.953831284929501,5.976075323024639,
2025-08-11,26.47341772151898,9.620481927710843,0.0,1025.616129032258,1.4722222222222223,,3.5762785e-08,0.06652663,-0.30867442,24.970215,14.584473,10.092814,6.083231,10.837375588726962,3.558003033868011,
2025-08-12,29.370886075949368,11.409638554216869,0.0,1020.7838709677419,1.9750000000000005,,4.5826354e-07,-1.7737364,0.65934914,27.976013,15.3862915,13.098613,6.88505,13.73484394315735,5.347159660374037,
2025-08-13,32.34683544303797,14.701204819277113,0.010309278350515464,1017.0290322580645,2.2,,8.0948524e-08,-2.3116257,0.34014758,30.677704,19.257843,15.800303,10.756601,16.710793310245947,8.63872592543428,
2025-08-14,33.78860759493671,15.36867469879518,0.0,1018.5,1.9000000000000004,,1.953294e-07,-2.002379,0.07558302,32.282043,20.100494,17.404644,11.599253,18.152565462144686,9.306195804952349,
2025-08-15,33.53164556962025,17.091566265060244,0.30927835051546393,1018.8645161290323,2.455263157894737,,7.267593e-05,0.47819352,-0.79681754,33.316956,22.504944,18.439556,14.003702,17.89560343682823,11.029087371217411,
2025-08-16,24.425316455696205,13.85421686746988,0.0,1019.8870967741937,3.4368421052631586,,1.5735824e-05,2.170807,-2.0905244,25.155945,19.523346,10.278544,11.022104,8.789274322904186,7.791737973627048,
2025-08-17,22.745569620253164,10.90843373493976,0.010309278350515464,1019.0967741935484,2.636111111111111,,7.0288166e-05,1.4570321,-1.5596237,21.419464,14.993225,6.5420637,6.4919834,7.109527487461145,4.845954841096927,
2025-08-18,25.144303797468357,8.798795180722891,0.0,1020.6741935483872,1.544736842105263,,5.5582022e-06,-1.4246362,-0.149644,24.15686,14.958252,9.27946,6.4570103,9.508261664676338,2.736316286880059,
2025-08-19,27.63544303797468,10.689156626506024,0.0,1015.3193548387097,1.7216216216216218,,1.296194e-07,0.31615448,1.0964785,26.194519,15.365631,11.317119,6.8643894,11.999400905182663,4.626677732663192,
2025-08-20,24.625316455696204,11.490361445783133,0.5773195876288659,1010.6322580645161,2.783783783783784,,2.6814874e-05,-0.20629014,-2.5463352,24.232544,16.77475,9.355144,8.273508,8.989274322904185,5.427882551940301,
2025-08-21,24.121518987341776,9.139759036144579,0.061855670103092786,1010.2645161290322,2.5131578947368425,,4.566461e-06,0.20793705,-2.1255636,22.92511,15.550934,8.047709,7.049692,8.485476854549757,3.0772801423017464,
2025-08-22,19.5746835443038,9.820481927710844,0.5257731958762887,1013.5870967741935,3.96578947368421,,0.00027580353,3.6209934,-1.2995678,19.52533,14.108795,4.647929,5.6075535,3.93864141151178,3.758003033868012,
2025-08-23,17.98987341772152,8.360240963855423,29.572916666666668,1014.2032258064517,4.0,,0.001425458,3.786042,-1.1741202,18.185059,13.326904,3.3076582,4.8256626,2.3538312849295,2.297762070012591,
2025-08-24,19.855696202531643,6.936144578313254,0.05154639175257732,1018.2933333333333,3.2588235294117647,,0.00026599897,3.2464907,-0.34830955,18.61383,11.28717,3.7364302,2.7859287,4.219654069739624,0.8736656844704216,
2025-08-25,20.673417721518984,8.327710843373495,0.010309278350515464,1017.3774193548387,2.902857142857143,,0.00013617375,2.8107538,-0.69686955,18.723694,12.937561,3.8462934,4.4363194,5.037375588726965,2.265231949530663,
2025-08-26,23.31645569620253,7.63855421686747,0.26804123711340205,1013.832258064516,1.8555555555555558,,2.0766476e-05,0.6951892,0.009086291,21.984802,11.661285,7.107402,3.1600437,7.680413563410513,1.5760753230246376,
2025-08-27,29.11038961038961,13.53012048192771,25.208333333333332,1009.9451612903226,2.6314285714285717,,0.0001823526,-1.0698642,2.2451408,27.104431,15.847534,12.227031,7.3462925,13.474347477597592,7.467641588084878,
2025-08-28,22.15921052631579,15.878313253012049,87.95876288659794,1005.9709677419355,1.8441176470588236,,0.003780401,0.41778907,1.1119752,23.100647,19.483398,8.223247,10.982157,6.52316839352377,9.815834359169216,
2025-08-29,21.662337662337666,14.227710843373496,30.083333333333332,1003.6516129032258,1.4783783783783784,,0.0025630894,0.61901665,0.23476155,19.79535,17.271423,4.9179487,8.770182,6.0262955295456475,8.165231949530664,
2025-08-30,23.911688311688316,12.939759036144578,1.958762886597938,1006.8633333333333,2.1694444444444443,,0.00033697183,1.1255585,1.0152227,23.524872,15.448059,8.647471,6.9468174,8.275646178896297,6.877280142301745,
2025-08-31,26.042857142857144,10.871084337349398,0.0,1012.0866666666667,1.958333333333333,,1.6807504e-05,-0.15108661,1.4894872,25.260406,14.26886,10.383006,5.767618,10.406815010065126,4.808605443506566,
2025-09-01,,,,,,,0.0001591966,-1.0666567,1.8950194,26.722015,17.09375,11.844615,8.592508,,,
2025-09-02,,,,,,,0.0054889396,0.5282913,0.688015,21.050964,16.899414,6.173564,8.398172,,,
2025-09-03,,,,,,,0.00038266418,0.44270054,2.9065487,23.91632,14.870605,9.03892,6.369364,,,
2025-09-04,,,,,,,2.0699028e-05,0.3883722,2.3208566,27.016418,18.033997,12.139018,9.532755,,,
2025-09-05,,,,,,,0.0032507663,2.160446,-0.2946915,19.550049,17.144196,4.6726484,8.642954,,,
2025-09-06,,,,,,,0.00025562453,0.59422415,-0.99113584,20.842163,14.339966,5.9647627,5.838724,,,
2025-09-07,,,,,,,3.7958127e-06,-2.1179113,-0.0537105,22.236237,12.487061,7.358836,3.9858189,,,
2025-09-08,,,,,,,3.8388084e-06,-2.0051641,0.0184854,22.525696,13.288757,7.6482954,4.7875156,,,
2025-09-09,,,,,,,6.3855914e-05,-1.9536324,-0.01047304,24.20581,14.415894,9.32841,5.914652,,,
2025-09-10,,,,,,,0.0023436474,-0.1453688,0.41484842,22.893433,16.02948,8.016032,7.5282383,,,
2025-09-11,,,,,,,0.001733,2.2913644,2.0646837,22.46109,14.218933,7.5836897,5.7176914,,,
2025-09-12,,,,,,,0.0010157536,1.6984377,2.4829,20.215515,14.278717,5.3381147,5.7774754,,,
2025-09-13,,,,,,,7.41228e-05,-0.6108034,2.787489,21.368134,12.303558,6.490733,3.8023167,,,
2025-09-14,,,,,,,0.0020282315,1.6317677,1.0229667,18.47998,14.04483,3.60258,5.5435886,,,
2025-09-15,,,,,,,0.004151761,1.619887,2.9785173,20.897278,11.842194,6.0198774,3.340952,,,
2025-09-16,,,,,,,0.0006508893,5.179118,2.621075,18.174805,15.227417,3.2974043,6.7261753,,,
2025-09-17,,,,,,,0.00034364464,4.216924,0.7806527,18.335968,12.613922,3.4585676,4.1126804,,,
2025-09-18,,,,,,,0.0005330829,3.1475837,1.7135683,19.048096,14.7221985,4.1706953,6.220957,,,
2025-09-19,,,,,,,4.1665582e-05,1.9032475,1.4865193,23.403625,16.911407,8.526225,8.410166,,,
2025-09-20,,,,,,,7.938964e-07,0.91982627,2.6875134,26.8544,15.591675,11.977,7.090433,,,
2025-09-21,,,,,,,0.0003380836,2.3641512,0.6315665,26.243958,17.510315,11.366557,9.009073,,,
2025-09-22,,,,,,,0.0020692179,0.8357962,-2.1281097,15.00296,11.951355,0.1255598,3.4501133,,,
2025-09-23,,,,,,,0.00010784502,0.14009836,-1.6178045,15.622131,7.3323364,0.74473095,-1.1689053,,,
2025-09-24,,,,,,,1.3910854e-06,-3.8325326,-1.9011153,15.859314,8.02887,0.98191357,-0.47237206,,,
2025-09-25,,,,,,,4.7468475e-06,-4.8816304,-1.1896693,15.129272,8.935547,0.25187206,0.4343052,,,
2025-09-26,,,,,,,0.0004896482,-4.4452324,0.08534277,15.126617,10.843201,0.24921703,2.341959,,,
2025-09-27,,,,,,,3.137191e-05,-3.3546045,0.086787485,17.698578,11.660187,2.8211775,3.158945,,,
2025-09-28,,,,,,,8.9769577e-07,-2.4074697,-0.5563001,17.52594,9.2435,2.6485395,0.7422581,,,
2025-09-29,,,,,,,5.4734337e-05,-2.2928383,-0.15948206,,10.245056,,1.7438145,,,
2025-09-30,,,,,,,2.5403368e-05,-2.5910647,-0.017355746,,7.1153564,,-1.3858852,,,
2025-10-01,,,,,,,0.00015962713,-1.5899831,-1.092848,,9.410706,,0.9094639,,,
2025-10-02,,,,,,,2.8809134e-05,,,,9.2031555,,0.70191383,,,
2025-10-03,,,,,,,9.673885e-06,,,,4.347351,,-4.1538906,,,
2025-10-04,,,,,,,0.001834419,,,,8.4599,,-0.04134178,,,
2025-10-05,,,,,,,,,,,9.852478,,1.3512363,,,
2025-10-06,,,,,,,,,,,10.18689,,1.685648,,,
2025-10-07,,,,,,,,,,,10.955383,,2.4541416,,,
2025-10-08,,,,,,,,,,,13.16272,,4.661478,,,
2025-10-09,,,,,,,,,,,12.236359,,3.735117,,,
2025-10-10,,,,,,,,,,,12.87912,,4.377878,,,
2025-10-11,,,,,,,,,,,13.193115,,4.6918736,,,
2025-10-12,,,,,,,,,,,11.81311,,3.3118687,,,
2025-10-13,,,,,,,,,,,9.351929,,0.850687,,,
2025-10-14,,,,,,,,,,,6.15921,,-2.3420315,,,
2025-10-15,,,,,,,,,,,8.817078,,0.31583595,,,
2025-10-16,,,,,,,,,,,10.097565,,1.596323,,,
2025-10-17,,,,,,,,,,,9.989502,,1.4882603,,,
2025-10-18,,,,,,,,,,,5.3532715,,-3.1479702,,,
2025-10-19,,,,,,,,,,,1.4459534,,-7.0552883,,,
2025-10-20,,,,,,,,,,,3.5479126,,-4.953329,,,
2025-10-21,,,,,,,,,,,8.374023,,-0.12721825,,,
2025-10-22,,,,,,,,,,,10.380127,,1.8788853,,,
2025-10-23,,,,,,,,,,,10.817902,,2.31666,,,
2025-10-24,,,,,,,,,,,9.930206,,1.4289646,,,
2025-10-25,,,,,,,,,,,7.772583,,-0.7286587,,,
2025-10-26,,,,,,,,,,,6.145569,,-2.3556728,,,
2025-10-27,,,,,,,,,,,5.7720337,,-2.729208,,,
2025-10-28,,,,,,,,,,,7.487854,,-1.0133877,,,
2025-10-29,,,,,,,,,,,7.47995,,-1.0212917,,,
2025-10-30,,,,,,,,,,,9.560059,,1.0588169,,,
2025-10-31,,,,,,,,,,,4.563904,,-3.9373379,,,
2025-11-01,,,,,,,,,,,6.4561157,,-2.045126,,,
2025-11-02,,,,,,,,,,,9.900574,,1.399332,,,
2025-11-03,,,,,,,,,,,8.3723755,,-0.1288662,,,
2025-11-04,,,,,,,,,,,9.38324,,0.88199806,,,
2025-11-05,,,,,,,,,,,6.473175,,-2.0280666,,,
2025-11-06,,,,,,,,,,,4.9603577,,-3.540884,,,
2025-11-07,,,,,,,,,,,4.310486,,-4.190756,,,
2025-11-08,,,,,,,,,,,0.8890991,,-7.6121426,,,
2025-11-09,,,,,,,,,,,3.9155273,,-4.5857143,,,
2025-11-10,,,,,,,,,,,7.0248413,,-1.4764004,,,
2025-11-11,,,,,,,,,,,6.708008,,-1.7932339,,,
2025-11-12,,,,,,,,,,,4.8944397,,-3.606802,,,
2025-11-13,,,,,,,,,,,7.7749023,,-0.72633934,,,
2025-11-14,,,,,,,,,,,9.21994,,0.7186985,,,
2025-11-15,,,,,,,,,,,5.1361694,,-3.3650723,,,
2025-11-16,,,,,,,,,,,5.3965454,,-3.1046963,,,
2025-11-17,,,,,,,,,,,3.461853,,-5.0393887,,,
2025-11-18,,,,,,,,,,,0.9248657,,-7.576376,,,
2025-11-19,,,,,,,,,,,1.6237793,,-6.8774624,,,
2025-11-20,,,,,,,,,,,1.0510864,,-7.4501553,,,
2025-11-21,,,,,,,,,,,-2.6871948,,-11.1884365,,,
2025-11-22,,,,,,,,,,,-4.09729,,-12.598532,,,
2025-11-23,,,,,,,,,,,-4.126007,,-12.627249,,,
2025-11-24,,,,,,,,,,,-2.4979248,,-10.9991665,,,
2025-11-25,,,,,,,,,,,1.142456,,-7.3587856,,,
2025-11-26,,,,,,,,,,,-0.8773804,,-9.378622,,,
2025-11-27,,,,,,,,,,,0.1519165,,-8.349325,,,
