date,TX_C_city_mean,TN_C_city_mean,RR_mm_city_mean,PP_hPa_city_mean,FG_ms_city_mean,NDVI_city,TX_C_city_mean_anom,TN_C_city_mean_anom,NDVI_city_anom
2020-01-01,13.029032258064516,-0.4021505376344085,0.37362637362637363,1026.3266666666666,0.9519480519480519,,-7.497440214642845,-8.558342555715223,
2020-01-02,12.129032258064514,-0.7182795698924731,0.37362637362637363,1025.3433333333335,1.0753246753246752,,-8.397440214642847,-8.874471587973288,
2020-01-03,7.856989247311828,-0.2827956989247311,0.14285714285714285,1028.4566666666667,1.5376623376623377,,-12.669483225395533,-8.438987717005546,
2020-01-04,9.11720430107527,-0.46774193548387105,0.08791208791208792,1029.1299999999999,2.135064935064935,,-11.40926817163209,-8.623933953564686,
2020-01-05,9.881720430107526,-1.3075268817204304,0.1978021978021978,1025.0233333333333,1.018181818181818,,-10.644752042599835,-9.463718899801245,
2020-01-06,11.896774193548389,-1.060215053763441,0.4725274725274725,1024.4800000000002,0.9907894736842104,,-8.629698279158973,-9.216407071844255,
2020-01-07,12.024731182795698,-0.8634408602150537,0.15384615384615385,1026.8700000000001,1.0597402597402599,,-8.501741289911664,-9.019632878295868,
2020-01-08,13.554838709677423,-0.543010752688172,0.17582417582417584,1024.3100000000002,0.985714285714286,,-6.9716337630299385,-8.699202770768986,
2020-01-09,12.583157894736841,0.45263157894736844,0.3076923076923077,1021.6566666666666,2.1455696202531644,,-7.94331457797052,-7.703560439133446,
2020-01-10,9.41157894736842,-0.2894736842105263,0.04395604395604396,1024.193103448276,2.7187500000000004,,-11.11489352533894,-8.44566570229134,
2020-01-11,9.438541666666667,-2.4125,0.043478260869565216,1027.1833333333334,1.2175,,-11.087930806040694,-10.568692018080814,
2020-01-12,9.875,-3.305263157894737,0.2391304347826087,1026.0633333333333,1.0974358974358973,,-10.651472472707361,-11.461455175975551,
2020-01-13,8.995833333333334,-2.7906250000000004,0.2826086956521739,1021.5166666666668,1.5775000000000001,,-11.530639139374028,-10.946817018080814,
2020-01-14,8.962500000000002,-2.263541666666667,7.9021739130434785,1017.69,2.085,,-11.56397247270736,-10.41973368474748,
2020-01-15,9.253125,3.2739583333333333,34.20879120879121,1018.7533333333336,2.7212500000000004,,-11.27334747270736,-4.882233684747481,
2020-01-16,12.439583333333333,5.211458333333334,11.791208791208792,1019.9933333333332,3.585000000000001,,-8.086889139374028,-2.9447336847474803,
2020-01-17,10.923157894736844,3.4457446808510643,26.471910112359552,1023.6172413793104,2.69493670886076,,-9.603314577970517,-4.71044733722975,
2020-01-18,10.150000000000002,3.5446808510638297,36.71111111111111,1019.3206896551725,3.5089743589743594,,-10.37647247270736,-4.611511167016984,
2020-01-19,7.68494623655914,0.6301075268817206,3.258426966292135,1018.3821428571429,6.102597402597403,,-12.841526236148221,-7.526084491199094,
2020-01-20,4.352747252747252,-1.221978021978022,8.454545454545455,1019.603846153846,5.71578947368421,,-16.173725219960108,-9.378170040058837,
2020-01-21,5.908695652173915,0.7684782608695654,24.89887640449438,1015.1407407407409,5.392105263157895,,-14.617776820533447,-7.387713757211249,
2020-01-22,8.669148936170213,2.6957446808510643,15.719101123595506,1012.8862068965519,3.2620253164556963,,-11.857323536537148,-5.46044733722975,
2020-01-23,8.835106382978724,1.7095744680851062,49.59340659340659,1013.1551724137933,2.7202531645569623,,-11.691366089728637,-6.4466175499957075,
2020-01-24,8.327956989247314,3.5602150537634403,55.40449438202247,1013.9892857142856,1.9307692307692308,,-12.198515483460048,-4.595976964317374,
2020-01-25,8.57741935483871,3.206451612903226,33.766666666666666,1011.9827586206895,1.7714285714285718,,-11.949053117868651,-4.949740405177588,
2020-01-26,9.348387096774193,1.5817204301075272,0.8222222222222222,1016.7275862068966,1.888311688311689,,-11.178085375933168,-6.574471587973287,
2020-01-27,9.54945054945055,2.2021978021978024,21.149425287356323,1017.7724137931035,3.7815789473684207,,-10.977021923256812,-5.953994215883012,
2020-01-28,11.319565217391307,7.840217391304349,25.45054945054945,1015.9620689655173,4.203896103896104,,-9.206907255316054,-0.31597462677646515,
2020-01-29,12.207446808510639,8.160638297872342,6.417582417582418,1017.6896551724138,2.753846153846154,,-8.319025664196722,0.00444627979152834,
2020-01-30,10.64105263157895,6.162105263157894,18.08695652173913,1018.1862068965517,2.6500000000000004,,-9.885419841128412,-1.99408675492292,
2020-01-31,13.598947368421056,8.472631578947368,20.0,1017.6241379310343,2.41,,-6.927525104286305,0.316439560866554,
2020-02-01,15.545744680851064,9.189473684210528,2.241758241758242,1018.8517241379311,2.963291139240507,,-4.980727791856298,1.0332816661297137,
2020-02-02,15.659574468085106,7.12421052631579,0.2087912087912088,1024.1620689655172,1.4063291139240508,,-4.866898004622255,-1.0319814917650243,
2020-02-03,18.576344086021507,5.050000000000001,0.33707865168539325,1024.1344827586208,1.7025316455696202,,-1.9501283866858543,-3.1061920180808134,
2020-02-04,16.795744680851065,3.8989361702127665,0.08791208791208792,1023.9206896551723,1.9551282051282055,,-3.730727791856296,-4.257255847868048,
2020-02-05,14.118085106382978,1.6294736842105264,0.02197802197802198,1021.5172413793103,1.727848101265823,,-6.4083873663243835,-6.526718333870288,
2020-02-06,13.415957446808513,1.6526315789473687,0.044444444444444446,1017.8413793103448,1.759493670886076,,-7.110515025898849,-6.503560439133445,
2020-02-07,13.44421052631579,2.7410526315789476,1.2808988764044944,1017.7655172413794,1.450632911392405,,-7.082261946391572,-5.415139386501867,
2020-02-08,11.920212765957446,3.798936170212767,6.561797752808989,1019.9103448275863,1.8569620253164552,,-8.606259706749915,-4.357255847868047,
2020-02-09,12.135483870967743,3.942553191489362,0.8777777777777778,1024.1068965517243,2.033333333333334,,-8.390988601739618,-4.213638826591453,
2020-02-10,15.821739130434782,6.0774193548387085,0.47191011235955055,1025.025,2.522077922077922,,-4.704733342272579,-2.0787726632421055,
2020-02-11,13.884210526315792,5.114736842105263,0.23333333333333334,1021.8689655172417,1.321518987341772,,-6.642261946391569,-3.0414551759755515,
2020-02-12,13.189247311827955,6.629787234042554,1.696629213483146,1017.3793103448274,1.1468354430379746,,-7.337225160879406,-1.5264047840382604,
2020-02-13,13.358064516129033,5.558510638297872,0.5054945054945055,1018.0103448275863,2.337974683544304,,-7.168407956578328,-2.5976813797829417,
2020-02-14,14.572340425531916,2.891489361702128,0.15384615384615385,1020.1896551724135,1.208860759493671,,-5.954132047175445,-5.264702656378686,
2020-02-15,15.929032258064517,2.2180851063829787,0.14285714285714285,1020.2068965517243,1.5481012658227848,,-4.597440214642845,-5.938106911697835,
2020-02-16,16.980645161290326,3.4617021276595747,0.21978021978021978,1020.255172413793,2.6417721518987345,,-3.5458273114170353,-4.69448989042124,
2020-02-17,12.922580645161295,3.44731182795699,3.0,1022.9655172413793,2.6303797468354433,,-7.603891827546066,-4.708880190123824,
2020-02-18,12.548387096774194,1.4311827956989247,0.16666666666666666,1026.0655172413794,1.8341772151898734,,-7.978085375933167,-6.725009222381889,
2020-02-19,14.68494623655914,-0.24148936170212776,0.022222222222222223,1024.8689655172413,1.370886075949367,,-5.841526236148221,-8.397681379782941,
2020-02-20,16.19148936170213,0.3521276595744681,0.0,1019.8827586206895,1.5164556962025317,,-4.334983111005233,-7.804064358506346,
2020-02-21,18.606382978723403,1.4297872340425533,0.0,1022.7896551724137,1.5925000000000005,,-1.9200894939839586,-6.726404784038261,
2020-02-22,20.316129032258065,1.8021505376344085,0.0,1025.492857142857,1.4725000000000001,,-0.21034344044929654,-6.354041480446406,
2020-02-23,20.861702127659576,2.527659574468086,0.0,1026.3620689655174,1.4205128205128206,,0.33522965495221513,-5.628532443612729,
2020-02-24,20.106382978723406,2.5372340425531914,0.0,1020.7931034482758,1.712658227848101,,-0.420089493983955,-5.618957975527623,
2020-02-25,15.159574468085106,3.719148936170213,0.01098901098901099,1015.9344827586208,3.4696202531645564,,-5.366898004622255,-4.437043081910601,
2020-02-26,13.392553191489363,2.5542553191489366,0.0,1016.6344827586206,3.2772151898734174,,-7.133919281217999,-5.601936698931878,
2020-02-27,16.200000000000003,2.801075268817205,1.211111111111111,1017.0724137931034,4.230769230769232,,-4.3264724727073585,-5.355116749263609,
2020-02-28,18.230526315789472,2.8378947368421055,0.24175824175824176,1013.0689655172414,1.880769230769231,,-2.295946156917889,-5.318297281238708,
2020-02-29,13.28842105263158,5.062105263157894,12.89010989010989,1007.448275862069,5.844303797468355,,-7.238051420075781,-3.0940867549229196,
2020-03-01,14.045744680851064,6.663829787234044,127.52747252747253,1003.3655172413794,5.682278481012658,0.40419894,-6.480727791856298,-1.49236223084677,0.075968206
2020-03-02,11.543617021276598,3.7148936170212763,12.833333333333334,1003.3357142857142,7.037179487179487,0.40419894,-8.982855451430764,-4.441298401059537,0.075968206
2020-03-03,13.897872340425533,3.6340425531914895,18.177777777777777,1012.4482758620692,5.902531645569621,0.40419894,-6.628600132281829,-4.522149464889324,0.075968206
2020-03-04,15.045744680851065,9.030851063829788,4.144444444444445,1013.4551724137931,3.9569620253164555,0.40419894,-5.480727791856296,0.8746590457489738,0.075968206
2020-03-05,13.240860215053765,5.394623655913979,21.56179775280899,1008.8344827586205,6.0538461538461545,0.40419894,-7.285612257653597,-2.7615683621668348,0.075968206
2020-03-06,10.559782608695654,2.9358695652173914,0.3409090909090909,1014.3821428571428,6.002564102564103,0.40419894,-9.966689864011707,-5.220322452863423,0.075968206
2020-03-07,14.251063829787233,0.8074468085106383,0.26666666666666666,1020.6482758620691,2.1151898734177212,0.40419894,-6.275408642920128,-7.3487452095701755,0.075968206
2020-03-08,14.519148936170213,0.2893617021276596,0.06666666666666667,1020.1103448275861,2.5050632911392405,0.40419894,-6.0073235365371485,-7.8668303159531545,0.075968206
2020-03-09,15.713829787234042,3.3499999999999996,0.0,1020.8000000000001,2.5961538461538463,0.40419894,-4.812642685473319,-4.806192018080814,0.075968206
2020-03-10,21.961052631578955,4.521052631578947,0.0,1019.6931034482759,1.8607594936708864,0.40419894,1.4345801588715936,-3.6351393865018666,0.075968206
2020-03-11,24.340000000000003,6.72,0.0,1016.5517241379312,1.4962025316455696,0.40419894,3.813527527292642,-1.4361920180808143,0.075968206
2020-03-12,23.75894736842105,8.969473684210527,0.0,1011.8586206896553,2.00125,0.40419894,3.2324748957136897,0.8132816661297131,0.075968206
2020-03-13,19.478947368421053,7.231914893617023,0.0,1011.0758620689655,2.2430379746835447,0.40419894,-1.0475251042863079,-0.9242771244637913,0.075968206
2020-03-14,20.297894736842103,4.785263157894737,0.0,1012.6931034482759,1.5925,0.40419894,-0.2285777358652581,-3.370928860186077,0.075968206
2020-03-15,18.973684210526315,3.6189473684210527,58.47191011235955,1007.0206896551725,3.446249999999999,0.40419894,-1.5527882621810463,-4.537244649659762,0.075968206
2020-03-16,7.044680851063831,1.369148936170213,103.74157303370787,1009.4689655172415,3.847435897435897,0.40419894,-13.48179162164353,-6.787043081910602,0.075968206
2020-03-17,14.809782608695654,2.740217391304348,9.627906976744185,1016.3178571428572,3.8324675324675326,0.40419894,-5.716689864011707,-5.415974626776466,0.075968206
2020-03-18,16.67717391304348,6.685869565217391,0.011235955056179775,1017.1259259259258,2.496153846153846,0.40419894,-3.8492985596638825,-1.4703224528634227,0.075968206
2020-03-19,15.553763440860216,6.839784946236559,3.752808988764045,1012.4821428571429,2.3142857142857136,0.40419894,-4.972709031847145,-1.3164070718442549,0.075968206
2020-03-20,12.829032258064517,7.021505376344086,80.05681818181819,1008.4535714285714,2.9576923076923074,0.40419894,-7.697440214642844,-1.134686641736728,0.075968206
2020-03-21,10.46236559139785,4.937634408602151,36.75,1005.9642857142857,2.3474358974358975,0.40419894,-10.064106881309511,-3.2185576094786628,0.075968206
2020-03-22,12.823655913978497,4.1537634408602155,29.09090909090909,1005.8999999999997,1.8012820512820515,0.40419894,-7.702816558728864,-4.0024285772205985,0.075968206
2020-03-23,13.920430107526883,5.2279569892473114,17.7816091954023,1008.1,2.8103896103896107,0.40419894,-6.606042365180478,-2.9282350288335026,0.075968206
2020-03-24,14.68494623655914,5.626881720430107,0.3977272727272727,1008.9142857142855,3.302597402597403,0.40419894,-5.841526236148221,-2.5293102976507074,0.075968206
2020-03-25,16.457608695652176,3.385869565217391,8.89655172413793,1007.6821428571428,2.2363636363636363,0.40419894,-4.068863777055185,-4.770322452863423,0.075968206
2020-03-26,14.631182795698923,1.7268817204301081,0.08045977011494253,1004.3785714285714,2.876623376623377,0.40419894,-5.895289677008439,-6.429310297650706,0.075968206
2020-03-27,10.873118279569896,0.5924731182795699,1.3295454545454546,1006.8821428571428,3.278947368421053,0.40419894,-9.653354193137465,-7.563718899801244,0.075968206
2020-03-28,15.306451612903231,-0.2827956989247313,0.02247191011235955,1011.1392857142857,1.9921052631578948,0.40419894,-5.22002085980413,-8.438987717005546,0.075968206
2020-03-29,17.422580645161293,1.875268817204301,0.24719101123595505,1010.4178571428572,1.9350649350649347,0.40419894,-3.103891827546068,-6.280923200876513,0.075968206
2020-03-30,8.450537634408603,0.8666666666666668,48.92134831460674,1007.3464285714286,4.1302631578947375,0.40419894,-12.075934838298759,-7.289525351414147,0.075968206
2020-03-31,9.95483870967742,0.4451612903225806,129.93258426966293,1002.1857142857144,3.2220779220779225,0.40419894,-10.571633763029942,-7.711030727758233,0.075968206
2020-04-01,12.69782608695652,2.805434782608696,19.402298850574713,1004.4892857142859,2.073684210526315,0.40419894,-7.828646385750842,-5.350757235472118,0.075968206
2020-04-02,13.677173913043477,1.683695652173913,4.172413793103448,1007.2857142857144,2.4999999999999996,0.40419894,-6.849298559663884,-6.472496365906901,0.075968206
2020-04-03,16.383695652173916,1.7054347826086953,0.38636363636363635,1010.0,1.5657894736842106,0.40419894,-4.142776820533445,-6.4507572354721185,0.075968206
2020-04-04,17.083695652173912,3.1119565217391307,0.3522727272727273,1008.4535714285713,3.7693333333333325,0.40419894,-3.4427768205334495,-5.044235496341683,0.075968206
2020-04-05,17.51413043478261,7.823913043478262,61.77272727272727,1008.8321428571431,3.3653333333333335,0.40419894,-3.01234203792475,-0.33227897460255207,0.075968206
2020-04-06,16.207608695652176,9.955434782608696,50.17045454545455,1012.1357142857142,2.3,0.40419894,-4.318863777055185,1.7992427645278823,0.075968206
2020-04-07,18.215217391304346,9.054347826086957,23.137931034482758,1015.5250000000002,2.0763157894736843,0.40419894,-2.311255081403015,0.8981558080061429,0.075968206
2020-04-08,20.426086956521743,8.756521739130434,1.75,1014.2535714285716,1.6776315789473684,0.40419894,-0.10038551618561797,0.6003297210496203,0.075968206
2020-04-09,15.710869565217392,10.207608695652175,105.03448275862068,1012.5214285714286,1.8092105263157898,0.40419894,-4.8156029074899696,2.0514166775713605,0.075968206
2020-04-10,16.22826086956522,9.978260869565217,33.13793103448276,1013.5607142857143,1.9533333333333338,0.40419894,-4.298211603142143,1.8220688514844028,0.075968206
2020-04-11,18.24021739130435,9.713043478260868,52.36046511627907,1012.2821428571427,1.7000000000000002,0.40419894,-2.286255081403013,1.556851460180054,0.075968206
2020-04-12,18.421978021978024,8.8,26.5,1006.8037037037038,2.326315789473684,0.40419894,-2.1044944507293373,0.6438079819191866,0.075968206
2020-04-13,16.72747252747253,7.852747252747254,16.186046511627907,1001.6214285714284,2.078666666666667,0.40419894,-3.798999945234833,-0.3034447653335599,0.075968206
2020-04-14,17.41413043478261,7.741758241758241,81.97701149425288,1003.8749999999999,2.544,0.40419894,-3.1123420379247513,-0.41443377632257317,0.075968206
2020-04-15,14.609890109890113,7.542857142857144,104.80232558139535,1006.2285714285714,4.0729729729729724,0.40419894,-5.916582362817248,-0.6133348752236705,0.075968206
2020-04-16,15.04021739130435,8.543010752688172,97.47674418604652,1007.0642857142858,3.931578947368421,0.40419894,-5.48625508140301,0.38681873460735794,0.075968206
2020-04-17,16.123655913978496,8.512903225806454,25.482758620689655,1007.8678571428574,3.2289473684210526,0.40419894,-4.4028165587288655,0.35671120772564,0.075968206
2020-04-18,18.397826086956524,7.5445652173913045,43.54022988505747,1006.3777777777779,1.424675324675325,0.40419894,-2.1286463857508373,-0.6116268006895096,0.075968206
2020-04-19,17.153260869565216,7.535869565217391,30.816091954022987,1003.3814814814815,1.9961038961038964,0.40419894,-3.3732116031421455,-0.620322452863423,0.075968206
2020-04-20,16.211827956989247,5.225806451612904,39.758620689655174,1002.0500000000001,2.524675324675324,0.40419894,-4.314644515718115,-2.93038556646791,0.075968206
2020-04-21,14.133333333333335,6.405376344086022,16.93103448275862,1002.9000000000002,2.316883116883117,0.40419894,-6.393139139374027,-1.7508156739947918,0.075968206
2020-04-22,17.319565217391304,7.2423913043478265,0.11627906976744186,1007.8925925925926,1.607792207792208,0.40419894,-3.2069072553160574,-0.9138007137329875,0.075968206
2020-04-23,19.57741935483871,8.26666666666667,1.3448275862068966,1009.8035714285714,1.751948051948052,0.40419894,-0.949053117868651,0.1104746485858552,0.075968206
2020-04-24,21.159139784946237,9.3247311827957,9.183908045977011,1005.5321428571431,2.1818181818181817,0.40419894,0.6326673122388762,1.1685391647148862,0.075968206
2020-04-25,20.41521739130435,8.997826086956522,43.247058823529414,1002.1107142857144,2.056,0.40419894,-0.11125508140301221,0.8416340688757078,0.075968206
2020-04-26,17.47888888888889,9.174444444444443,14.833333333333334,1003.7777777777778,2.6297297297297297,0.40419894,-3.047583583818472,1.0182524263636292,0.075968206
2020-04-27,15.271428571428572,7.562222222222222,23.906976744186046,1005.2777777777779,2.9824324324324327,0.40419894,-5.255043901278789,-0.5939697958585919,0.075968206
2020-04-28,15.51428571428572,5.819780219780221,0.7906976744186046,1008.8592592592593,3.4157894736842107,0.40419894,-5.012186758421642,-2.3364117983005928,0.075968206
2020-04-29,17.423333333333336,5.216666666666667,4.767441860465116,1010.0576923076923,4.302597402597403,0.40419894,-3.1031391393740257,-2.9395253514141473,0.075968206
2020-04-30,16.261538461538464,8.565934065934066,1.2413793103448276,1011.2142857142856,4.61842105263158,0.40419894,-4.264934011168897,0.40974204785325163,0.075968206
2020-05-01,20.249450549450554,10.001098901098903,0.2558139534883721,1012.5185185185187,4.485333333333332,0.40419894,-0.2770219232568074,1.8449068830180888,0.075968206
2020-05-02,24.12282608695652,10.033695652173916,0.0,1012.8714285714286,2.565789473684211,0.40419894,3.596353614249157,1.8775036340931024,0.075968206
2020-05-03,27.557608695652174,9.501086956521739,0.0,1009.2642857142857,2.0533333333333332,0.40419894,7.031136222944813,1.344894938440925,0.075968206
2020-05-04,27.631111111111114,12.30879120879121,0.0975609756097561,1003.8185185185184,4.567123287671233,0.40419894,7.1046386384037525,4.152599190710395,0.075968206
2020-05-05,22.02967032967033,9.126373626373626,0.0,1008.8035714285714,2.4306666666666668,0.40419894,1.50319785696297,0.9701816082928119,0.075968206
2020-05-06,23.795652173913048,7.496739130434785,0.0,1010.5750000000002,1.5090909090909093,0.40419894,3.2691797012056867,-0.6594528876460295,0.075968206
2020-05-07,25.84395604395604,10.76703296703297,8.046511627906977,1006.7576923076922,3.1662337662337667,0.40419894,5.31748357124868,2.6108409489521556,0.075968206
2020-05-08,25.35108695652174,12.56195652173913,6.151162790697675,1005.0629629629631,2.5376623376623377,0.40419894,4.824614483814379,4.405764503658316,0.075968206
2020-05-09,20.531521739130437,10.304347826086957,37.54022988505747,1002.1888888888891,3.261538461538462,0.40419894,0.005049266423075238,2.148155808006143,0.075968206
2020-05-10,16.994565217391305,7.782795698924731,19.71264367816092,1000.6035714285715,3.6230769230769235,0.40419894,-3.5319072553160566,-0.3733963191560834,0.075968206
2020-05-11,17.545161290322582,8.334408602150539,34.55172413793103,1002.6,3.1571428571428575,0.40419894,-2.981311182384779,0.17821658406972496,0.075968206
2020-05-12,15.208695652173914,8.089130434782607,132.375,1002.1214285714285,1.762337662337662,0.40419894,-5.317776820533448,-0.06706158329820688,0.075968206
2020-05-13,17.18709677419355,8.396774193548389,62.36363636363637,998.2499999999999,2.401282051282051,0.40419894,-3.3393756985138126,0.24058217546757454,0.075968206
2020-05-14,14.349462365591398,7.834408602150539,23.897727272727273,1000.0,2.0371794871794866,0.40419894,-6.177010107115963,-0.32178341593027504,0.075968206
2020-05-15,16.561290322580646,7.775268817204301,51.37078651685393,1006.6392857142856,2.4692307692307693,0.40419894,-3.965182150126715,-0.3809232008765129,0.075968206
2020-05-16,18.491397849462366,7.933333333333335,5.909090909090909,1011.9178571428571,2.8166666666666664,0.40419894,-2.035074623244995,-0.22285868474747872,0.075968206
2020-05-17,21.160215053763444,6.336559139784946,0.02247191011235955,1015.4892857142858,2.2153846153846155,0.40419894,0.633742581056083,-1.8196328782958684,0.075968206
2020-05-18,25.054347826086957,7.48586956521739,0.0,1014.588888888889,2.1705128205128204,0.40419894,4.527875353379596,-0.6703224528634237,0.075968206
2020-05-19,26.603191489361706,9.545744680851065,0.0,1012.5827586206898,1.9645569620253163,0.40419894,6.076719016654344,1.3895526627702512,0.075968206
2020-05-20,28.468817204301075,10.555913978494624,0.0,1009.492857142857,1.9115384615384614,0.40419894,7.942344731593714,2.3997219604138103,0.075968206
2020-05-21,29.297826086956523,11.46195652173913,0.0,1011.7925925925925,2.0589743589743583,0.40419894,8.771353614249161,3.3057645036583168,0.075968206
2020-05-22,29.98913043478261,12.92717391304348,0.0,1014.4370370370373,2.072727272727273,0.40419894,9.462657962075248,4.770981894962667,0.075968206
2020-05-23,29.31413043478261,13.744565217391306,0.0,1016.1074074074073,2.185714285714286,0.40419894,8.787657962075247,5.588373199310492,0.075968206
2020-05-24,29.29456521739131,13.148913043478261,0.1111111111111111,1015.7592592592594,2.1910256410256412,0.40419894,8.768092744683948,4.992721025397447,0.075968206
2020-05-25,28.52282608695652,14.244565217391301,24.133333333333333,1014.5333333333335,2.598717948717949,0.40419894,7.996353614249159,6.088373199310487,0.075968206
2020-05-26,26.368478260869566,13.396739130434783,10.477272727272727,1015.5148148148148,2.8493506493506495,0.40419894,5.842005788162204,5.240547112353969,0.075968206
2020-05-27,28.5021978021978,13.785714285714286,0.36363636363636365,1013.7884615384615,3.2197368421052626,0.40419894,7.975725329490437,5.629522267633472,0.075968206
2020-05-28,28.318681318681318,13.424175824175826,0.0,1011.9346153846152,2.680263157894737,0.40419894,7.792208845973956,5.267983806095012,0.075968206
2020-05-29,30.070329670329667,12.923076923076923,0.022727272727272728,1006.4230769230769,1.8038961038961039,0.40419894,9.543857197622305,4.766884904996109,0.075968206
2020-05-30,30.61521739130435,14.31086956521739,5.816091954022989,1003.5407407407407,2.240789473684211,0.40419894,10.088744918596987,6.1546775471365756,0.075968206
2020-05-31,28.55888888888889,14.10777777777778,71.02272727272727,1003.2307692307694,2.544736842105263,0.40419894,8.03241641618153,5.951585759696966,0.075968206
2020-06-01,26.99130434782609,12.69010989010989,0.06741573033707865,1005.9370370370372,1.953947368421053,0.26150364,6.46483187511873,4.533917872029075,-0.0667271
2020-06-02,27.883516483516484,13.964835164835169,0.9545454545454546,1004.5961538461538,2.371428571428572,0.26150364,7.357044010809123,5.8086431467543544,-0.0667271
2020-06-03,26.165934065934074,13.069230769230769,53.4367816091954,1001.0777777777777,3.6144736842105254,0.26150364,5.639461593226713,4.913038751149955,-0.0667271
2020-06-04,21.543333333333333,11.474444444444442,7.546511627906977,1000.8037037037037,4.1,0.26150364,1.0168608606259717,3.318252426363628,-0.0667271
2020-06-05,26.447777777777784,8.324719101123597,0.0,1003.8807692307693,2.1276315789473683,0.26150364,5.9213053050704225,0.16852708304278252,-0.0667271
2020-06-06,25.60898876404495,11.923595505617978,7.046511627906977,1000.0520000000001,3.405263157894737,0.26150364,5.082516291337587,3.7674034875371643,-0.0667271
2020-06-07,21.911235955056178,10.632584269662923,22.458823529411763,1001.5800000000003,3.418421052631579,0.26150364,1.3847634823488164,2.4763922515821086,-0.0667271
2020-06-08,21.053409090909096,8.24494382022472,0.29411764705882354,1007.8807692307693,3.025333333333333,0.26150364,0.5269366182017343,0.08875180214390532,-0.0667271
2020-06-09,22.407954545454547,7.3113636363636365,0.0,1010.0000000000001,2.5273972602739727,0.26150364,1.8814820727471862,-0.8448283817171776,-0.0667271
2020-06-10,25.020224719101126,8.334065934065935,0.0,1006.6692307692308,2.465333333333333,0.26150364,4.493752246393765,0.1778739159851206,-0.0667271
2020-06-11,21.70769230769231,9.821978021978023,1.2988505747126438,1000.5703703703704,5.45,0.26150364,1.1812198349849474,1.6657860038972085,-0.0667271
2020-06-12,17.791208791208792,7.659340659340658,26.568181818181817,1001.3185185185185,4.92077922077922,0.26150364,-2.7352636814985694,-0.4968513587401562,-0.0667271
2020-06-13,20.93076923076923,7.98021978021978,0.10227272727272728,1007.485185185185,3.3000000000000003,0.26150364,0.40429675806186793,-0.17597223786103378,-0.0667271
2020-06-14,23.57582417582417,9.05054945054945,0.0,1011.9555555555555,2.675,0.26150364,3.049351703116809,0.8943574324686363,-0.0667271
2020-06-15,24.658241758241758,10.792307692307693,0.39080459770114945,1012.6074074074073,2.7026315789473685,0.26150364,4.131769285534396,2.636115674226879,-0.0667271
2020-06-16,23.634065934065937,11.997802197802198,2.552941176470588,1010.6259259259258,3.706578947368422,0.26150364,3.107593461358576,3.8416101797213837,-0.0667271
2020-06-17,24.09888888888889,9.709999999999999,0.0,1007.3153846153847,2.2842105263157895,0.26150364,3.572416416181529,1.553807981919185,-0.0667271
2020-06-18,26.604395604395606,10.410989010989013,0.0,1005.8185185185185,2.4460526315789473,0.26150364,6.0779231316882445,2.254796992908199,-0.0667271
2020-06-19,28.254347826086956,11.1989010989011,0.0,1009.4444444444446,2.6973684210526314,0.26150364,7.727875353379595,3.042709080820286,-0.0667271
2020-06-20,30.366304347826084,12.21195652173913,0.0,1012.4222222222223,2.523376623376623,0.26150364,9.839831875118723,4.055764503658317,-0.0667271
2020-06-21,31.528260869565216,13.348913043478262,0.0,1013.6555555555555,2.207792207792208,0.26150364,11.001788396857854,5.192721025397448,-0.0667271
2020-06-22,33.84021739130435,15.129347826086958,0.0,1010.8074074074074,2.1923076923076925,0.26150364,13.313744918596988,6.973155808006144,-0.0667271
2020-06-23,35.38924731182796,17.174193548387098,5.52808988764045,1006.0185185185184,2.3102564102564105,0.26150364,14.862774839120597,9.018001530306284,-0.0667271
2020-06-24,31.870114942528733,18.716853932584275,8.011904761904763,1006.3814814814815,2.8000000000000003,0.26150364,11.343642469821372,10.560661914503461,-0.0667271
2020-06-25,32.09318181818182,17.14886363636364,5.116279069767442,1004.537037037037,2.83972602739726,0.26150364,11.566709345474457,8.992671618282825,-0.0667271
2020-06-26,28.624175824175822,14.962222222222223,0.0,1005.8392857142857,3.4586666666666663,0.26150364,8.09770335146846,6.806030204141409,-0.0667271
2020-06-27,29.457777777777775,14.06777777777778,0.0,1008.1185185185187,2.7266666666666666,0.26150364,8.931305305070413,5.911585759696965,-0.0667271
2020-06-28,32.12777777777778,15.215555555555557,0.0,1008.8000000000001,2.2333333333333334,0.26150364,11.601305305070419,7.059363537474743,-0.0667271
2020-06-29,34.23820224719101,16.387640449438205,0.0,1005.6692307692307,2.183783783783784,0.26150364,13.71172977448365,8.231448431357391,-0.0667271
2020-06-30,35.120000000000005,17.696666666666665,3.264367816091954,1002.2037037037042,2.8946666666666667,0.26150364,14.593527527292643,9.540474648585851,-0.0667271
2020-07-01,32.507777777777775,17.256666666666668,0.0,1003.7111111111111,3.466666666666667,0.26150364,11.981305305070414,9.100474648585854,-0.0667271
2020-07-02,29.629670329670333,15.18901098901099,0.0,1007.2555555555556,3.542105263157894,0.26150364,9.103197856962971,7.032818970930176,-0.0667271
2020-07-03,30.284782608695654,12.22717391304348,0.0,1011.0333333333334,2.4181818181818184,0.26150364,9.758310135988292,4.0709818949626655,-0.0667271
2020-07-04,33.033333333333324,13.751612903225807,0.0,1012.3074074074075,2.0441558441558443,0.26150364,12.506860860625963,5.595420885144993,-0.0667271
2020-07-05,35.330107526881726,15.810752688172045,0.0,1010.2074074074073,1.9792207792207792,0.26150364,14.803635054174364,7.6545606700912305,-0.0667271
2020-07-06,35.32580645161291,17.968817204301075,0.0,1007.6703703703705,2.47012987012987,0.26150364,14.799333978905551,9.812625186220261,-0.0667271
2020-07-07,36.77173913043479,17.608602150537635,1.2823529411764707,1005.4666666666667,2.535526315789474,0.26150364,16.245266657727427,9.452410132456821,-0.0667271
2020-07-08,34.63186813186813,18.993333333333336,21.583333333333332,1004.4821428571431,3.94,0.26150364,14.10539565916077,10.837141315252522,-0.0667271
2020-07-09,32.96777777777777,16.46777777777778,14.047058823529412,1006.7392857142858,2.6270270270270273,0.26150364,12.441305305070408,8.311585759696966,-0.0667271
2020-07-10,32.58426966292135,15.667045454545455,0.023529411764705882,1006.1444444444444,2.068918918918919,0.26150364,12.05779719021399,7.510853436464641,-0.0667271
2020-07-11,34.93888888888888,17.52888888888889,6.7011494252873565,1005.6222222222224,2.635135135135135,0.26150364,14.412416416181522,9.372696870808076,-0.0667271
2020-07-12,31.627777777777784,18.303333333333335,14.116279069767442,1007.5962962962964,2.8608108108108112,0.26150364,11.101305305070422,10.14714131525252,-0.0667271
2020-07-13,32.592222222222226,16.503333333333334,0.0,1009.3037037037037,2.660810810810811,0.26150364,12.065749749514865,8.34714131525252,-0.0667271
2020-07-14,31.83666666666667,16.168539325842698,0.0,1006.3538461538463,2.858108108108108,0.26150364,11.310194193959308,8.012347307761884,-0.0667271
2020-07-15,31.569230769230767,14.728571428571431,0.0,1008.537037037037,2.932894736842105,0.26150364,11.042758296523406,6.572379410490617,-0.0667271
2020-07-16,33.85274725274726,15.924175824175828,0.0,1008.4423076923077,2.3289473684210527,0.26150364,13.326274780039896,7.767983806095014,-0.0667271
2020-07-17,33.57802197802198,16.66043956043956,0.0,1007.311111111111,2.968421052631579,0.26150364,13.051549505314618,8.504247542358746,-0.0667271
2020-07-18,34.816483516483515,14.380219780219782,0.06741573033707865,1006.0037037037038,2.1733333333333333,0.26150364,14.290011043776154,6.224027762138968,-0.0667271
2020-07-19,35.59340659340659,17.252747252747252,1.264367816091954,1004.077777777778,3.1473684210526316,0.26150364,15.06693412069923,9.096555234666438,-0.0667271
2020-07-20,35.78913043478261,16.919565217391305,0.11235955056179775,1005.288888888889,2.2,0.26150364,15.262657962075245,8.763373199310491,-0.0667271
2020-07-21,32.93626373626373,18.172527472527474,27.573033707865168,1007.1925925925926,2.9131578947368424,0.26150364,12.409791263556372,10.01633545444666,-0.0667271
2020-07-22,32.64555555555556,17.023333333333333,0.23863636363636365,1007.8076923076923,2.08,0.26150364,12.1190830828482,8.86714131525252,-0.0667271
2020-07-23,35.018681318681324,17.952747252747255,0.20454545454545456,1005.7500000000002,2.302666666666667,0.26150364,14.492208845973963,9.79655523466644,-0.0667271
2020-07-24,34.517391304347825,18.4956043956044,0.0,1004.0360000000001,2.4773333333333336,0.26150364,13.990918831640464,10.339412377523585,-0.0667271
2020-07-25,35.58152173913044,17.33516483516484,0.0,1004.3851851851849,2.6578947368421058,0.26150364,15.055049266423076,9.178972817084025,-0.0667271
2020-07-26,36.94835164835165,17.521978021978022,0.0,1004.9518518518518,2.161842105263158,0.26150364,16.421879175644285,9.365786003897208,-0.0667271
2020-07-27,37.92717391304348,19.630769230769232,0.022727272727272728,1004.3481481481481,2.905333333333334,0.26150364,17.40070144033612,11.474577212688418,-0.0667271
2020-07-28,34.82391304347826,19.63516483516484,0.0,1004.8740740740742,2.325,0.26150364,14.297440570770895,11.478972817084026,-0.0667271
2020-07-29,37.129347826086956,19.153846153846157,0.06896551724137931,1003.9703703703703,2.180263157894737,0.26150364,16.602875353379595,10.997654135765343,-0.0667271
2020-07-30,36.857608695652175,20.871739130434783,1.367816091954023,1002.8740740740742,3.689473684210527,0.26150364,16.331136222944814,12.715547112353969,-0.0667271
2020-07-31,36.91011235955057,18.47865168539326,0.0,1005.226923076923,2.4453333333333336,0.26150364,16.383639886843206,10.322459667312446,-0.0667271
2020-08-01,35.24891304347827,17.979347826086958,0.0,1007.3370370370368,3.150649350649351,0.26150364,14.722440570770907,9.823155808006144,-0.0667271
2020-08-02,32.75869565217391,16.45108695652174,0.0,1006.4148148148148,2.814285714285714,0.26150364,12.232223179466551,8.294894938440924,-0.0667271
2020-08-03,30.65652173913043,16.141304347826086,0.0,1006.2038461538461,2.8051948051948052,0.26150364,10.130049266423068,7.985112329745272,-0.0667271
2020-08-04,32.10652173913043,15.497826086956522,0.0,1005.837037037037,2.28961038961039,0.26150364,11.580049266423067,7.341634068875708,-0.0667271
2020-08-05,35.29021739130435,16.17717391304348,0.0,1003.2846153846156,1.8896103896103895,0.26150364,14.763744918596991,8.020981894962665,-0.0667271
2020-08-06,37.02934782608696,19.65,0.0,1004.2740740740743,2.8565789473684213,0.26150364,16.5028753533796,11.493807981919185,-0.0667271
2020-08-07,36.978260869565226,20.711956521739133,0.1797752808988764,1006.5814814814813,2.867532467532467,0.26150364,16.451788396857864,12.555764503658319,-0.0667271
2020-08-08,35.53152173913043,20.007608695652173,2.227272727272727,1008.1111111111112,2.412987012987013,0.26150364,15.005049266423072,11.85141667757136,-0.0667271
2020-08-09,36.14891304347826,19.431521739130435,1.1910112359550562,1004.5185185185185,3.001298701298701,0.26150364,15.622440570770898,11.275329721049621,-0.0667271
2020-08-10,32.52903225806451,17.95268817204301,15.840909090909092,1002.9333333333335,3.237662337662338,0.26150364,12.00255978535715,9.796496153962197,-0.0667271
2020-08-11,25.723333333333336,15.083333333333334,127.60919540229885,1005.7037037037036,3.1293333333333337,0.26150364,5.196860860625975,6.92714131525252,-0.0667271
2020-08-12,26.561538461538465,13.305494505494508,3.8045977011494254,1006.3481481481482,2.632467532467533,0.26150364,6.035065988831104,5.149302487413694,-0.0667271
2020-08-13,29.359782608695657,13.53478260869565,0.0,1007.0269230769233,1.957142857142857,0.26150364,8.833310135988295,5.378590590614836,-0.0667271
2020-08-14,31.017582417582418,14.06593406593407,0.0,1005.2925925925927,2.5259740259740258,0.26150364,10.491109944875056,5.909742047853255,-0.0667271
2020-08-15,27.342857142857145,12.868131868131869,0.0,1005.562962962963,3.5233766233766235,0.26150364,6.816384670149784,4.7119398500510545,-0.0667271
2020-08-16,26.629670329670333,11.325274725274724,0.0,1006.4807692307694,2.9706666666666663,0.26150364,6.1031978569629715,3.16908270719391,-0.0667271
2020-08-17,27.613043478260867,12.989130434782611,0.3258426966292135,1006.9666666666667,3.075324675324675,0.26150364,7.086571005553505,4.832938416701797,-0.0667271
2020-08-18,29.248351648351647,15.929670329670328,0.0,1006.1,2.247368421052632,0.26150364,8.721879175644286,7.773478311589514,-0.0667271
2020-08-19,31.789130434782614,14.27717391304348,0.0,1002.188888888889,3.4065789473684216,0.26150364,11.262657962075252,6.120981894962666,-0.0667271
2020-08-20,32.25434782608695,14.312087912087911,5.2988505747126435,1001.2259259259258,3.617105263157895,0.26150364,11.727875353379588,6.155895894007097,-0.0667271
2020-08-21,29.433695652173913,16.22967032967033,5.46067415730337,1006.6518518518519,3.0802631578947373,0.26150364,8.907223179466552,8.073478311589517,-0.0667271
2020-08-22,31.196703296703298,13.773626373626374,0.0,1011.9518518518518,2.110666666666667,0.26150364,10.670230823995936,5.61743435554556,-0.0667271
2020-08-23,31.8978021978022,13.51758241758242,0.0,1010.7444444444444,2.0802631578947377,0.26150364,11.371329725094839,5.361390399501605,-0.0667271
2020-08-24,33.00659340659341,14.946153846153845,0.0,1007.2962962962965,1.911842105263158,0.26150364,12.480120933886049,6.7899618280730305,-0.0667271
2020-08-25,35.15384615384615,16.17912087912088,0.0,1006.3259259259257,2.307894736842105,0.26150364,14.627373681138792,8.022928861040066,-0.0667271
2020-08-26,35.53846153846154,16.492307692307694,0.0,1008.8111111111111,2.2171052631578947,0.26150364,15.011989065754179,8.33611567422688,-0.0667271
2020-08-27,35.143956043956045,17.28901098901099,0.0,1006.4777777777779,2.2223684210526318,0.26150364,14.617483571248684,9.132818970930176,-0.0667271
2020-08-28,29.544444444444444,15.457777777777778,0.0,1001.4851851851852,4.044,0.26150364,9.017971971737083,7.301585759696964,-0.0667271
2020-08-29,22.456666666666667,10.73,3.033707865168539,1003.3777777777776,3.94,0.26150364,1.9301941939593057,2.5738079819191864,-0.0667271
2020-08-30,22.3021978021978,7.713186813186814,0.0,1009.2851851851851,2.3710526315789475,0.26150364,1.775725329490438,-0.44300520489399986,-0.0667271
2020-08-31,25.698901098901096,7.7010989010989,0.011235955056179775,1010.5777777777777,1.9171052631578949,0.26150364,5.172428626193735,-0.4550931169819137,-0.0667271
2020-09-01,27.8945652173913,12.742391304347825,0.1111111111111111,1005.748148148148,1.6526315789473685,0.34486485,7.368092744683938,4.586199286267011,0.016634107
2020-09-02,29.193478260869572,11.639130434782608,0.0,1008.0407407407407,2.074025974025974,0.34486485,8.66700578816221,3.482938416701794,0.016634107
2020-09-03,31.65869565217391,12.470652173913043,0.0,1011.6037037037037,1.6922077922077923,0.34486485,11.13222317946655,4.314460155832229,0.016634107
2020-09-04,32.53804347826087,14.782608695652174,0.0,1012.7,2.1038961038961044,0.34486485,12.011571005553506,6.62641667757136,0.016634107
2020-09-05,33.05326086956522,15.10217391304348,0.0,1009.2666666666667,2.003896103896104,0.34486485,12.52678839685786,6.9459818949626655,0.016634107
2020-09-06,31.72717391304348,15.039130434782608,0.0,1007.8370370370371,2.479220779220779,0.34486485,11.200701440336118,6.882938416701794,0.016634107
2020-09-07,26.367391304347823,12.309782608695652,0.0,1011.925925925926,3.4688311688311693,0.34486485,5.840918831640462,4.153590590614838,0.016634107
2020-09-08,26.66333333333333,9.954444444444446,0.0,1013.173076923077,2.638157894736842,0.34486485,6.136860860625969,1.7982524263636321,0.016634107
2020-09-09,28.911956521739125,11.621739130434783,0.0,1012.4296296296297,1.8051948051948052,0.34486485,8.385484049031763,3.4655471123539687,0.016634107
2020-09-10,30.04239130434783,12.897826086956526,0.0,1009.9074074074075,1.7714285714285718,0.34486485,9.51591883164047,4.741634068875712,0.016634107
2020-09-11,31.221739130434784,13.533695652173913,0.0,1006.5518518518519,1.7194805194805198,0.34486485,10.695266657727423,5.377503634093099,0.016634107
2020-09-12,32.4195652173913,14.61413043478261,0.0,1008.4346153846153,1.8714285714285714,0.34486485,11.89309274468394,6.457938416701795,0.016634107
2020-09-13,32.27282608695652,16.44782608695652,0.0,1011.3346153846154,2.7870129870129867,0.34486485,11.74635361424916,8.291634068875707,0.016634107
2020-09-14,29.771428571428576,16.759340659340662,32.247191011235955,1011.0222222222225,2.8051948051948052,0.34486485,9.244956098721214,8.603148641259848,0.016634107
2020-09-15,27.958695652173912,14.92173913043478,0.1797752808988764,1011.9185185185185,2.031168831168831,0.34486485,7.4322231794665505,6.765547112353966,0.016634107
2020-09-16,29.56521739130435,13.706521739130437,9.02247191011236,1008.9074074074074,1.8480519480519482,0.34486485,9.03874491859699,5.550329721049623,0.016634107
2020-09-17,25.314130434782605,15.871739130434783,165.75,1005.5074074074075,3.2605263157894733,0.34486485,4.787657962075244,7.715547112353969,0.016634107
2020-09-18,21.144444444444446,13.277777777777775,254.26136363636363,1004.4888888888889,2.9157894736842107,0.34486485,0.6179719717370844,5.121585759696961,0.016634107
2020-09-19,19.430769230769233,13.437362637362638,34.64772727272727,1007.188888888889,3.793421052631579,0.34486485,-1.0957032419381285,5.2811706192818235,0.016634107
2020-09-20,21.318888888888893,13.411111111111111,34.13636363636363,1009.7222222222224,2.7896103896103903,0.34486485,0.7924164161815312,5.254919093030297,0.016634107
2020-09-21,22.983516483516482,11.131868131868133,0.4044943820224719,1010.0666666666666,1.7539473684210527,0.34486485,2.4570440108091205,2.975676113787319,0.016634107
2020-09-22,23.484615384615395,10.571428571428571,3.8068181818181817,1007.5222222222224,2.1500000000000004,0.34486485,2.958142911908034,2.415236553347757,0.016634107
2020-09-23,22.15666666666667,14.003333333333336,27.808988764044944,1005.5884615384615,3.065789473684211,0.34486485,1.6301941939593085,5.847141315252522,0.016634107
2020-09-24,20.837362637362638,12.079120879120882,7.633333333333334,1008.3037037037038,4.188157894736842,0.34486485,0.31089016465527664,3.9229288610400683,0.016634107
2020-09-25,17.905494505494506,8.782417582417583,0.011111111111111112,1013.7148148148149,4.511842105263157,0.34486485,-2.6209779672128555,0.6262255643367691,0.016634107
2020-09-26,19.63666666666667,6.495555555555556,0.8651685393258427,1012.0703703703704,3.2186666666666666,0.34486485,-0.889805806040691,-1.6606364625252583,0.016634107
2020-09-27,20.9956043956044,9.05054945054945,0.1,1008.262962962963,2.509210526315789,0.34486485,0.46913192289703787,0.8943574324686363,0.016634107
2020-09-28,23.21648351648352,6.248351648351648,0.0,1010.5370370370371,1.4065789473684212,0.34486485,2.6900110437761597,-1.9078403697291657,0.016634107
2020-09-29,25.754945054945058,9.006593406593405,0.0,1009.5777777777779,1.3592105263157896,0.34486485,5.228472582237696,0.8504013885125907,0.016634107
2020-09-30,26.158241758241765,9.176923076923078,0.0,1007.4925925925925,2.0631578947368423,0.34486485,5.6317692855344035,1.020731058842264,0.016634107
2020-10-01,21.078888888888887,10.062222222222221,30.134831460674157,1001.925925925926,3.6539473684210524,0.34486485,0.5524164161815257,1.9060302041414072,0.016634107
2020-10-02,15.135164835164835,7.328571428571429,68.82954545454545,993.8518518518518,6.328947368421053,0.34486485,-5.391307637542527,-0.8276205895093849,0.016634107
2020-10-03,15.68131868131868,5.746153846153847,0.27906976744186046,1001.2962962962963,4.319736842105263,0.34486485,-4.845153791388681,-2.410038171926967,0.016634107
2020-10-04,16.777173913043477,6.6739130434782625,5.7727272727272725,1004.3222222222224,4.494805194805195,0.34486485,-3.7492985596638846,-1.4822789746025515,0.016634107
2020-10-05,18.485714285714288,7.001098901098901,0.0,1010.5444444444446,2.8675324675324676,0.34486485,-2.0407581869930738,-1.155093116981913,0.016634107
2020-10-06,23.82717391304348,9.843478260869565,0.17045454545454544,1014.6037037037036,2.398701298701299,0.34486485,3.3007014403361197,1.6872862427887512,0.016634107
2020-10-07,25.3554347826087,9.57608695652174,0.011363636363636364,1015.4407407407407,1.377922077922078,0.34486485,4.828962309901339,1.419894938440926,0.016634107
2020-10-08,25.667032967032966,10.324175824175825,0.011494252873563218,1014.4370370370372,1.4337662337662338,0.34486485,5.140560494325605,2.1679838060950107,0.016634107
2020-10-09,26.043478260869566,10.131521739130434,0.0,1013.9148148148148,1.4532467532467535,0.34486485,5.517005788162205,1.9753297210496203,0.016634107
2020-10-10,23.318478260869572,8.993478260869566,0.0,1015.6962962962963,2.7493506493506494,0.34486485,2.7920057881622107,0.8372862427887515,0.016634107
2020-10-11,17.959782608695654,5.992391304347828,0.0,1018.6185185185187,3.0636363636363635,0.34486485,-2.566689864011707,-2.1638007137329858,0.016634107
2020-10-12,18.23260869565218,4.110869565217391,0.0,1017.0555555555555,2.0064935064935066,0.34486485,-2.293863777055183,-4.045322452863423,0.016634107
2020-10-13,21.721978021978025,6.825,0.011494252873563218,1009.2925925925928,2.6194805194805197,0.34486485,1.1955055492706634,-1.3311920180808139,0.016634107
2020-10-14,16.680434782608696,5.303260869565218,0.0,1008.188888888889,2.6328947368421054,0.34486485,-3.8460376900986653,-2.852931148515596,0.016634107
2020-10-15,16.052747252747256,2.771428571428572,0.0,1012.0481481481481,2.113157894736842,0.34486485,-4.473725219960105,-5.384763446652242,0.016634107
2020-10-16,15.893406593406596,1.3923076923076922,0.0,1012.574074074074,1.4693333333333332,0.34486485,-4.633065879300766,-6.763884325773121,0.016634107
2020-10-17,18.912222222222223,2.6144444444444446,0.0,1011.388888888889,1.5052631578947369,0.34486485,-1.6142502504851386,-5.5417475736363695,0.016634107
2020-10-18,21.054444444444446,4.408888888888889,0.0,1012.9,1.7853333333333339,0.34486485,0.5279719717370845,-3.747303129191925,0.016634107
2020-10-19,23.126966292134835,7.319101123595507,94.19767441860465,1007.4923076923079,3.7626666666666675,0.34486485,2.6004938194274736,-0.837090894485307,0.016634107
2020-10-20,17.422727272727276,11.819318181818183,467.5529411764706,998.1615384615386,4.789333333333334,0.34486485,-3.103745199980086,3.6631261637373687,0.016634107
2020-10-21,16.585227272727273,11.109090909090911,119.70588235294117,1000.4500000000002,3.566666666666667,0.34486485,-3.941245199980088,2.952898891010097,0.016634107
2020-10-22,15.919101123595505,9.225842696629215,99.95348837209302,1007.0884615384615,2.3653333333333335,0.34486485,-4.607371349111856,1.0696506785484008,0.016634107
2020-10-23,14.588764044943824,6.751685393258427,12.576470588235294,1014.3615384615384,2.2270270270270274,0.34486485,-5.937708427763537,-1.4045066248223872,0.016634107
2020-10-24,15.070786516853934,4.907865168539327,6.4186046511627906,1016.4538461538461,2.3679999999999994,0.34486485,-5.455685955853427,-3.2483268495414874,0.016634107
2020-10-25,14.000000000000002,6.410227272727273,95.75862068965517,1009.0538461538462,5.020270270270269,0.34486485,-6.5264724727073595,-1.7459647453535414,0.016634107
2020-10-26,12.019101123595506,4.449438202247191,0.5116279069767442,1011.0461538461542,3.347297297297298,0.34486485,-8.507371349111855,-3.706753815833623,0.016634107
2020-10-27,13.610112359550564,3.955056179775281,5.767441860465116,1013.7115384615385,2.9216216216216218,0.34486485,-6.916360113156797,-4.201135838305533,0.016634107
2020-10-28,15.28131868131868,7.258241758241758,3.1927710843373496,1017.3333333333334,1.8697368421052631,0.34486485,-5.245153791388681,-0.8979502598390559,0.016634107
2020-10-29,17.88409090909091,6.432954545454546,0.2823529411764706,1021.2074074074075,1.2972972972972974,0.34486485,-2.64238156361645,-1.723237472626268,0.016634107
2020-10-30,20.675555555555558,5.191111111111111,0.11764705882352941,1021.0740740740739,1.3364864864864865,0.34486485,0.14908308284819682,-2.9650809069697033,0.016634107
2020-10-31,21.457303370786516,6.716853932584269,0.07142857142857142,1019.7846153846154,1.414864864864865,0.34486485,0.9308308980791544,-1.4393380854965452,0.016634107
2020-11-01,20.794318181818184,7.4965909090909095,0.023809523809523808,1017.4159999999997,1.2561643835616438,0.34486485,0.26784570911082284,-0.6596011089899045,0.016634107
2020-11-02,19.350574712643677,9.973563218390806,7.325301204819277,1015.4599999999998,1.2125,0.34486485,-1.175897760063684,1.8173712003099922,0.016634107
2020-11-03,15.51609195402299,7.967816091954023,13.891566265060241,1018.1,2.6229729729729727,0.34486485,-5.0103805186843715,-0.188375926126791,0.016634107
2020-11-04,10.341379310344829,5.765116279069767,110.65060240963855,1014.4120000000001,3.521621621621622,0.34486485,-10.185093162362532,-2.391075739011047,0.016634107
2020-11-05,13.059550561797753,7.935955056179776,135.96470588235294,1011.5307692307694,4.8306666666666676,0.34486485,-7.466921910909608,-0.2202369619010378,0.016634107
2020-11-06,17.53111111111111,10.194382022471911,128.72619047619048,1007.4384615384618,4.874666666666668,0.34486485,-2.9953613615962524,2.0381900043910974,0.016634107
2020-11-07,14.601111111111111,8.032222222222222,15.627906976744185,1010.1846153846155,2.7578947368421054,0.34486485,-5.92536136159625,-0.12396979585859214,0.016634107
2020-11-08,14.91,7.48888888888889,92.85882352941177,1014.6500000000001,2.7026315789473694,0.34486485,-5.616472472707361,-0.6673031291919242,0.016634107
2020-11-09,15.272222222222224,6.882222222222223,5.305882352941176,1015.7346153846152,1.3473684210526315,0.34486485,-5.254250250485137,-1.2739697958585907,0.016634107
2020-11-10,15.197777777777777,5.047777777777778,0.7976190476190477,1019.9615384615386,1.2078947368421051,0.34486485,-5.328694694929585,-3.108414240303036,0.016634107
2020-11-11,15.488888888888889,4.711111111111112,0.1411764705882353,1018.3615384615385,1.523684210526316,0.34486485,-5.037583583818472,-3.445080906969702,0.016634107
2020-11-12,15.58666666666667,6.286666666666667,0.12941176470588237,1015.2307692307693,1.3421052631578947,0.34486485,-4.939805806040692,-1.869525351414147,0.016634107
2020-11-13,15.307777777777778,6.231111111111111,3.235294117647059,1013.5423076923076,1.3499999999999999,0.34486485,-5.218694694929583,-1.9250809069697032,0.016634107
2020-11-14,14.069999999999997,8.394444444444444,22.458823529411763,1013.4153846153848,1.5315789473684212,0.34486485,-6.456472472707365,0.23825242636362987,0.016634107
2020-11-15,16.52888888888889,10.511111111111113,5.879518072289157,1013.4499999999999,3.15,0.34486485,-3.9975835838184715,2.354919093030299,0.016634107
2020-11-16,17.52921348314607,7.555056179775282,0.38095238095238093,1016.7115384615385,1.3144736842105265,0.34486485,-2.997258989561292,-0.6011358383055319,0.016634107
2020-11-17,18.171111111111113,5.314444444444446,0.5714285714285714,1019.6807692307692,1.2342105263157892,0.34486485,-2.3553613615962483,-2.8417475736363684,0.016634107
2020-11-18,18.613333333333333,6.592222222222224,0.3764705882352941,1020.8653846153846,1.2236842105263157,0.34486485,-1.913139139374028,-1.5639697958585899,0.016634107
2020-11-19,19.80666666666667,6.195555555555556,0.03529411764705882,1024.1076923076923,1.75,0.34486485,-0.7198058060406929,-1.9606364625252581,0.016634107
2020-11-20,15.744444444444449,4.287777777777778,0.07058823529411765,1023.7538461538462,2.1092105263157896,0.34486485,-4.782028028262912,-3.8684142403030357,0.016634107
2020-11-21,16.0561797752809,2.1168539325842692,0.0,1020.6307692307693,1.2894736842105263,0.34486485,-4.470292697426462,-6.039338085496545,0.016634107
2020-11-22,15.621348314606744,1.826966292134832,0.0,1021.0807692307692,1.072,0.34486485,-4.905124158100618,-6.329225725945982,0.016634107
2020-11-23,15.876404494382024,1.5786516853932584,0.0,1019.9846153846155,1.0039473684210527,0.34486485,-4.650067978325337,-6.577540332687556,0.016634107
2020-11-24,13.46818181818182,1.644318181818182,4.880952380952381,1015.1076923076923,1.3880000000000001,0.34486485,-7.058290654525541,-6.511873836262632,0.016634107
2020-11-25,11.363333333333335,3.3711111111111114,100.83132530120481,1007.6846153846155,3.013157894736843,0.34486485,-9.163139139374026,-4.785080906969703,0.016634107
2020-11-26,10.906666666666666,7.097777777777779,101.1547619047619,1003.269230769231,3.8907894736842104,0.34486485,-9.619805806040695,-1.0584142403030352,0.016634107
2020-11-27,11.426666666666666,5.882222222222223,37.792682926829265,1002.2769230769231,2.930263157894737,0.34486485,-9.099805806040695,-2.2739697958585907,0.016634107
2020-11-28,10.987777777777778,3.9100000000000006,12.129411764705882,1002.0000000000001,1.6250000000000002,0.34486485,-9.538694694929584,-4.246192018080814,0.016634107
2020-11-29,12.413333333333336,4.61888888888889,28.738095238095237,1009.0846153846154,2.0763157894736843,0.34486485,-8.113139139374026,-3.5373031291919244,0.016634107
2020-11-30,14.593181818181819,3.8931818181818176,0.14285714285714285,1015.1239999999999,1.6386666666666665,0.34486485,-5.933290654525543,-4.263010199898996,0.016634107
2020-12-01,14.2,1.8977272727272727,0.10975609756097561,1015.569230769231,1.5945205479452056,0.34279534,-6.326472472707362,-6.258464745353542,0.014564604
2020-12-02,10.008045977011497,0.1758620689655173,0.04878048780487805,1012.6769230769231,2.7351351351351347,0.34279534,-10.518426495695865,-7.980329949115297,0.014564604
2020-12-03,9.72093023255814,-2.3151162790697675,34.148148148148145,1003.6653846153846,2.916666666666667,0.34279534,-10.80554224014922,-10.471308297150582,0.014564604
2020-12-04,7.032183908045977,0.16022727272727275,6.060975609756097,992.2346153846154,4.598648648648648,0.34279534,-13.494288564661385,-7.995964745353541,0.014564604
2020-12-05,6.351685393258427,-1.1674157303370787,1.2195121951219512,998.1999999999999,4.389333333333333,0.34279534,-14.174787079448933,-9.323607748417892,0.014564604
2020-12-06,6.903370786516855,-0.02022471910112358,13.573170731707316,1004.3884615384615,3.9613333333333336,0.34279534,-13.623101686190505,-8.176416737181938,0.014564604
2020-12-07,10.029545454545456,4.842045454545455,58.75,1001.4846153846154,6.447297297297298,0.34279534,-10.496927018161905,-3.314146563535359,0.014564604
2020-12-08,8.297752808988765,1.9977528089887642,3.5058823529411764,1005.6038461538462,4.310666666666666,0.34279534,-12.228719663718596,-6.15843920909205,0.014564604
2020-12-09,8.59550561797753,-0.4460674157303371,29.27710843373494,1012.5384615384617,2.3080000000000003,0.34279534,-11.930966854729832,-8.60225943381115,0.014564604
2020-12-10,12.457303370786518,5.49438202247191,66.0,1006.7884615384617,4.756,0.34279534,-8.069169101920844,-2.6618099956089036,0.014564604
2020-12-11,14.482022471910113,9.810112359550564,41.75,1002.4769230769232,6.652,0.34279534,-6.044450000797248,1.6539203414697496,0.014564604
2020-12-12,13.02921348314607,5.4460674157303375,0.11764705882352941,1007.8999999999999,4.164000000000001,0.34279534,-7.497258989561292,-2.7101246023504766,0.014564604
2020-12-13,12.997752808988766,4.0528089887640455,4.530120481927711,1009.0884615384615,1.7173333333333334,0.34279534,-7.528719663718595,-4.103383029316769,0.014564604
2020-12-14,12.625842696629212,7.179775280898877,67.95294117647059,1004.7961538461539,2.6,0.34279534,-7.90062977607815,-0.9764167371819372,0.014564604
2020-12-15,10.386516853932585,3.851685393258427,8.929411764705883,1008.0576923076923,2.5973333333333337,0.34279534,-10.139955618774776,-4.3045066248223876,0.014564604
2020-12-16,9.540449438202248,3.951685393258427,46.892857142857146,1009.323076923077,3.281333333333334,0.34279534,-10.986023034505113,-4.204506624822387,0.014564604
2020-12-17,10.777272727272727,3.311363636363637,0.6024096385542169,1015.4307692307691,1.0066666666666666,0.34279534,-9.749199745434634,-4.844828381717177,0.014564604
2020-12-18,9.495555555555557,1.836666666666667,26.058823529411764,1015.9615384615385,1.592,0.34279534,-11.030916917151805,-6.319525351414147,0.014564604
2020-12-19,8.56,4.673333333333333,52.88235294117647,1013.4346153846155,2.16,0.34279534,-11.96647247270736,-3.482858684747481,0.014564604
2020-12-20,10.881818181818183,3.1068181818181815,4.392857142857143,1018.053846153846,1.3445945945945947,0.34279534,-9.644654290889179,-5.049373836262633,0.014564604
2020-12-21,11.086516853932583,5.398876404494382,1.8395061728395061,1021.976923076923,1.5243243243243245,0.34279534,-9.439955618774778,-2.7573156135864316,0.014564604
2020-12-22,13.498863636363637,5.994318181818182,0.7738095238095238,1019.946153846154,1.7054054054054055,0.34279534,-7.027608836343724,-2.1618738362626324,0.014564604
2020-12-23,10.505617977528091,5.195505617977529,11.341176470588236,1017.9653846153849,1.8702702702702703,0.34279534,-10.02085449517927,-2.9606864001032847,0.014564604
2020-12-24,9.187640449438202,2.3853932584269666,3.0357142857142856,1018.073076923077,1.8945945945945952,0.34279534,-11.338832023269159,-5.7707987596538475,0.014564604
2020-12-25,7.3090909090909095,-1.4125,0.23809523809523808,1022.2769230769231,3.362162162162163,0.34279534,-13.217381563616453,-9.568692018080814,0.014564604
2020-12-26,7.286363636363635,-3.377272727272728,0.23809523809523808,1021.8769230769233,2.081081081081081,0.34279534,-13.240108836343726,-11.533464745353541,0.014564604
2020-12-27,7.877011494252875,-3.537931034482759,33.74390243902439,1005.5884615384615,3.721621621621621,0.34279534,-12.649460978454487,-11.694123052563572,0.014564604
2020-12-28,7.973333333333333,1.6700000000000002,1.9,995.4222222222224,5.414666666666667,0.34279534,-12.553139139374029,-6.486192018080814,0.014564604
2020-12-29,6.486363636363638,-0.26022727272727275,3.475609756097561,1002.8423076923077,4.074666666666666,0.34279534,-14.040108836343723,-8.416419290808086,0.014564604
2020-12-30,6.779545454545455,-1.8102272727272728,1.7142857142857142,1010.5518518518519,2.5702702702702704,0.34279534,-13.746927018161905,-9.966419290808087,0.014564604
2020-12-31,6.468539325842698,-1.6494382022471912,32.88095238095238,1008.1925925925926,3.512162162162163,0.34279534,-14.057933146864663,-9.805630220328005,0.014564604
2021-01-01,5.412359550561797,-0.9966292134831459,3.891566265060241,1005.5777777777779,3.658108108108108,0.34279534,-15.114112922145564,-9.15282123156396,0.014564604
2021-01-02,4.286363636363637,-3.3068181818181817,0.30864197530864196,1009.6962962962963,2.8999999999999995,0.34279534,-16.240108836343722,-11.463010199898996,0.014564604
2021-01-03,5.666292134831461,-3.982022471910113,2.45679012345679,1009.7074074074075,2.810958904109589,0.34279534,-14.8601803378759,-12.138214489990927,0.014564604
2021-01-04,4.97159090909091,-2.751136363636364,1.2820512820512822,1005.7576923076927,2.4246575342465757,0.34279534,-15.554881563616451,-10.907328381717178,0.014564604
2021-01-05,5.420000000000001,-5.567777777777779,2.5,1007.25,1.2256756756756757,0.34279534,-15.10647247270736,-13.723969795858594,0.014564604
2021-01-06,5.545054945054945,-6.174725274725274,1.6,1008.4178571428572,1.5094594594594595,0.34279534,-14.981417527652416,-14.330917292806088,0.014564604
2021-01-07,2.8200000000000003,-4.092222222222222,12.2125,1007.7428571428571,1.9743243243243247,0.34279534,-17.70647247270736,-12.248414240303036,0.014564604
2021-01-08,1.1258426966292134,-4.653932584269663,73.1125,1004.1035714285715,3.308219178082192,0.34279534,-19.400629776078148,-12.810124602350477,0.014564604
2021-01-09,0.21910112359550557,-2.295505617977528,33.27272727272727,1000.1535714285716,3.5236111111111112,0.34279534,-20.307371349111857,-10.451697636058341,0.014564604
2021-01-10,3.1505747126436776,-4.053488372093024,7.46875,1008.4000000000002,2.843661971830986,0.34279534,-17.375897760063683,-12.209680390173837,0.014564604
2021-01-11,3.7079545454545455,-7.047727272727275,2.0303030303030303,1018.7928571428571,2.0875,0.34279534,-16.818517927252817,-15.203919290808088,0.014564604
2021-01-12,5.7011111111111115,-8.671111111111111,3.7313432835820897,1025.267857142857,1.101369863013699,0.34279534,-14.82536136159625,-16.827303129191925,0.014564604
2021-01-13,7.5777777777777775,-6.926666666666667,1.1645569620253164,1026.1642857142858,1.2000000000000002,0.34279534,-12.948694694929584,-15.082858684747482,0.014564604
2021-01-14,7.93076923076923,-5.884615384615386,0.0,1023.95,1.5638888888888889,0.34279534,-12.595703241938132,-14.040807402696199,0.014564604
2021-01-15,7.430337078651686,-4.277528089887641,0.02531645569620253,1024.6964285714287,1.7591549295774649,0.34279534,-13.096135394055676,-12.433720107968455,0.014564604
2021-01-16,9.126136363636364,-4.143181818181818,0.11904761904761904,1024.9071428571428,1.1859154929577462,0.34279534,-11.400336109070997,-12.299373836262632,0.014564604
2021-01-17,10.076666666666666,-4.3500000000000005,0.14285714285714285,1025.3285714285716,1.323611111111111,0.34279534,-10.449805806040695,-12.506192018080814,0.014564604
2021-01-18,11.062921348314608,-2.7840909090909096,0.024096385542168676,1022.6678571428571,1.1901408450704227,0.34279534,-9.463551124392753,-10.940282927171724,0.014564604
2021-01-19,9.660227272727273,-2.647126436781609,24.0375,1016.5074074074073,1.888732394366198,0.34279534,-10.866245199980089,-10.803318454862424,0.014564604
2021-01-20,8.629213483146069,1.2931818181818182,83.87951807228916,1006.188888888889,4.352777777777778,0.34279534,-11.897258989561292,-6.863010199898996,0.014564604
2021-01-21,10.251685393258427,5.74659090909091,87.47560975609755,1004.8925925925926,5.250000000000001,0.34279534,-10.274787079448934,-2.4096011089899037,0.014564604
2021-01-22,10.089655172413796,3.45632183908046,25.34567901234568,1003.4703703703703,6.223943661971831,0.34279534,-10.436817300293566,-4.699870179000354,0.014564604
2021-01-23,10.740697674418605,3.03953488372093,83.13253012048193,1005.411111111111,5.875,0.34279534,-9.785774798288756,-5.116657134359884,0.014564604
2021-01-24,10.531818181818183,5.350574712643677,18.098765432098766,1005.6703703703705,4.435616438356164,0.34279534,-9.994654290889178,-2.8056173054371367,0.014564604
2021-01-25,12.413793103448276,7.037209302325582,57.4390243902439,1007.8111111111111,5.3500000000000005,0.34279534,-8.112679369259086,-1.118982715755232,0.014564604
2021-01-26,13.680459770114943,8.639534883720932,18.3125,1014.8037037037037,2.4589041095890414,0.34279534,-6.846012702592418,0.4833428656401182,0.014564604
2021-01-27,16.458620689655174,8.624137931034484,1.0481927710843373,1018.1076923076924,2.1205479452054794,0.34279534,-4.067851783052188,0.4679459129536703,0.014564604
2021-01-28,15.616091954022988,7.337209302325581,0.7195121951219512,1017.4576923076925,1.849315068493151,0.34279534,-4.910380518684374,-0.818982715755233,0.014564604
2021-01-29,14.05172413793104,6.572093023255815,46.94117647058823,1012.8230769230771,2.0616438356164384,0.34279534,-6.474748334776322,-1.5840989948249993,0.014564604
2021-01-30,11.565116279069768,6.354117647058824,12.214285714285714,1007.0076923076923,6.4232876712328775,0.34279534,-8.961356193637593,-1.8020743710219902,0.014564604
2021-01-31,12.969767441860466,6.062352941176472,23.841463414634145,1006.323076923077,5.545205479452055,0.34279534,-7.556705030846896,-2.0938390769043425,0.014564604
2021-02-01,13.410465116279067,6.67906976744186,3.0609756097560976,1009.4714285714288,5.06,0.34279534,-7.116007356428295,-1.4771222506389536,0.014564604
2021-02-02,12.682954545454548,6.785227272727274,11.642857142857142,1010.1999999999998,3.333333333333334,0.34279534,-7.8435179272528135,-1.3709647453535396,0.014564604
2021-02-03,11.672727272727274,6.8402298850574725,61.72289156626506,1007.4892857142859,3.4065789473684216,0.34279534,-8.853745199980088,-1.3159621330233415,0.014564604
2021-02-04,10.96896551724138,6.2057471264367825,79.6,1004.4107142857146,2.0626666666666673,0.34279534,-9.557506955465982,-1.9504448916440316,0.014564604
2021-02-05,13.482758620689655,5.72906976744186,103.9390243902439,998.2321428571429,2.3,0.34279534,-7.0437138520177065,-2.427122250638954,0.014564604
2021-02-06,9.630681818181818,4.779310344827587,37.357142857142854,997.6642857142857,2.0552631578947373,0.34279534,-10.895790654525543,-3.3768816732532274,0.014564604
2021-02-07,8.939772727272727,2.401136363636364,123.35714285714286,1001.2178571428573,3.093421052631579,0.34279534,-11.586699745434634,-5.75505565444445,0.014564604
2021-02-08,9.109090909090908,4.479310344827586,69.17857142857143,998.7928571428572,5.309210526315789,0.34279534,-11.417381563616454,-3.676881673253228,0.014564604
2021-02-09,8.440909090909091,4.193181818181819,211.78571428571428,998.7607142857141,5.1657534246575345,0.34279534,-12.08556338179827,-3.963010199898995,0.014564604
2021-02-10,12.336363636363638,4.628735632183908,15.25609756097561,1003.8071428571428,4.1386666666666665,0.34279534,-8.190108836343724,-3.5274563858969064,0.014564604
2021-02-11,12.99662921348315,6.45909090909091,65.48809523809524,1012.8310344827587,2.604,0.34279534,-7.5298432592242115,-1.6971011089899042,0.014564604
2021-02-12,12.825555555555555,5.529213483146067,3.5542168674698793,1014.7655172413793,3.9946666666666664,0.34279534,-7.700916917151806,-2.6269785349347474,0.014564604
2021-02-13,14.462222222222222,2.714444444444444,0.18823529411764706,1020.4310344827588,2.03421052631579,0.34279534,-6.06425025048514,-5.44174757363637,0.014564604
2021-02-14,15.995555555555557,2.2544444444444447,0.08139534883720931,1022.8413793103448,2.060526315789474,0.34279534,-4.530916917151805,-5.901747573636369,0.014564604
2021-02-15,15.455056179775282,3.9685393258426966,0.11627906976744186,1023.8103448275862,2.882432432432433,0.34279534,-5.07141629293208,-4.187652692238117,0.014564604
2021-02-16,14.89438202247191,4.302272727272728,0.9651162790697675,1020.2103448275861,2.7920000000000003,0.34279534,-5.6320904502354505,-3.8539192908080864,0.014564604
2021-02-17,15.723595505617979,4.973033707865169,0.09523809523809523,1015.296551724138,2.1106666666666674,0.34279534,-4.802876967089382,-3.183158310215645,0.014564604
2021-02-18,14.835227272727275,4.596551724137932,2.8705882352941177,1011.9000000000001,3.7689189189189185,0.34279534,-5.691245199980086,-3.5596402939428824,0.014564604
2021-02-19,16.235555555555557,4.084444444444444,0.0,1010.9448275862072,3.4460526315789477,0.34279534,-4.2909169171518045,-4.07174757363637,0.014564604
2021-02-20,15.26703296703297,5.844444444444444,7.1395348837209305,1005.1827586206896,5.006578947368421,0.34279534,-5.259439505674392,-2.31174757363637,0.014564604
2021-02-21,11.580219780219782,3.501111111111111,122.0,1001.596551724138,3.4213333333333336,0.34279534,-8.94625269248758,-4.655080906969703,0.014564604
2021-02-22,10.428571428571429,1.3122222222222224,9.034883720930232,1013.0068965517243,2.408,0.34279534,-10.097901044135932,-6.843969795858592,0.014564604
2021-02-23,13.59021739130435,0.02934782608695653,2.2873563218390807,1024.606896551724,2.685714285714286,0.34279534,-6.9362550814030115,-8.126844191993857,0.014564604
2021-02-24,14.932967032967031,3.249450549450551,1.0930232558139534,1024.1714285714286,3.8171052631578952,0.34279534,-5.59350543974033,-4.906741468630264,0.014564604
2021-02-25,13.007608695652177,5.4391304347826095,0.5057471264367817,1021.596551724138,2.2355263157894734,0.34279534,-7.518863777055184,-2.7170615832982046,0.014564604
2021-02-26,15.277173913043478,5.204395604395605,0.0,1021.6034482758622,2.3272727272727276,0.34279534,-5.249298559663883,-2.9517964136852095,0.014564604
2021-02-27,17.22717391304348,3.2467391304347832,0.0,1017.8379310344828,1.9636363636363638,0.34279534,-3.2992985596638817,-4.909452887646031,0.014564604
2021-02-28,13.981521739130434,1.8793478260869563,1.6941176470588235,1014.0620689655173,2.9337662337662334,0.34279534,-6.544950733576927,-6.276844191993858,0.014564604
2021-03-01,10.891304347826088,5.250000000000001,6.275862068965517,1015.2551724137932,3.4306666666666668,0.41036496,-9.635168124881273,-2.906192018080813,0.08213422
2021-03-02,13.773626373626378,5.505494505494506,1.2857142857142858,1019.2724137931035,2.2947368421052636,0.41036496,-6.752846099080983,-2.6506975125863077,0.08213422
2021-03-03,15.185714285714287,4.558241758241758,0.1411764705882353,1021.1689655172414,1.6935064935064936,0.41036496,-5.3407581869930745,-3.597950259839056,0.08213422
2021-03-04,15.040217391304349,4.3326086956521745,0.47674418604651164,1014.8586206896553,2.0766233766233766,0.41036496,-5.486255081403012,-3.8235833224286395,0.08213422
2021-03-05,14.794565217391304,4.4703296703296695,0.21176470588235294,1010.5892857142856,2.590666666666667,0.41036496,-5.731907255316058,-3.6858623477511445,0.08213422
2021-03-06,14.887912087912087,3.997777777777778,2.744186046511628,1013.3785714285716,1.916,0.41036496,-5.638560384795275,-4.158414240303037,0.08213422
2021-03-07,14.222826086956522,3.8260869565217392,17.91860465116279,1011.2931034482757,1.7311688311688316,0.41036496,-6.30364638575084,-4.330105061559075,0.08213422
2021-03-08,10.546153846153846,3.108888888888889,18.294117647058822,1010.4758620689656,2.0893333333333337,0.41036496,-9.980318626553515,-5.047303129191925,0.08213422
2021-03-09,11.51978021978022,1.1351648351648351,0.11627906976744186,1014.0689655172415,2.113157894736842,0.41036496,-9.006692252927142,-7.021027182915979,0.08213422
2021-03-10,15.398888888888887,-0.891111111111111,0.0,1016.875,1.9960000000000007,0.41036496,-5.127583583818474,-9.047303129191924,0.08213422
2021-03-11,16.413333333333334,4.753333333333334,2.9651162790697674,1026.1851851851852,3.1776315789473686,0.41036496,-4.113139139374027,-3.40285868474748,0.08213422
2021-03-12,13.709890109890111,3.3450549450549456,1.2023809523809523,1017.2655172413793,2.94078947368421,0.41036496,-6.81658236281725,-4.8111370730258685,0.08213422
2021-03-13,13.7010989010989,0.589010989010989,0.0,1018.1620689655174,2.95,0.41036496,-6.825373571608461,-7.567181029069825,0.08213422
2021-03-14,14.651648351648353,1.8153846153846152,0.0,1020.4,2.4671052631578947,0.41036496,-5.874824121059008,-6.340807402696199,0.08213422
2021-03-15,16.875824175824178,1.356043956043956,0.0,1019.6931034482759,2.3328947368421047,0.41036496,-3.6506482968831833,-6.800148062036858,0.08213422
2021-03-16,16.97252747252747,2.5362637362637366,0.0,1019.8620689655172,3.305333333333333,0.41036496,-3.5539450001798905,-5.619928281817078,0.08213422
2021-03-17,17.63956043956044,3.543333333333334,0.0,1018.1896551724138,4.230263157894737,0.41036496,-2.8869120331469205,-4.61285868474748,0.08213422
2021-03-18,11.355555555555556,1.5311111111111113,0.011904761904761904,1015.5689655172415,4.343421052631579,0.41036496,-9.170916917151805,-6.6250809069697025,0.08213422
2021-03-19,11.204395604395605,0.7901098901098902,5.176470588235294,1009.8724137931034,3.724675324675325,0.41036496,-9.322076868311756,-7.366082127970924,0.08213422
2021-03-20,9.972826086956522,0.18152173913043482,0.03409090909090909,1014.2000000000003,4.8311688311688314,0.41036496,-10.55364638575084,-7.974670278950379,0.08213422
2021-03-21,12.928260869565218,-2.073913043478261,0.0,1017.048275862069,3.103896103896104,0.41036496,-7.598211603142143,-10.230105061559076,0.08213422
2021-03-22,15.631868131868135,-0.3978021978021978,0.0,1014.6724137931035,2.5402597402597404,0.41036496,-4.894604340839226,-8.553994215883012,0.08213422
2021-03-23,18.305494505494504,0.2230769230769231,0.0,1016.0793103448277,1.6802631578947367,0.41036496,-2.220977967212857,-7.933115095003891,0.08213422
2021-03-24,19.866666666666667,1.5333333333333337,0.0,1017.2535714285713,2.0263157894736845,0.41036496,-0.6598058060406942,-6.622858684747481,0.08213422
2021-03-25,19.371428571428577,2.5472527472527475,0.0,1016.2586206896553,2.322368421052632,0.41036496,-1.155043901278784,-5.608939270828067,0.08213422
2021-03-26,16.803296703296706,4.251648351648352,0.0,1016.0655172413793,3.035526315789474,0.41036496,-3.7231757694106555,-3.9045436664324624,0.08213422
2021-03-27,16.94615384615385,2.874725274725275,0.0,1019.1379310344828,2.152631578947368,0.41036496,-3.5803186265535096,-5.281466743355539,0.08213422
2021-03-28,20.693406593406596,4.151648351648352,0.0,1019.9551724137931,2.6644736842105265,0.41036496,0.16693412069923497,-4.004543666432462,0.08213422
2021-03-29,20.69,7.94888888888889,0.023809523809523808,1017.8071428571429,3.7584415584415587,0.41036496,0.16352752729263997,-0.20730312919192428,0.08213422
2021-03-30,19.616483516483516,9.483516483516484,0.0,1017.4103448275862,3.603896103896103,0.41036496,-0.9099889562238452,1.3273244654356695,0.08213422
2021-03-31,23.35888888888889,8.11,0.0,1011.796551724138,4.127272727272727,0.41036496,2.8324164161815304,-0.046192018080814634,0.08213422
2021-04-01,21.334444444444443,10.066666666666666,58.66279069767442,1007.4586206896553,3.4973684210526317,0.41036496,0.8079719717370821,1.9104746485858524,0.08213422
2021-04-02,16.102222222222224,8.431111111111111,51.49425287356322,1009.0965517241381,2.0157894736842104,0.41036496,-4.424250250485137,0.27491909303029693,0.08213422
2021-04-03,18.932222222222222,5.820000000000001,11.69047619047619,1007.451724137931,2.330263157894737,0.41036496,-1.594250250485139,-2.336192018080813,0.08213422
2021-04-04,19.22197802197802,3.1527472527472526,0.05747126436781609,1009.8310344827588,1.966233766233766,0.41036496,-1.3044944507293401,-5.003444765333562,0.08213422
2021-04-05,20.8989010989011,3.645054945054945,0.0,1010.7931034482758,1.768831168831169,0.41036496,0.37242862619373795,-4.5111370730258695,0.08213422
2021-04-06,21.184615384615384,4.0516483516483515,0.022988505747126436,1007.5413793103447,2.3269230769230766,0.41036496,0.6581429119080227,-4.104543666432463,0.08213422
2021-04-07,19.502173913043478,3.4532608695652174,0.022727272727272728,1010.7241379310343,2.4128205128205136,0.41036496,-1.0242985596638832,-4.702931148515597,0.08213422
2021-04-08,17.682417582417585,7.394505494505494,43.01136363636363,1013.241379310345,2.514102564102564,0.41036496,-2.844054890289776,-0.7616865235753201,0.08213422
2021-04-09,14.293478260869563,7.48804347826087,52.22727272727273,1010.9310344827585,2.367532467532467,0.41036496,-6.232994211837799,-0.6681485398199438,0.08213422
2021-04-10,16.78021978021978,7.362637362637364,103.0919540229885,1006.1,2.4263157894736844,0.41036496,-3.7462526924875803,-0.79355465544345,0.08213422
2021-04-11,14.894444444444444,5.896666666666667,17.885057471264368,1010.4827586206898,2.6907894736842106,0.41036496,-5.632028028262917,-2.2595253514141467,0.08213422
2021-04-12,16.045054945054947,2.7252747252747254,2.4302325581395348,1017.6206896551724,2.225,0.41036496,-4.481417527652415,-5.430917292806089,0.08213422
2021-04-13,14.253846153846153,7.256043956043957,22.64367816091954,1015.3034482758621,1.9671052631578947,0.41036496,-6.272626318861208,-0.9001480620368572,0.08213422
2021-04-14,18.505555555555556,8.776666666666667,35.616279069767444,1009.748275862069,2.1866666666666665,0.41036496,-2.020916917151805,0.6204746485858532,0.08213422
2021-04-15,16.60222222222222,7.204444444444444,9.465116279069768,1008.9172413793104,2.7360000000000007,0.41036496,-3.924250250485141,-0.9517475736363696,0.08213422
2021-04-16,15.876666666666667,3.313333333333333,0.09195402298850575,1011.6517241379311,2.9118421052631582,0.41036496,-4.649805806040694,-4.8428586847474815,0.08213422
2021-04-17,15.234065934065933,-0.02747252747252746,0.0,1013.748275862069,2.626315789473684,0.41036496,-5.292406538641428,-8.183664545553341,0.08213422
2021-04-18,17.724444444444444,1.010989010989011,0.13793103448275862,1015.0689655172415,1.827631578947369,0.41036496,-2.8020280282629173,-7.145203007091803,0.08213422
2021-04-19,18.796666666666667,6.006666666666667,11.069767441860465,1010.8724137931033,2.3000000000000003,0.41036496,-1.7298058060406944,-2.1495253514141472,0.08213422
2021-04-20,17.536263736263738,6.935555555555556,12.470588235294118,1006.8551724137931,2.598701298701299,0.41036496,-2.9902087364436234,-1.220636462525258,0.08213422
2021-04-21,15.607777777777779,6.390000000000001,84.4367816091954,1005.0206896551722,2.042857142857143,0.41036496,-4.918694694929583,-1.7661920180808135,0.08213422
2021-04-22,16.45777777777778,7.9460674157303375,17.03448275862069,1006.8285714285715,1.6342105263157896,0.41036496,-4.068694694929583,-0.21012460235047659,0.08213422
2021-04-23,17.419780219780222,7.831868131868131,0.19318181818181818,1009.9448275862068,4.173684210526315,0.41036496,-3.1066922529271395,-0.3243238862126834,0.08213422
2021-04-24,17.697802197802197,8.943333333333335,16.047619047619047,1007.9896551724137,4.007894736842106,0.41036496,-2.828670274905164,0.7871413152525211,0.08213422
2021-04-25,14.910989010989015,8.924444444444445,74.58620689655173,1004.9862068965515,2.921052631578948,0.41036496,-5.6154834617183464,0.768252426363631,0.08213422
2021-04-26,18.00879120879121,8.575555555555557,27.091954022988507,1000.5379310344829,1.7671052631578945,0.41036496,-2.5176812639161525,0.41936353747474264,0.08213422
2021-04-27,18.207954545454548,7.396590909090909,55.75,999.0551724137929,1.8743243243243246,0.41036496,-2.318517927252813,-0.7596011089899051,0.08213422
2021-04-28,16.534482758620694,8.324137931034485,54.01176470588236,999.4344827586209,2.32027027027027,0.41036496,-3.9919897140866674,0.16794591295367134,0.08213422
2021-04-29,14.692134831460674,6.853409090909091,21.080459770114942,1001.8586206896554,3.0594594594594597,0.41036496,-5.834337641246687,-1.302782927171723,0.08213422
2021-04-30,14.553333333333335,4.871111111111111,18.74712643678161,1003.8655172413793,2.055844155844156,0.41036496,-5.973139139374027,-3.2850809069697027,0.08213422
2021-05-01,14.915555555555555,4.581111111111111,3.1686746987951806,1007.493103448276,2.250649350649351,0.41036496,-5.6109169171518065,-3.5750809069697027,0.08213422
2021-05-02,16.165555555555557,4.308888888888889,6.690476190476191,1011.103448275862,1.5181818181818185,0.41036496,-4.360916917151805,-3.847303129191925,0.08213422
2021-05-03,17.837078651685395,6.35505617977528,11.30232558139535,1012.251724137931,2.403947368421053,0.41036496,-2.689393821021966,-1.8011358383055338,0.08213422
2021-05-04,20.930337078651686,5.056179775280899,0.23255813953488372,1011.2758620689657,2.251315789473684,0.41036496,0.4038646059443245,-3.100012242799915,0.08213422
2021-05-05,22.621348314606742,6.807865168539325,0.0,1009.8241379310346,2.0618421052631586,0.41036496,2.0948758418993805,-1.3483268495414888,0.08213422
2021-05-06,23.697752808988767,8.104494382022473,0.0,1009.9137931034483,3.2381578947368417,0.41036496,3.1712803362814057,-0.05169763605834099,0.08213422
2021-05-07,25.825555555555564,9.071910112359552,0.011627906976744186,1010.4034482758619,2.1171052631578946,0.41036496,5.2990830828482025,0.9157180942787377,0.08213422
2021-05-08,25.883333333333333,9.854444444444447,0.8837209302325582,1004.8862068965519,3.8328947368421056,0.41036496,5.3568608606259716,1.6982524263636325,0.08213422
2021-05-09,16.975280898876406,6.901123595505618,77.76744186046511,1001.3068965517241,4.571052631578948,0.41036496,-3.5511915738309554,-1.2550684225751958,0.08213422
2021-05-10,15.117977528089888,4.243820224719101,37.69047619047619,1005.555172413793,3.4480000000000004,0.41036496,-5.408494944617473,-3.9123717933617135,0.08213422
2021-05-11,15.382022471910112,4.347191011235956,7.744186046511628,1011.6689655172413,3.9391891891891886,0.41036496,-5.144450000797249,-3.8090010068448583,0.08213422
2021-05-12,17.688636363636366,7.607954545454546,1.7380952380952381,1011.1607142857143,5.198666666666666,0.41036496,-2.837836109070995,-0.5482374726262682,0.08213422
2021-05-13,17.461797752808994,5.902247191011235,5.635294117647059,1009.993103448276,4.537333333333333,0.41036496,-3.064674719898367,-2.2539448270695788,0.08213422
2021-05-14,20.930337078651686,6.880898876404494,0.0,1010.1655172413796,3.1552631578947365,0.41036496,0.4038646059443245,-1.27529314167632,0.08213422
2021-05-15,23.078651685393258,9.41685393258427,0.0,1008.8724137931035,4.284210526315789,0.41036496,2.552179212685896,1.2606619145034568,0.08213422
2021-05-16,22.189887640449438,10.91685393258427,0.38095238095238093,1008.7068965517243,4.5131578947368425,0.41036496,1.6634151677420768,2.7606619145034568,0.08213422
2021-05-17,23.310112359550565,9.135955056179775,0.0,1011.1689655172415,2.5631578947368423,0.41036496,2.783639886843204,0.9797630380989606,0.08213422
2021-05-18,24.12528735632184,9.216091954022989,0.0,1011.5444444444444,3.9842105263157896,0.41036496,3.59881488361448,1.059899935942175,0.08213422
2021-05-19,23.52159090909091,8.151136363636365,0.0,1014.9142857142857,2.578947368421053,0.41036496,2.9951184363835495,-0.005055654444449331,0.08213422
2021-05-20,27.68750000000001,8.657471264367816,0.0,1011.9846153846154,1.8618421052631582,0.41036496,7.161027527292649,0.5012792462870017,0.08213422
2021-05-21,25.541111111111114,11.014444444444445,0.0,1007.6035714285715,3.9129870129870126,0.41036496,5.014638638403753,2.858252426363631,0.08213422
2021-05-22,18.366666666666667,8.866666666666665,0.0,1008.4392857142859,3.128571428571428,0.41036496,-2.159805806040694,0.7104746485858513,0.08213422
2021-05-23,19.09444444444445,6.363333333333334,9.523809523809524,1010.8750000000001,2.625974025974026,0.41036496,-1.4320280282629128,-1.79285868474748,0.08213422
2021-05-24,20.26777777777778,6.083333333333335,0.6823529411764706,1014.3857142857141,3.2,0.41036496,-0.25869469492958075,-2.0728586847474793,0.08213422
2021-05-25,24.465555555555557,6.58,0.046511627906976744,1014.6428571428571,2.138961038961039,0.41036496,3.939083082848196,-1.576192018080814,0.08213422
2021-05-26,26.008791208791212,10.716483516483517,0.5402298850574713,1010.3931034482758,2.2961038961038964,0.41036496,5.482318736083851,2.5602914984027034,0.08213422
2021-05-27,26.33406593406594,11.202197802197803,5.609195402298851,1007.8793103448276,1.9584415584415582,0.41036496,5.807593461358579,3.046005784116989,0.08213422
2021-05-28,25.886666666666674,13.908888888888889,9.223529411764705,1009.0214285714286,1.8571428571428572,0.41036496,5.3601941939593125,5.752696870808075,0.08213422
2021-05-29,29.512222222222228,12.385555555555555,8.773809523809524,1010.0500000000001,1.6207792207792209,0.41036496,8.985749749514866,4.229363537474741,0.08213422
2021-05-30,29.845555555555556,14.490000000000002,8.857142857142858,1007.0107142857141,2.3220779220779217,0.41036496,9.319083082848195,6.333807981919188,0.08213422
2021-05-31,29.6,14.657303370786519,63.30952380952381,1003.7357142857145,3.1837837837837837,0.41036496,9.07352752729264,6.5011113527057045,0.08213422
2021-06-01,22.346067415730335,12.243820224719101,17.435294117647057,1003.4071428571431,3.3618421052631584,0.2502554,1.8195949430229739,4.087628206638287,-0.07797533
2021-06-02,25.154444444444444,9.682222222222222,0.18823529411764706,1006.6035714285715,2.4740259740259742,0.2502554,4.627971971737082,1.5260302041414082,-0.07797533
2021-06-03,26.634065934065937,11.647252747252749,1.7857142857142858,1008.8275862068966,2.78961038961039,0.2502554,6.107593461358576,3.4910607291719344,-0.07797533
2021-06-04,25.927472527472524,11.012087912087912,0.6206896551724138,1012.6862068965518,2.24025974025974,0.2502554,5.401000054765163,2.855895894007098,-0.07797533
2021-06-05,24.36304347826087,11.370652173913047,23.275862068965516,1014.4517241379311,2.23974358974359,0.2502554,3.836571005553509,3.214460155832233,-0.07797533
2021-06-06,28.286813186813188,10.551648351648351,0.7906976744186046,1012.9448275862068,1.9884615384615387,0.2502554,7.760340714105826,2.3954563335675374,-0.07797533
2021-06-07,30.50111111111111,12.754444444444445,0.023809523809523808,1011.4517241379311,2.048717948717949,0.2502554,9.97463863840375,4.598252426363631,-0.07797533
2021-06-08,32.223076923076924,13.986813186813183,0.06976744186046512,1010.575,2.565384615384615,0.2502554,11.696604450369563,5.830621168732369,-0.07797533
2021-06-09,32.283516483516486,13.709890109890111,0.011627906976744186,1010.6296296296298,2.5282051282051285,0.2502554,11.757044010809125,5.553698091809297,-0.07797533
2021-06-10,32.60659340659341,14.54835164835165,0.011764705882352941,1008.3857142857144,2.4358974358974357,0.2502554,12.08012093388605,6.392159630270836,-0.07797533
2021-06-11,31.582222222222228,15.577777777777778,24.1046511627907,1007.4607142857142,2.857142857142857,0.2502554,11.055749749514867,7.421585759696963,-0.07797533
2021-06-12,30.41,14.56,37.207317073170735,1010.4214285714287,3.3623376623376626,0.2502554,9.883527527292639,6.403807981919186,-0.07797533
2021-06-13,30.855056179775275,15.438202247191011,15.916666666666666,1011.0500000000002,3.2197368421052635,0.2502554,10.328583707067914,7.282010229110197,-0.07797533
2021-06-14,31.09444444444445,15.94111111111111,10.365853658536585,1009.7464285714285,2.2719999999999994,0.2502554,10.567971971737087,7.784919093030297,-0.07797533
2021-06-15,31.716666666666672,15.695555555555554,47.28048780487805,1007.0285714285714,2.776623376623377,0.2502554,11.19019419395931,7.53936353747474,-0.07797533
2021-06-16,28.859550561797747,16.178409090909092,83.10843373493977,1003.0000000000001,3.046666666666667,0.2502554,8.333078089090385,8.022217072828278,-0.07797533
2021-06-17,21.346067415730335,13.628089887640451,89.01190476190476,1003.4629629629629,2.818421052631579,0.2502554,0.8195949430229739,5.471897869559637,-0.07797533
2021-06-18,22.321590909090908,11.569318181818183,60.11764705882353,1005.2923076923075,3.0539473684210527,0.2502554,1.7951184363835466,3.4131261637373687,-0.07797533
2021-06-19,22.27977528089888,10.066292134831462,6.25,1007.1666666666669,2.5184210526315796,0.2502554,1.753302808191517,1.9101001167506482,-0.07797533
2021-06-20,19.194318181818183,11.403409090909092,16.63855421686747,1004.5185185185185,4.664473684210527,0.2502554,-1.3321542908891786,3.2472170728282777,-0.07797533
2021-06-21,20.15730337078652,9.93409090909091,2.8780487804878048,1005.4407407407407,3.944,0.2502554,-0.36916910192084273,1.7778988910100963,-0.07797533
2021-06-22,21.006741573033707,11.167415730337082,25.023809523809526,1008.7384615384616,2.3207792207792206,0.2502554,0.4802691003263462,3.0112237122562675,-0.07797533
2021-06-23,23.006818181818183,10.631818181818183,0.30952380952380953,1011.3692307692309,2.5526315789473686,0.2502554,2.4803457091108214,2.4756261637373687,-0.07797533
2021-06-24,27.447777777777784,10.08888888888889,0.0,1012.3296296296297,2.018181818181818,0.2502554,6.9213053050704225,1.9326968708080763,-0.07797533
2021-06-25,30.436666666666667,13.128888888888888,0.0,1009.4629629629629,2.3,0.2502554,9.910194193959306,4.972696870808074,-0.07797533
2021-06-26,30.63222222222223,14.944444444444441,0.11764705882352941,1005.4185185185185,3.97012987012987,0.2502554,10.105749749514867,6.788252426363627,-0.07797533
2021-06-27,26.686666666666667,12.842222222222226,0.0,1005.5370370370371,4.255844155844155,0.2502554,6.160194193959306,4.686030204141412,-0.07797533
2021-06-28,25.226666666666667,9.704444444444444,0.0,1009.0740740740738,3.005194805194805,0.2502554,4.700194193959305,1.5482524263636304,-0.07797533
2021-06-29,28.381318681318678,10.461111111111112,0.011494252873563218,1008.6074074074074,2.0272727272727273,0.2502554,7.854846208611317,2.304919093030298,-0.07797533
2021-06-30,31.009890109890105,12.251648351648353,0.20689655172413793,1007.1892857142856,2.6636363636363636,0.2502554,10.483417637182743,4.0954563335675385,-0.07797533
2021-07-01,31.852222222222224,13.488888888888889,0.0,1007.5814814814815,2.639473684210526,0.2502554,11.325749749514863,5.332696870808075,-0.07797533
2021-07-02,32.31111111111111,14.156666666666666,0.045454545454545456,1007.4666666666667,3.2116883116883117,0.2502554,11.784638638403749,6.000474648585852,-0.07797533
2021-07-03,29.845555555555556,15.353333333333335,0.0,1007.4666666666666,3.2935064935064937,0.2502554,9.319083082848195,7.197141315252521,-0.07797533
2021-07-04,29.205617977528096,14.011235955056183,0.0,1008.3370370370368,3.663636363636363,0.2502554,8.679145504820735,5.855043936975369,-0.07797533
2021-07-05,31.641573033707864,14.437078651685395,9.385542168674698,1005.4407407407407,3.8684210526315788,0.2502554,11.115100561000503,6.280886633604581,-0.07797533
2021-07-06,21.797752808988765,12.27303370786517,11.172413793103448,1006.8555555555556,3.142105263157894,0.2502554,1.2712803362814036,4.116841689784357,-0.07797533
2021-07-07,24.30568181818182,9.856818181818184,0.11494252873563218,1010.6769230769229,2.7878378378378375,0.2502554,3.7792093454744595,1.70062616373737,-0.07797533
2021-07-08,28.5561797752809,10.559550561797753,0.034482758620689655,1013.6481481481483,2.041891891891892,0.2502554,8.029707302573538,2.403358543716939,-0.07797533
2021-07-09,32.55111111111111,13.750000000000002,0.0,1010.6964285714286,2.3662162162162166,0.2502554,12.02463863840375,5.593807981919188,-0.07797533
2021-07-10,35.1370786516854,16.041573033707866,0.0,1007.4888888888889,2.409459459459459,0.2502554,14.610606178978038,7.885381015627052,-0.07797533
2021-07-11,37.13146067415731,17.56629213483146,0.022988505747126436,1003.6481481481482,3.9364864864864857,0.2502554,16.60498820144995,9.410100116750646,-0.07797533
2021-07-12,24.75227272727273,13.569318181818181,0.022988505747126436,1008.2269230769232,5.102702702702703,0.2502554,4.2258002545653675,5.413126163737367,-0.07797533
2021-07-13,26.1561797752809,9.722471910112361,0.011627906976744186,1012.5148148148148,2.6067567567567567,0.2502554,5.629707302573539,1.566279892031547,-0.07797533
2021-07-14,27.895454545454548,11.6625,0.3103448275862069,1011.6740740740742,2.4891891891891893,0.2502554,7.368982072747187,3.5063079819191856,-0.07797533
2021-07-15,30.86629213483146,12.821348314606743,0.0,1010.2250000000001,2.4560000000000004,0.2502554,10.3398196621241,4.665156296525929,-0.07797533
2021-07-16,34.11098901098901,14.974725274725275,0.0,1009.5758620689655,2.057894736842105,0.2502554,13.584516538281648,6.818533256644461,-0.07797533
2021-07-17,35.75777777777778,16.47111111111111,0.011235955056179775,1007.8321428571427,2.407894736842105,0.2502554,15.231305305070421,8.314919093030296,-0.07797533
2021-07-18,34.38666666666666,17.374444444444443,0.0,1006.4892857142859,3.0799999999999996,0.2502554,13.860194193959302,9.218252426363629,-0.07797533
2021-07-19,34.507777777777775,15.986666666666668,0.0,1004.5,2.3360000000000003,0.2502554,13.981305305070414,7.830474648585854,-0.07797533
2021-07-20,33.82,16.78111111111111,0.6477272727272727,1005.4750000000001,2.6144736842105267,0.2502554,13.293527527292639,8.624919093030295,-0.07797533
2021-07-21,35.081111111111106,16.753333333333334,0.045454545454545456,1007.7142857142857,2.4184210526315786,0.2502554,14.554638638403745,8.59714131525252,-0.07797533
2021-07-22,35.103370786516855,17.348314606741575,0.011494252873563218,1006.7,3.0706666666666664,0.2502554,14.576898313809494,9.19212258866076,-0.07797533
2021-07-23,30.46516853932585,15.817977528089889,0.0,1004.5642857142858,3.906756756756757,0.2502554,9.938696066618487,7.661785510009075,-0.07797533
2021-07-24,28.867415730337076,12.407865168539326,0.0,1004.7392857142858,2.9866666666666672,0.2502554,8.340943257629714,4.251673150458512,-0.07797533
2021-07-25,28.79887640449438,13.196629213483146,18.147727272727273,1004.075,2.681333333333334,0.2502554,8.272403931787018,5.0404371954023315,-0.07797533
2021-07-26,29.56516853932584,14.534831460674159,0.17045454545454544,1005.8074074074074,1.956756756756757,0.2502554,9.038696066618478,6.378639442593345,-0.07797533
2021-07-27,31.803370786516858,15.792134831460674,0.0,1004.8464285714286,3.1905405405405407,0.2502554,11.276898313809497,7.6359428133798595,-0.07797533
2021-07-28,33.295454545454554,15.534090909090908,0.056818181818181816,1004.1148148148147,2.601369863013699,0.2502554,12.768982072747193,7.377898891010094,-0.07797533
2021-07-29,33.745555555555555,16.721111111111114,0.0,1004.0857142857145,3.571232876712328,0.2502554,13.219083082848194,8.5649190930303,-0.07797533
2021-07-30,31.79888888888889,15.666666666666666,0.0,1004.4214285714287,3.2506849315068496,0.2502554,11.272416416181528,7.510474648585852,-0.07797533
2021-07-31,24.186666666666667,13.29666666666667,6.689655172413793,1006.7821428571431,3.7013513513513527,0.2502554,3.660194193959306,5.140474648585856,-0.07797533
2021-08-01,25.778888888888886,10.384444444444444,0.08045977011494253,1008.8464285714288,2.252702702702702,0.2502554,5.252416416181525,2.22825242636363,-0.07797533
2021-08-02,28.765555555555558,12.34888888888889,0.011494252873563218,1007.1000000000001,1.9081081081081088,0.2502554,8.239083082848197,4.192696870808076,-0.07797533
2021-08-03,30.42666666666667,14.147777777777783,0.09195402298850575,1007.5892857142857,3.0243243243243243,0.2502554,9.900194193959308,5.991585759696969,-0.07797533
2021-08-04,29.876666666666672,17.102222222222224,0.10344827586206896,1007.8000000000001,3.294594594594595,0.2502554,9.350194193959311,8.94603020414141,-0.07797533
2021-08-05,32.96000000000001,14.624444444444444,0.0,1006.6285714285716,3.313513513513514,0.2502554,12.433527527292647,6.46825242636363,-0.07797533
2021-08-06,30.791111111111114,14.475555555555555,0.0,1002.1321428571429,3.605333333333333,0.2502554,10.264638638403753,6.319363537474741,-0.07797533
2021-08-07,26.734444444444442,13.664444444444444,0.0,1003.4821428571429,3.2813333333333334,0.2502554,6.207971971737081,5.508252426363629,-0.07797533
2021-08-08,29.285555555555558,11.141111111111114,0.0,1006.6428571428572,2.030666666666667,0.2502554,8.759083082848196,2.9849190930302996,-0.07797533
2021-08-09,32.57222222222223,13.829999999999998,0.0,1007.0035714285714,2.2378378378378376,0.2502554,12.045749749514869,5.673807981919184,-0.07797533
2021-08-10,34.44719101123595,16.614606741573034,0.011494252873563218,1006.3444444444447,2.0,0.2502554,13.92071853852859,8.45841472349222,-0.07797533
2021-08-11,36.928735632183916,18.57816091954023,5.705882352941177,1006.4285714285716,2.347297297297297,0.2502554,16.402263159476554,10.421968901459417,-0.07797533
2021-08-12,36.208988764044946,20.187640449438206,0.0,1008.9107142857144,3.0178082191780824,0.2502554,15.682516291337585,12.031448431357392,-0.07797533
2021-08-13,39.48314606741574,18.814606741573034,0.4069767441860465,1010.5535714285716,2.7465753424657535,0.2502554,18.956673594708377,10.65841472349222,-0.07797533
2021-08-14,39.88,21.21888888888889,3.0,1009.4035714285714,2.7386666666666666,0.2502554,19.35352752729264,13.062696870808077,-0.07797533
2021-08-15,38.338888888888896,19.802222222222227,0.011494252873563218,1007.8964285714286,3.052000000000001,0.2502554,17.812416416181534,11.646030204141413,-0.07797533
2021-08-16,33.62555555555556,15.5,0.0,1010.0357142857143,3.1105263157894742,0.2502554,13.099083082848196,7.343807981919186,-0.07797533
2021-08-17,31.1,14.465555555555557,0.0,1011.6964285714287,2.6934210526315794,0.2502554,10.57352752729264,6.309363537474743,-0.07797533
2021-08-18,31.866292134831465,13.596629213483148,0.0,1007.5962962962964,2.4133333333333336,0.2502554,11.339819662124103,5.440437195402334,-0.07797533
2021-08-19,32.07444444444445,14.161111111111111,0.0,1004.8357142857142,2.3355263157894735,0.2502554,11.547971971737091,6.004919093030297,-0.07797533
2021-08-20,32.76222222222223,15.273333333333337,0.0,1006.2107142857143,2.777333333333333,0.2502554,12.235749749514866,7.117141315252523,-0.07797533
2021-08-21,33.496629213483146,14.37752808988764,0.0,1008.9444444444445,2.221052631578947,0.2502554,12.970156740775785,6.221336071806826,-0.07797533
2021-08-22,35.189772727272725,15.284090909090908,0.4883720930232558,1009.5555555555557,2.003947368421053,0.2502554,14.663300254565364,7.127898891010094,-0.07797533
2021-08-23,35.14204545454545,18.462500000000002,2.5476190476190474,1006.6925925925926,2.7368421052631575,0.2502554,14.615572981838092,10.306307981919188,-0.07797533
2021-08-24,32.326966292134834,16.5314606741573,10.25,1004.1666666666664,2.3407894736842105,0.2502554,11.800493819427473,8.375268656076488,-0.07797533
2021-08-25,30.657777777777785,15.17888888888889,11.279069767441861,1004.3357142857143,2.268,0.2502554,10.131305305070423,7.022696870808076,-0.07797533
2021-08-26,31.680000000000003,17.310000000000002,3.367816091954023,1006.2172413793103,1.8723684210526321,0.2502554,11.153527527292642,9.153807981919188,-0.07797533
2021-08-27,32.97,16.557303370786517,0.0,1005.8206896551725,2.32,0.2502554,12.443527527292638,8.401111352705703,-0.07797533
2021-08-28,31.084269662921347,15.341573033707864,0.0,1005.4703703703703,2.4986842105263154,0.2502554,10.557797190213986,7.1853810156270495,-0.07797533
2021-08-29,29.731460674157308,14.616853932584268,0.4880952380952381,1004.975,2.2776315789473687,0.2502554,9.204988201449947,6.460661914503454,-0.07797533
2021-08-30,29.18977272727273,14.705681818181818,1.1647058823529413,1004.8357142857143,2.3184210526315794,0.2502554,8.663300254565367,6.549489800101004,-0.07797533
2021-08-31,31.160000000000007,14.584444444444445,133.58823529411765,1006.3142857142858,1.9220779220779216,0.2502554,10.633527527292646,6.428252426363631,-0.07797533
2021-09-01,23.75681818181818,14.365517241379306,60.04705882352941,1008.2821428571427,2.470666666666667,0.32843885,3.230345709110818,6.209325223298492,0.00020810962
2021-09-02,25.226136363636364,13.323863636363637,15.439024390243903,1009.3142857142857,1.8159999999999998,0.32843885,4.699663890929003,5.167671618282823,0.00020810962
2021-09-03,27.768888888888892,13.804444444444446,0.047619047619047616,1009.0413793103448,1.9223684210526315,0.32843885,7.2424164161815305,5.648252426363632,0.00020810962
2021-09-04,29.897727272727277,13.514772727272732,0.0,1007.6310344827589,1.8413333333333337,0.32843885,9.371254800019916,5.3585807091919175,0.00020810962
2021-09-05,32.028089887640455,15.346067415730339,0.0,1008.4499999999999,2.289333333333333,0.32843885,11.501617414933094,7.189875397649525,0.00020810962
2021-09-06,31.236363636363638,19.570454545454545,0.03529411764705882,1008.7357142857144,3.74,0.32843885,10.709891163656277,11.414262527373731,0.00020810962
2021-09-07,29.569318181818186,17.070454545454545,0.024096385542168676,1007.0928571428573,3.721621621621621,0.32843885,9.042845709110825,8.914262527373731,0.00020810962
2021-09-08,25.44659090909091,14.588636363636363,0.6987951807228916,1007.3678571428572,3.08,0.32843885,4.92011843638355,6.432444345555549,0.00020810962
2021-09-09,25.611494252873566,15.355172413793104,0.7228915662650602,1007.925925925926,2.7560000000000002,0.32843885,5.085021780166205,7.19898039571229,0.00020810962
2021-09-10,25.820689655172416,13.729885057471265,0.38823529411764707,1010.1,2.588157894736842,0.32843885,5.294217182465054,5.5736930393904505,0.00020810962
2021-09-11,25.875,12.051136363636363,0.0,1010.6285714285716,1.8565789473684209,0.32843885,5.348527527292639,3.8949443455555492,0.00020810962
2021-09-12,30.386363636363637,13.179545454545455,0.0,1006.7642857142857,2.130263157894737,0.32843885,9.859891163656275,5.023353436464641,0.00020810962
2021-09-13,24.952272727272728,15.572727272727274,91.95294117647059,1006.5678571428572,2.975,0.32843885,4.425800254565367,7.41653525464646,0.00020810962
2021-09-14,18.66352941176471,13.58823529411765,219.97619047619048,1005.6269230769232,3.0027027027027025,0.32843885,-1.8629430609426514,5.432043276036836,0.00020810962
2021-09-15,21.454545454545457,13.270454545454545,34.07142857142857,1007.6962962962964,1.534246575342466,0.32843885,0.9280729818380955,5.1142625273737305,0.00020810962
2021-09-16,24.55568181818182,13.009090909090906,1.869047619047619,1010.3518518518518,1.3794520547945206,0.32843885,4.0292093454744595,4.852898891010092,0.00020810962
2021-09-17,25.764772727272728,12.538636363636364,1.5180722891566265,1008.1000000000001,2.294520547945205,0.32843885,5.238300254565367,4.38244434555555,0.00020810962
2021-09-18,23.425842696629214,11.77752808988764,0.023529411764705882,1008.8888888888891,2.7000000000000006,0.32843885,2.899370223921853,3.6213360718068266,0.00020810962
2021-09-19,24.447727272727274,8.801136363636362,0.011904761904761904,1012.6888888888889,1.5972972972972974,0.32843885,3.921254800019913,0.6449443455555475,0.00020810962
2021-09-20,23.34090909090909,9.688636363636364,1.011764705882353,1014.1407407407409,3.018918918918919,0.32843885,2.8144366182017286,1.5324443455555503,0.00020810962
2021-09-21,21.282222222222224,7.907777777777777,1.8571428571428572,1014.9666666666667,3.56081081081081,0.32843885,0.7557497495148624,-0.24841424030303738,0.00020810962
2021-09-22,20.887777777777778,10.573333333333334,29.476744186046513,1012.5214285714286,2.805333333333333,0.32843885,0.3613053050704167,2.41714131525252,0.00020810962
2021-09-23,23.311111111111117,12.360000000000001,165.92045454545453,1008.6666666666665,3.464935064935066,0.32843885,2.784638638403756,4.203807981919187,0.00020810962
2021-09-24,21.642045454545453,14.013636363636367,75.17441860465117,1007.2777777777778,2.4894736842105267,0.32843885,1.115572981838092,5.857444345555553,0.00020810962
2021-09-25,19.710227272727273,11.961363636363636,14.55952380952381,1010.6535714285712,2.9821917808219176,0.32843885,-0.8162451999800879,3.805171618282822,0.00020810962
2021-09-26,22.717045454545456,10.51818181818182,0.20481927710843373,1014.1714285714286,1.637837837837838,0.32843885,2.190572981838095,2.3619898001010053,0.00020810962
2021-09-27,24.259770114942526,10.367816091954023,0.0,1014.9,1.4135135135135135,0.32843885,3.733297642235165,2.2116240738732085,0.00020810962
2021-09-28,23.99090909090909,10.838636363636365,0.023529411764705882,1014.4857142857143,1.9162162162162164,0.32843885,3.464436618201727,2.6824443455555507,0.00020810962
2021-09-29,23.164367816091957,9.143678160919539,0.0,1017.8111111111111,1.7364864864864864,0.32843885,2.6378953433845957,0.9874861428387245,0.00020810962
2021-09-30,24.095402298850583,9.904597701149426,0.023809523809523808,1016.4925925925927,1.337837837837838,0.32843885,3.568929826143222,1.7484056830686114,0.00020810962
2021-10-01,24.423595505617982,10.773033707865169,0.0,1013.4714285714288,1.5418918918918922,0.32843885,3.8971230329106206,2.616841689784355,0.00020810962
2021-10-02,24.32183908045977,10.292045454545455,36.89411764705882,1006.8407407407408,2.622972972972973,0.32843885,3.7953666077524097,2.1358534364646413,0.00020810962
2021-10-03,17.34606741573034,7.782022471910114,67.5813953488372,1006.6999999999999,4.059459459459459,0.32843885,-3.1804050569770226,-0.3741695461707,0.00020810962
2021-10-04,17.788636363636364,6.075280898876405,0.7831325301204819,1014.0321428571432,2.2,0.32843885,-2.7378361090709973,-2.0809111192044094,0.00020810962
2021-10-05,20.76179775280899,9.015730337078653,1.7209302325581395,1015.0142857142857,2.939473684210527,0.32843885,0.23532528010163034,0.8595383189978385,0.00020810962
2021-10-06,22.82921348314607,9.608988764044945,0.0,1016.8500000000001,1.6932432432432432,0.32843885,2.3027410104387087,1.4527967459641307,0.00020810962
2021-10-07,24.802222222222227,7.917777777777778,0.0,1014.2500000000002,1.337837837837838,0.32843885,4.2757497495148655,-0.23841424030303582,0.00020810962
2021-10-08,25.29325842696629,8.644444444444446,0.0,1012.0714285714287,1.4946666666666668,0.32843885,4.766785954258928,0.48825242636363164,0.00020810962
2021-10-09,24.165909090909096,8.232584269662922,0.0,1012.4,1.4216216216216218,0.32843885,3.639436618201735,0.07639225158210827,0.00020810962
2021-10-10,22.72808988764045,8.702222222222222,0.0,1013.45,1.826666666666667,0.32843885,2.2016174149330894,0.5460302041414078,0.00020810962
2021-10-11,22.35333333333333,8.818888888888889,0.0,1013.5785714285714,1.8934210526315791,0.32843885,1.8268608606259704,0.6626968708080749,0.00020810962
2021-10-12,23.287640449438207,8.313333333333334,0.0,1011.8071428571429,1.4289473684210527,0.32843885,2.761167976730846,0.15714131525252029,0.00020810962
2021-10-13,23.582022471910115,6.592222222222224,0.0,1012.5785714285715,1.6584415584415586,0.32843885,3.0555499992027535,-1.5639697958585899,0.00020810962
2021-10-14,23.606593406593408,6.190109890109891,0.5348837209302325,1014.2071428571427,1.4118421052631578,0.32843885,3.0801209338860467,-1.9660821279709229,0.00020810962
2021-10-15,23.271428571428576,8.130434782608695,0.0,1012.5068965517243,1.6828947368421052,0.32843885,2.7449560987212145,-0.025757235472118722,0.00020810962
2021-10-16,20.64130434782609,8.509782608695652,15.28735632183908,1011.2413793103449,1.0144736842105264,0.32843885,0.11483187511872828,0.35359059061483755,0.00020810962
2021-10-17,20.87912087912088,11.21978021978022,7.116279069767442,1012.4999999999999,1.4133333333333336,0.32843885,0.35264840641351825,3.0635882016994067,0.00020810962
2021-10-18,22.917391304347827,12.166304347826086,0.367816091954023,1015.7103448275863,1.1289473684210527,0.32843885,2.390918831640466,4.010112329745272,0.00020810962
2021-10-19,24.9108695652174,12.14782608695652,0.0,1016.8379310344828,1.9013157894736838,0.32843885,4.384397092510039,3.9916340688757064,0.00020810962
2021-10-20,23.85434782608696,11.311956521739129,0.03409090909090909,1014.0793103448278,2.9571428571428573,0.32843885,3.3278753533796,3.1557645036583146,0.00020810962
2021-10-21,19.597826086956523,8.557608695652174,0.11764705882352941,1012.6206896551723,1.9363636363636363,0.32843885,-0.928646385750838,0.4014166775713601,0.00020810962
2021-10-22,18.326086956521745,6.202173913043478,0.45977011494252873,1014.1758620689654,2.7506493506493506,0.32843885,-2.200385516185616,-1.9540181050373358,0.00020810962
2021-10-23,18.965217391304353,3.9358695652173914,0.0,1016.493103448276,1.2987179487179488,0.32843885,-1.561255081403008,-4.220322452863423,0.00020810962
2021-10-24,20.134065934065934,3.547252747252748,0.0,1016.7862068965517,1.4831168831168833,0.32843885,-0.3924065386414277,-4.608939270828066,0.00020810962
2021-10-25,19.741111111111113,4.434444444444445,0.0,1015.241379310345,1.3289473684210527,0.32843885,-0.785361361596248,-3.721747573636369,0.00020810962
2021-10-26,20.371111111111116,5.188888888888889,0.0,1016.4206896551725,1.6815789473684213,0.32843885,-0.15536136159624547,-2.967303129191925,0.00020810962
2021-10-27,20.635164835164836,4.810989010989011,0.011494252873563218,1014.9965517241379,1.4000000000000001,0.32843885,0.10869236245747516,-3.3452030070918033,0.00020810962
2021-10-28,19.748913043478264,5.004347826086956,5.435294117647059,1009.5758620689656,2.279746835443038,0.32843885,-0.7775594292290968,-3.151844191993858,0.00020810962
2021-10-29,14.894565217391307,10.377173913043478,426.02298850574715,1002.348275862069,3.5025316455696203,0.32843885,-5.6319072553160545,2.220981894962664,0.00020810962
2021-10-30,17.351612903225806,12.331182795698927,122.125,1000.296551724138,3.4012658227848105,0.32843885,-3.174859569481555,4.174990777618113,0.00020810962
2021-10-31,18.708695652173915,12.438043478260875,260.2,1004.5,5.025641025641026,0.32843885,-1.817776820533446,4.281851460180061,0.00020810962
2021-11-01,15.336263736263735,7.692391304347827,1.2823529411764707,1007.157142857143,3.9467532467532465,0.32843885,-5.190208736443626,-0.46380071373298737,0.00020810962
2021-11-02,12.105494505494507,5.865217391304348,59.43529411764706,1005.2071428571429,3.606493506493506,0.32843885,-8.420977967212854,-2.2909746267764657,0.00020810962
2021-11-03,10.727173913043481,3.6282608695652177,3.6547619047619047,1004.3321428571428,3.302597402597403,0.32843885,-9.79929855966388,-4.527931148515597,0.00020810962
2021-11-04,10.689130434782609,1.5728260869565216,1.146341463414634,1011.0357142857144,2.279220779220779,0.32843885,-9.837342037924753,-6.583365931124293,0.00020810962
2021-11-05,10.577777777777778,0.8933333333333334,4.036585365853658,1017.9392857142857,2.8623376623376626,0.32843885,-9.948694694929584,-7.2628586847474805,0.00020810962
2021-11-06,11.09,0.4835164835164835,0.38095238095238093,1021.7607142857144,2.692,0.32843885,-9.436472472707361,-7.6726755345643305,0.00020810962
2021-11-07,12.343333333333334,0.28888888888888886,0.0,1019.7964285714288,2.286666666666667,0.32843885,-8.183139139374028,-7.867303129191925,0.00020810962
2021-11-08,16.21086956521739,2.972826086956521,0.0,1015.3571428571429,2.8500000000000005,0.32843885,-4.315602907489971,-5.183365931124293,0.00020810962
2021-11-09,16.03978494623656,3.1774193548387095,0.0,1012.8071428571429,2.028205128205129,0.32843885,-4.486687526470803,-4.978772663242104,0.00020810962
2021-11-10,15.338043478260868,1.0445652173913045,0.0,1013.282142857143,1.307692307692308,0.32843885,-5.188428994446493,-7.11162680068951,0.00020810962
2021-11-11,15.245652173913046,1.0032608695652174,0.0,1013.2571428571429,1.1734177215189872,0.32843885,-5.280820298794316,-7.152931148515597,0.00020810962
2021-11-12,16.136170212765958,2.193617021276596,0.0,1012.6464285714286,1.38875,0.32843885,-4.390302259941404,-5.962574996804218,0.00020810962
2021-11-13,15.38586956521739,2.2456521739130433,0.27058823529411763,1014.1464285714285,1.3506329113924054,0.32843885,-5.140602907489971,-5.91053984416777,0.00020810962
2021-11-14,14.914893617021281,1.9829787234042557,0.32941176470588235,1013.6607142857143,1.640506329113924,0.32843885,-5.61157885568608,-6.173213294676558,0.00020810962
2021-11-15,13.002150537634408,2.3204301075268816,0.07228915662650602,1014.9107142857144,2.578481012658228,0.32843885,-7.524321935072953,-5.8357619105539325,0.00020810962
2021-11-16,12.292553191489366,0.924468085106383,0.046511627906976744,1014.425,1.9253164556962024,0.32843885,-8.233919281217995,-7.231723932974431,0.00020810962
2021-11-17,12.908602150537638,1.1731182795698922,0.046511627906976744,1016.9172413793104,2.5775,0.32843885,-7.617870322169724,-6.983073738510922,0.00020810962
2021-11-18,13.373404255319153,0.4202127659574469,0.0,1019.507142857143,2.343037974683545,0.32843885,-7.153068217388208,-7.735979252123367,0.00020810962
2021-11-19,13.956382978723402,3.9202127659574475,0.11494252873563218,1019.2551724137932,3.41875,0.32843885,-6.570089493983959,-4.235979252123366,0.00020810962
2021-11-20,12.345263157894738,6.185263157894737,5.894117647058824,1015.6413793103449,2.1450000000000005,0.32843885,-8.181209314812623,-1.9709288601860768,0.00020810962
2021-11-21,13.451063829787236,5.020212765957448,12.183908045977011,1009.6241379310345,1.1543209876543208,0.32843885,-7.0754086429201255,-3.1359792521233665,0.00020810962
2021-11-22,8.42340425531915,1.8946808510638298,76.58620689655173,1004.8655172413793,2.52125,0.32843885,-12.103068217388211,-6.261511167016984,0.00020810962
2021-11-23,5.114736842105263,0.6284210526315791,41.333333333333336,1006.3793103448277,1.7450000000000003,0.32843885,-15.411735630602099,-7.527770965449235,0.00020810962
2021-11-24,6.120212765957447,0.5563829787234043,31.379310344827587,1008.1517241379311,1.9274999999999998,0.32843885,-14.406259706749914,-7.59980903935741,0.00020810962
2021-11-25,8.138297872340425,1.425531914893617,6.305882352941176,1004.7607142857141,1.9734177215189874,0.32843885,-12.388174600366936,-6.730660103187197,0.00020810962
2021-11-26,8.298924731182796,0.575,1.8953488372093024,1006.8551724137931,2.6987500000000004,0.32843885,-12.227547741524566,-7.581192018080814,0.00020810962
2021-11-27,7.291304347826087,-0.34239130434782605,10.129411764705882,1004.9862068965515,4.588461538461539,0.32843885,-13.235168124881273,-8.49858332242864,0.00020810962
2021-11-28,7.451612903225806,-1.031182795698925,4.301204819277109,1011.1137931034484,4.5227848101265815,0.32843885,-13.074859569481555,-9.187374813779739,0.00020810962
2021-11-29,11.792391304347827,2.597826086956522,1.783132530120482,1013.6607142857143,3.759493670886077,0.32843885,-8.734081168359534,-5.558365931124293,0.00020810962
2021-11-30,11.872043010752689,-0.2849462365591398,0.6046511627906976,1020.467857142857,1.162962962962963,0.32843885,-8.654429461954672,-8.441138254639954,0.00020810962
2021-12-01,9.702127659574469,-0.6404255319148936,24.544444444444444,1014.4142857142858,3.4716049382716054,0.3575266,-10.824344813132893,-8.796617549995707,0.029295862
2021-12-02,8.021505376344088,1.0483870967741937,0.8068181818181818,1011.2896551724137,3.5898734177215195,0.3575266,-12.504967096363274,-7.10780492130662,0.029295862
2021-12-03,11.424468085106382,-0.547872340425532,1.5632183908045978,1017.8241379310346,2.2582278481012663,0.3575266,-9.10200438760098,-8.704064358506345,0.029295862
2021-12-04,11.668817204301076,2.323404255319149,8.102272727272727,1017.1137931034483,3.445569620253165,0.3575266,-8.857655268406285,-5.832787762761665,0.029295862
2021-12-05,9.756521739130436,2.5358695652173915,3.823529411764706,1016.5206896551725,5.176923076923078,0.3575266,-10.769950733576925,-5.620322452863423,0.029295862
2021-12-06,11.81413043478261,2.170967741935484,5.593023255813954,1019.3,2.928205128205128,0.3575266,-8.712342037924751,-5.98522427614533,0.029295862
2021-12-07,11.271739130434783,4.019565217391305,47.7906976744186,1012.1448275862069,4.398717948717949,0.3575266,-9.254733342272578,-4.136626800689509,0.029295862
2021-12-08,7.775000000000002,2.835869565217391,9.452380952380953,1010.2758620689655,5.6746835443037975,0.3575266,-12.75147247270736,-5.320322452863423,0.029295862
2021-12-09,10.370329670329669,3.2087912087912094,12.744186046511627,1014.8357142857143,5.432051282051282,0.3575266,-10.156142802377692,-4.947400809289604,0.029295862
2021-12-10,13.402150537634409,5.652688172043011,1.011764705882353,1013.8137931034485,5.545569620253164,0.3575266,-7.1243219350729525,-2.5035038460378027,0.029295862
2021-12-11,14.718478260869563,4.147311827956989,0.16091954022988506,1018.1586206896552,2.186075949367089,0.3575266,-5.807994211837798,-4.008880190123825,0.029295862
2021-12-12,14.320430107526883,2.3752688172043013,0.4606741573033708,1020.5965517241381,1.24625,0.3575266,-6.206042365180478,-5.780923200876513,0.029295862
2021-12-13,12.050537634408602,1.521505376344086,0.42696629213483145,1019.4620689655173,1.50875,0.3575266,-8.475934838298759,-6.634686641736728,0.029295862
2021-12-14,12.85217391304348,0.9630434782608697,0.4318181818181818,1020.4137931034485,1.5124999999999997,0.3575266,-7.674298559663882,-7.193148539819944,0.029295862
2021-12-15,15.088297872340428,1.4414893617021276,0.13636363636363635,1019.4793103448276,1.6337500000000003,0.3575266,-5.438174600366933,-6.7147026563786865,0.029295862
2021-12-16,13.269565217391307,0.8673913043478262,0.20224719101123595,1020.5555555555554,2.4518987341772154,0.3575266,-7.2569072553160545,-7.2888007137329875,0.029295862
2021-12-17,12.529347826086957,0.36739130434782613,0.02247191011235955,1020.625,2.23,0.3575266,-7.997124646620405,-7.7888007137329875,0.029295862
2021-12-18,10.554838709677421,0.2741935483870968,0.3068181818181818,1022.037931034483,1.9888888888888892,0.3575266,-9.97163376302994,-7.881998469693717,0.029295862
2021-12-19,11.50967741935484,2.00752688172043,0.04597701149425287,1019.1137931034483,2.44320987654321,0.3575266,-9.01679505335252,-6.148665136360384,0.029295862
2021-12-20,10.828260869565218,2.0021505376344084,31.36046511627907,1016.2551724137932,1.7862500000000003,0.3575266,-9.698211603142143,-6.154041480446406,0.029295862
2021-12-21,13.404301075268819,6.241304347826088,48.80232558139535,1013.9103448275863,1.8784810126582283,0.3575266,-7.122171397438542,-1.9148876702547257,0.029295862
2021-12-22,13.329347826086956,6.045652173913043,11.209302325581396,1012.9896551724138,2.31875,0.3575266,-7.197124646620406,-2.1105398441677714,0.029295862
2021-12-23,11.102150537634408,6.02258064516129,77.35632183908046,1011.8551724137931,2.5594936708860763,0.3575266,-9.424321935072953,-2.133611372919524,0.029295862
2021-12-24,11.325000000000001,6.072826086956522,41.127906976744185,1005.555172413793,2.2600000000000002,0.3575266,-9.20147247270736,-2.083365931124292,0.029295862
2021-12-25,10.217391304347826,6.550000000000002,76.29069767441861,1001.5172413793105,1.9350000000000005,0.3575266,-10.309081168359535,-1.6061920180808125,0.029295862
2021-12-26,11.645652173913044,7.384782608695653,129.54022988505747,1004.5785714285714,3.079746835443038,0.3575266,-8.880820298794317,-0.7714094093851607,0.029295862
2021-12-27,13.546739130434782,8.21521739130435,2.218390804597701,1016.5961538461538,5.0518987341772155,0.3575266,-6.97973334227258,0.05902537322353574,0.029295862
2021-12-28,13.717391304347826,6.610869565217393,0.1839080459770115,1024.5730769230772,3.3898734177215193,0.3575266,-6.809081168359535,-1.545322452863421,0.029295862
2021-12-29,14.157608695652176,4.270652173913043,0.26436781609195403,1020.0821428571431,1.39620253164557,0.3575266,-6.368863777055186,-3.885539844167771,0.029295862
2021-12-30,16.860869565217392,2.9510869565217397,0.5454545454545454,1018.5535714285713,1.518987341772152,0.3575266,-3.665602907489969,-5.205105061559074,0.029295862
2021-12-31,17.519780219780223,2.91978021978022,0.18181818181818182,1021.1785714285713,1.4294871794871795,0.3575266,-3.006692252927138,-5.236411798300594,0.029295862
2022-01-01,18.41086956521739,3.308695652173913,0.044444444444444446,1022.0821428571428,1.558974358974359,0.3575266,-2.115602907489972,-4.847496365906901,0.029295862
2022-01-02,16.46630434782609,4.360869565217392,0.06666666666666667,1022.9714285714288,1.20126582278481,0.3575266,-4.060168124881272,-3.795322452863422,0.029295862
2022-01-03,16.18913043478261,3.6880434782608695,0.08888888888888889,1018.0357142857143,1.717721518987342,0.3575266,-4.337342037924753,-4.4681485398199445,0.029295862
2022-01-04,12.224175824175827,2.3000000000000003,52.41111111111111,1009.6142857142858,4.302531645569621,0.3575266,-8.302296648531534,-5.856192018080813,0.029295862
2022-01-05,7.498913043478261,1.3967391304347827,46.31111111111111,1012.9103448275864,2.6645569620253164,0.3575266,-13.0275594292291,-6.759452887646031,0.029295862
2022-01-06,6.78021978021978,-0.6857142857142856,3.511111111111111,1016.2379310344828,1.6860759493670885,0.3575266,-13.74625269248758,-8.8419063037951,0.029295862
2022-01-07,8.560439560439564,-0.7000000000000001,0.7954545454545454,1022.6620689655174,2.0487179487179494,0.3575266,-11.966032912267798,-8.856192018080813,0.029295862
2022-01-08,8.765934065934065,-2.010989010989011,0.5777777777777777,1023.6241379310345,2.2670886075949372,0.3575266,-11.760538406773296,-10.167181029069825,0.029295862
2022-01-09,11.613186813186815,1.585714285714286,3.8,1018.2275862068966,4.72625,0.3575266,-8.913285659520547,-6.570477732366528,0.029295862
2022-01-10,13.845555555555556,4.346067415730337,0.9213483146067416,1025.0333333333335,2.5387500000000003,0.3575266,-6.680916917151805,-3.810124602350477,0.029295862
2022-01-11,13.306593406593407,2.1043956043956045,0.13186813186813187,1020.296551724138,2.059259259259259,0.3575266,-7.219879066113954,-6.05179641368521,0.029295862
2022-01-12,11.266304347826088,0.11739130434782609,0.14285714285714285,1023.2310344827584,2.090123456790124,0.3575266,-9.260168124881273,-8.038800713732988,0.029295862
2022-01-13,9.576923076923078,-1.7000000000000002,0.0,1026.5758620689658,2.375308641975309,0.3575266,-10.949549395784283,-9.856192018080815,0.029295862
2022-01-14,8.815384615384616,-2.6560439560439564,0.0,1026.3724137931038,2.0,0.3575266,-11.711087857322745,-10.812235974124771,0.029295862
2022-01-15,9.047777777777778,-3.4655555555555555,0.044444444444444446,1023.4896551724139,1.2851851851851852,0.3575266,-11.478694694929583,-11.62174757363637,0.029295862
2022-01-16,10.076923076923078,-3.0593406593406596,0.04395604395604396,1025.2206896551727,1.1876543209876544,0.3575266,-10.449549395784283,-11.215532677421473,0.029295862
2022-01-17,11.057142857142859,-2.5516483516483524,0.045454545454545456,1027.0862068965519,1.255,0.3575266,-9.469329615564503,-10.707840369729166,0.029295862
2022-01-18,12.335164835164838,-2.695604395604396,0.0,1025.0413793103448,1.2062499999999998,0.3575266,-8.191307637542524,-10.85179641368521,0.029295862
2022-01-19,12.831868131868132,-2.7989010989010987,0.0,1024.9965517241378,1.37,0.3575266,-7.694604340839229,-10.955093116981914,0.029295862
2022-01-20,11.81868131868132,-1.942857142857143,0.09090909090909091,1023.051724137931,2.1012500000000003,0.3575266,-8.707791154026042,-10.099049160937957,0.029295862
2022-01-21,8.013043478260869,-2.289130434782609,0.26666666666666666,1021.6931034482759,2.47875,0.3575266,-12.513428994446492,-10.445322452863422,0.029295862
2022-01-22,9.749999999999998,-3.311956521739131,0.08888888888888889,1023.1551724137933,1.7012500000000004,0.3575266,-10.776472472707363,-11.468148539819945,0.029295862
2022-01-23,10.042391304347827,-2.3097826086956523,0.0,1020.4758620689657,1.9675,0.3575266,-10.484081168359534,-10.465974626776466,0.029295862
2022-01-24,9.320430107526882,-1.218279569892473,0.0,1022.3379310344828,2.1341772151898737,0.3575266,-11.20604236518048,-9.374471587973288,0.029295862
2022-01-25,10.084782608695653,-0.4641304347826088,0.05555555555555555,1025.093103448276,2.464197530864198,0.3575266,-10.441689864011709,-8.620322452863423,0.029295862
2022-01-26,10.681521739130437,-0.9956521739130436,0.01098901098901099,1023.4827586206897,2.4419753086419758,0.3575266,-9.844950733576924,-9.151844191993858,0.029295862
2022-01-27,13.367032967032968,-0.4824175824175825,0.0,1022.7928571428572,2.0246913580246915,0.3575266,-7.159439505674394,-8.638609600498397,0.029295862
2022-01-28,14.251648351648353,-1.7021978021978026,0.0,1025.4724137931034,2.27875,0.3575266,-6.274824121059009,-9.858389820278617,0.029295862
2022-01-29,15.716666666666667,-2.218888888888889,0.0,1027.2392857142859,2.0787500000000003,0.3575266,-4.8098058060406945,-10.375080906969703,0.029295862
2022-01-30,15.836666666666666,-1.2011111111111112,0.0,1023.4142857142858,1.4765432098765432,0.3575266,-4.689805806040695,-9.357303129191925,0.029295862
2022-01-31,14.61573033707865,-1.3224719101123596,0.0,1023.0964285714286,2.4025,0.3575266,-5.910742135628711,-9.478663928193173,0.029295862
2022-02-01,13.732222222222223,0.6577777777777778,0.0,1024.007142857143,3.707407407407407,0.3575266,-6.794250250485138,-7.4984142403030365,0.029295862
2022-02-02,19.099999999999998,0.38426966292134834,0.0,1020.5928571428573,1.4308641975308642,0.3575266,-1.4264724727073634,-7.771922355159465,0.029295862
2022-02-03,16.012222222222224,1.2483146067415731,0.0,1016.982142857143,1.6612500000000001,0.3575266,-4.514250250485137,-6.907877411339241,0.029295862
2022-02-04,12.31098901098901,2.4802197802197807,0.0,1016.557142857143,1.6199999999999999,0.3575266,-8.215483461718351,-5.675972237861034,0.029295862
2022-02-05,12.468478260869567,1.05,0.0,1019.867857142857,2.4209876543209874,0.3575266,-8.057994211837794,-7.106192018080814,0.029295862
2022-02-06,13.105494505494507,-1.8725274725274725,0.0,1023.5750000000002,1.6024691358024692,0.3575266,-7.420977967212854,-10.028719490608287,0.029295862
2022-02-07,15.974444444444442,-1.11,0.0,1023.0884615384615,2.1271604938271604,0.3575266,-4.552028028262919,-9.266192018080813,0.029295862
2022-02-08,16.481609195402296,-0.02183908045977007,0.0,1022.104,2.1696202531645574,0.3575266,-4.0448632773050655,-8.178031098540584,0.029295862
2022-02-09,16.386666666666667,0.7922222222222222,0.0,1022.7111111111112,1.52,0.3575266,-4.139805806040695,-7.363969795858592,0.029295862
2022-02-10,16.493333333333332,0.7411111111111112,0.0,1020.9444444444446,1.38125,0.3575266,-4.033139139374029,-7.415080906969703,0.029295862
2022-02-11,15.832222222222223,2.57,0.6853932584269663,1019.1333333333334,1.3362500000000002,0.3575266,-4.694250250485139,-5.586192018080814,0.029295862
2022-02-12,14.846666666666668,2.447777777777778,0.7294117647058823,1016.3407407407409,1.72,0.3575266,-5.679805806040694,-5.708414240303036,0.029295862
2022-02-13,12.298888888888893,3.043333333333334,21.738636363636363,1012.4185185185185,3.77625,0.3575266,-8.227583583818468,-5.11285868474748,0.029295862
2022-02-14,10.131111111111112,1.7833333333333334,2.696629213483146,1014.462962962963,3.9499999999999993,0.3575266,-10.39536136159625,-6.372858684747481,0.029295862
2022-02-15,11.283516483516486,-1.1725274725274726,1.4666666666666666,1021.5222222222224,2.527160493827161,0.3575266,-9.242955989190875,-9.328719490608286,0.029295862
2022-02-16,12.723076923076926,2.5692307692307694,0.14942528735632185,1022.351851851852,3.2325000000000004,0.3575266,-7.8033955496304355,-5.586961248850045,0.029295862
2022-02-17,17.641758241758243,3.031868131868132,0.05555555555555555,1018.4481481481481,1.4530864197530864,0.3575266,-2.8847142309491183,-5.124323886212682,0.029295862
2022-02-18,16.29340659340659,2.495604395604396,0.1724137931034483,1012.8407407407409,1.9518518518518517,0.3575266,-4.233065879300771,-5.6605876224764184,0.029295862
2022-02-19,11.636263736263738,1.2131868131868133,1.1,1017.088888888889,3.2086419753086415,0.3575266,-8.890208736443624,-6.943005204894001,0.029295862
2022-02-20,14.327472527472532,-1.8967032967032966,0.044444444444444446,1023.2222222222221,1.5814814814814815,0.3575266,-6.19899994523483,-10.052895314784111,0.029295862
2022-02-21,16.482417582417582,0.6505494505494506,0.0,1022.6703703703703,2.15925925925926,0.3575266,-4.044054890289779,-7.505642567531363,0.029295862
2022-02-22,18.46292134831461,0.9855555555555557,0.0,1022.1740740740742,2.0025,0.3575266,-2.0635511243927525,-7.170636462525258,0.029295862
2022-02-23,18.137777777777778,1.336666666666667,0.0,1016.7592592592594,1.7425000000000002,0.3575266,-2.3886946949295833,-6.819525351414147,0.029295862
2022-02-24,16.201098901098902,2.408888888888889,2.647727272727273,1014.2407407407409,1.59625,0.3575266,-4.325373571608459,-5.747303129191925,0.029295862
2022-02-25,11.109890109890111,4.814285714285715,14.01123595505618,1016.762962962963,3.2777777777777777,0.3575266,-9.41658236281725,-3.341906303795099,0.029295862
2022-02-26,10.135164835164836,4.238461538461539,28.755555555555556,1014.5925925925927,2.9172839506172843,0.3575266,-10.391307637542525,-3.9177304796192747,0.029295862
2022-02-27,13.816483516483519,3.9571428571428573,2.3793103448275863,1015.1115384615385,1.4703703703703705,0.3575266,-6.709988956223842,-4.199049160937957,0.029295862
2022-02-28,16.584615384615383,1.408791208791209,0.19101123595505617,1018.9481481481482,1.5592592592592593,0.3575266,-3.9418570880919788,-6.747400809289605,0.029295862
2022-03-01,16.71758241758242,2.156043956043956,2.5555555555555554,1017.8629629629629,2.0641975308641975,0.37207425,-3.808890055124941,-6.000148062036859,0.043843508
2022-03-02,14.485555555555557,4.531111111111111,3.7613636363636362,1015.2653846153848,3.1325000000000003,0.37207425,-6.0409169171518045,-3.6250809069697034,0.043843508
2022-03-03,9.263333333333335,3.0822222222222218,162.48314606741573,1010.5769230769232,2.549367088607595,0.37207425,-11.263139139374026,-5.073969795858592,0.043843508
2022-03-04,10.593333333333334,1.7711111111111115,3.764044943820225,1012.303846153846,3.1594936708860764,0.37207425,-9.933139139374028,-6.385080906969702,0.043843508
2022-03-05,10.551111111111112,-0.23333333333333336,2.651685393258427,1010.853846153846,1.8455696202531646,0.37207425,-9.97536136159625,-8.389525351414147,0.043843508
2022-03-06,9.572222222222225,-0.3622222222222222,18.068181818181817,1008.119230769231,2.1999999999999997,0.37207425,-10.954250250485137,-8.518414240303036,0.043843508
2022-03-07,10.36888888888889,2.2944444444444443,19.375,1006.1653846153847,2.263291139240506,0.37207425,-10.157583583818472,-5.86174757363637,0.043843508
2022-03-08,11.38111111111111,3.2177777777777785,4.090909090909091,1009.2230769230769,2.908860759493671,0.37207425,-9.145361361596251,-4.938414240303036,0.043843508
2022-03-09,12.296666666666665,2.1700000000000004,2.9204545454545454,1013.1115384615387,2.493589743589744,0.37207425,-8.229805806040696,-5.986192018080814,0.043843508
2022-03-10,14.353932584269666,4.086516853932586,36.36144578313253,1009.716,2.8961038961038965,0.37207425,-6.172539888437695,-4.0696751641482285,0.043843508
2022-03-11,11.46888888888889,4.421111111111111,53.839080459770116,1006.5961538461538,3.338461538461539,0.37207425,-9.057583583818472,-3.735080906969703,0.043843508
2022-03-12,11.112222222222224,1.358888888888889,118.32954545454545,1007.6653846153846,3.1256410256410256,0.37207425,-9.414250250485138,-6.797303129191925,0.043843508
2022-03-13,12.69,3.0199999999999996,17.839080459770116,1006.3846153846155,2.3051282051282054,0.37207425,-7.836472472707362,-5.1361920180808145,0.043843508
2022-03-14,10.216666666666669,4.144444444444445,125.06741573033707,1002.976923076923,4.337179487179487,0.37207425,-10.309805806040693,-4.011747573636369,0.043843508
2022-03-15,16.35824175824176,8.456043956043958,0.06818181818181818,1005.7038461538461,4.467088607594937,0.37207425,-4.168230714465601,0.2998519379631439,0.043843508
2022-03-16,13.697802197802197,8.684615384615386,1.5227272727272727,1009.1653846153847,2.2734177215189875,0.37207425,-6.828670274905164,0.5284233665345717,0.043843508
2022-03-17,10.446153846153845,5.5076923076923086,4.724137931034483,1015.3692307692309,4.3455696202531655,0.37207425,-10.080318626553517,-2.6484997103885055,0.043843508
2022-03-18,13.416483516483515,3.695604395604395,0.9545454545454546,1017.4230769230769,2.3950000000000005,0.37207425,-7.109988956223846,-4.460587622476419,0.043843508
2022-03-19,13.480000000000002,4.810000000000001,1.8522727272727273,1015.8961538461537,2.564556962025316,0.37207425,-7.046472472707359,-3.3461920180808127,0.043843508
2022-03-20,13.3989010989011,6.069230769230769,98.63218390804597,1012.896153846154,4.48,0.37207425,-7.127571373806262,-2.086961248850045,0.043843508
2022-03-21,12.361111111111114,6.023333333333333,174.77011494252875,1011.146153846154,3.1772151898734178,0.37207425,-8.165361361596247,-2.1328586847474806,0.043843508
2022-03-22,12.194444444444445,6.414444444444446,67.49425287356321,1012.7461538461539,4.208860759493672,0.37207425,-8.332028028262917,-1.741747573636368,0.043843508
2022-03-23,10.801098901098904,5.612087912087913,22.431818181818183,1012.8192307692309,4.805,0.37207425,-9.725373571608458,-2.5441041059929015,0.043843508
2022-03-24,11.151648351648353,5.83956043956044,44.325581395348834,1011.4846153846155,4.211250000000001,0.37207425,-9.374824121059008,-2.316631578520374,0.043843508
2022-03-25,12.13888888888889,7.513333333333333,26.818181818181817,1009.9615384615385,3.576923076923077,0.37207425,-8.387583583818472,-0.6428586847474813,0.043843508
2022-03-26,13.106666666666667,6.316666666666666,1.7701149425287357,1011.2846153846153,2.6333333333333333,0.37207425,-7.419805806040694,-1.8395253514141476,0.043843508
2022-03-27,14.958888888888888,5.273333333333333,0.022727272727272728,1014.5115384615385,3.037974683544304,0.37207425,-5.5675835838184735,-2.8828586847474806,0.043843508
2022-03-28,16.733333333333334,5.473333333333334,7.5227272727272725,1010.9307692307692,2.707594936708861,0.37207425,-3.793139139374027,-2.6828586847474805,0.043843508
2022-03-29,15.37912087912088,7.971428571428572,61.91111111111111,1002.2269230769233,1.8675000000000002,0.37207425,-5.147351593586482,-0.18476344665224165,0.043843508
2022-03-30,12.475824175824176,5.440659340659341,30.9,998.2576923076924,3.10875,0.37207425,-8.050648296883185,-2.715532677421473,0.043843508
2022-03-31,12.22967032967033,3.0725274725274723,27.933333333333334,1000.8307692307693,3.2113924050632914,0.37207425,-8.29680214303703,-5.083664545553342,0.043843508
2022-04-01,9.227472527472527,0.4428571428571429,1.1348314606741574,1008.3307692307693,3.495,0.37207425,-11.298999945234835,-7.713334875223671,0.043843508
2022-04-02,9.226373626373627,-2.308791208791209,0.4222222222222222,1013.2538461538461,2.9437499999999996,0.37207425,-11.300098846333734,-10.464983226872024,0.043843508
2022-04-03,9.675824175824175,-2.9307692307692306,0.11494252873563218,1010.0692307692309,3.4574999999999996,0.37207425,-10.850648296883186,-11.086961248850045,0.043843508
2022-04-04,10.715555555555557,-2.5087912087912088,2.831460674157303,1008.3884615384615,3.9734177215189876,0.37207425,-9.810916917151804,-10.664983226872023,0.043843508
2022-04-05,10.086813186813188,0.6511111111111111,8.955056179775282,1007.0384615384617,2.758227848101265,0.37207425,-10.439659285894173,-7.505080906969703,0.043843508
2022-04-06,16.266666666666666,0.765934065934066,0.056179775280898875,1008.6961538461538,2.8645569620253166,0.37207425,-4.259805806040696,-7.390257952146748,0.043843508
2022-04-07,17.187777777777775,4.064444444444446,0.0,1012.4461538461536,4.148101265822786,0.37207425,-3.338694694929586,-4.091747573636368,0.043843508
2022-04-08,14.517777777777777,4.3822222222222225,14.090909090909092,1012.0,4.427848101265823,0.37207425,-6.008694694929584,-3.7739697958585916,0.043843508
2022-04-09,16.910000000000004,7.50222222222222,7.758620689655173,1009.7115384615383,2.2569620253164553,0.37207425,-3.6164724727073576,-0.6539697958585942,0.043843508
2022-04-10,21.29888888888889,6.256666666666667,0.045454545454545456,1004.2692307692307,4.144303797468355,0.37207425,0.7724164161815281,-1.8995253514141472,0.043843508
2022-04-11,19.191111111111113,7.273333333333335,98.42045454545455,997.8807692307693,4.953164556962025,0.37207425,-1.3353613615962487,-0.8828586847474789,0.043843508
2022-04-12,14.126966292134833,5.507865168539325,38.23863636363637,1002.4038461538463,2.687179487179487,0.37207425,-6.399506180572528,-2.6483268495414887,0.043843508
2022-04-13,16.87727272727273,4.428409090909091,0.8452380952380952,1006.812,2.702597402597403,0.37207425,-3.6491997454346325,-3.727782927171723,0.043843508
2022-04-14,19.7876404494382,5.7325842696629215,2.2758620689655173,1011.1307692307693,1.9923076923076921,0.37207425,-0.7388320232691612,-2.4236077484178926,0.043843508
2022-04-15,22.7438202247191,6.8393258426966295,0.7272727272727273,1013.8692307692309,1.716666666666667,0.37207425,2.21734775201174,-1.3168661753841846,0.043843508
2022-04-16,24.11573033707865,7.950561797752809,0.0,1013.0307692307692,2.2256410256410257,0.37207425,3.5892578643712874,-0.20563022032800493,0.043843508
2022-04-17,23.914606741573035,7.891011235955058,0.0,1009.7923076923073,1.8641025641025641,0.37207425,3.3881342688656737,-0.26518078212575613,0.043843508
2022-04-18,23.662222222222226,7.371910112359551,2.6931818181818183,1005.5307692307692,2.51025641025641,0.37207425,3.135749749514865,-0.7842819057212633,0.043843508
2022-04-19,14.658888888888889,4.361111111111111,91.8409090909091,1003.5730769230769,3.8848101265822783,0.37207425,-5.8675835838184724,-3.7950809069697033,0.043843508
2022-04-20,11.721111111111115,2.31,23.75,1002.8307692307694,5.0025641025641026,0.37207425,-8.805361361596246,-5.846192018080814,0.043843508
2022-04-21,15.118681318681318,1.476923076923077,38.40229885057471,1000.6000000000001,2.4287500000000004,0.37207425,-5.407791154026043,-6.679268941157737,0.043843508
2022-04-22,9.158241758241758,4.303296703296703,221.25842696629215,993.0153846153845,3.6149999999999998,0.37207425,-11.368230714465604,-3.852895314784111,0.043843508
2022-04-23,10.917582417582418,3.308791208791209,22.90909090909091,996.5923076923077,5.59873417721519,0.37207425,-9.608890055124943,-4.847400809289605,0.043843508
2022-04-24,15.817582417582418,2.2351648351648348,1.3707865168539326,1005.4499999999999,2.27875,0.37207425,-4.708890055124943,-5.92102718291598,0.043843508
2022-04-25,19.49120879120879,3.4450549450549453,0.0,1004.7,1.9274999999999998,0.37207425,-1.03526368149857,-4.711137073025869,0.043843508
2022-04-26,19.965934065934064,6.765934065934067,36.70786516853933,1005.0692307692308,2.4349999999999996,0.37207425,-0.560538406773297,-1.3902579521467473,0.043843508
2022-04-27,16.916666666666664,7.997777777777777,41.804597701149426,1008.7076923076924,1.9746835443037976,0.37207425,-3.609805806040697,-0.15841424030303664,0.043843508
2022-04-28,16.211111111111112,7.01685393258427,12.0,1014.0346153846156,2.578205128205128,0.37207425,-4.315361361596249,-1.1393380854965445,0.043843508
2022-04-29,21.94888888888889,6.360000000000001,0.056818181818181816,1016.5269230769234,1.8797468354430376,0.37207425,1.4224164161815303,-1.7961920180808129,0.043843508
2022-04-30,22.903296703296707,9.200000000000001,1.8488372093023255,1013.7653846153845,2.2086419753086415,0.37207425,2.376824230589346,1.043807981919187,0.043843508
2022-05-01,23.089010989010987,9.441758241758246,0.9444444444444444,1009.2384615384616,2.6975308641975304,0.37207425,2.5625385163036256,1.2855662236774315,0.043843508
2022-05-02,16.468131868131866,7.837362637362639,44.544444444444444,1004.9961538461539,2.5703703703703704,0.37207425,-4.058340604575495,-0.31882938071817524,0.043843508
2022-05-03,15.976923076923079,8.383516483516484,15.102272727272727,1006.1884615384614,3.8876543209876555,0.37207425,-4.5495493957842825,0.22732446543566986,0.043843508
2022-05-04,19.58791208791209,7.084615384615385,2.522222222222222,1010.2153846153847,2.8209876543209877,0.37207425,-0.9385603847952702,-1.0715766334654289,0.043843508
2022-05-05,21.387777777777778,6.372527472527474,0.0449438202247191,1013.9692307692308,2.2725,0.37207425,0.8613053050704167,-1.7836645455533402,0.043843508
2022-05-06,22.36629213483146,6.323595505617979,0.0,1014.6653846153846,2.5524999999999998,0.37207425,1.8398196621240999,-1.8325965124628354,0.043843508
2022-05-07,23.24157303370787,6.246067415730336,0.0,1013.269230769231,2.2632911392405064,0.37207425,2.715100561000508,-1.9101246023504777,0.043843508
2022-05-08,25.299999999999997,7.907865168539326,0.0,1011.3615384615385,1.908860759493671,0.37207425,4.773527527292636,-0.24832684954148831,0.043843508
2022-05-09,27.074157303370786,9.2561797752809,0.0,1012.0269230769231,1.8329113924050635,0.37207425,6.5476848306634245,1.0999877572000862,0.043843508
2022-05-10,28.621348314606745,10.810112359550562,0.0,1011.5615384615386,2.056410256410256,0.37207425,8.094875841899384,2.653920341469748,0.043843508
2022-05-11,28.369999999999997,12.628888888888891,0.6067415730337079,1008.8230769230767,2.2225,0.37207425,7.843527527292636,4.472696870808077,0.043843508
2022-05-12,26.331460674157302,13.335955056179774,1.5454545454545454,1009.6159999999999,2.2499999999999996,0.37207425,5.804988201449941,5.17976303809896,0.043843508
2022-05-13,28.405494505494513,11.290109890109894,2.2222222222222223,1011.4851851851852,1.9111111111111112,0.37207425,7.879022032787152,3.1339178720290803,0.043843508
2022-05-14,26.750549450549453,13.986813186813189,14.314606741573034,1007.6814814814815,2.893827160493827,0.37207425,6.224076977842092,5.830621168732375,0.043843508
2022-05-15,22.5989010989011,11.91978021978022,0.1111111111111111,1008.2111111111111,4.034567901234567,0.37207425,2.0724286261937372,3.763588201699406,0.043843508
2022-05-16,24.8956043956044,9.515384615384617,0.0,1011.8925925925926,2.855555555555555,0.37207425,4.36913192289704,1.359192597303803,0.043843508
2022-05-17,26.859340659340663,10.25934065934066,0.0,1012.2851851851854,2.3962962962962964,0.37207425,6.332868186633302,2.103148641259846,0.043843508
2022-05-18,29.55217391304348,12.169565217391304,0.0,1009.2749999999997,2.328395061728395,0.37207425,9.025701440336118,4.0133731993104895,0.043843508
2022-05-19,31.029670329670328,13.522826086956524,0.0,1009.1142857142859,2.745,0.37207425,10.503197856962966,5.36663406887571,0.043843508
2022-05-20,31.796703296703296,16.365934065934066,0.0,1011.1071428571429,2.88625,0.37207425,11.270230823995934,8.209742047853252,0.043843508
2022-05-21,32.035164835164835,17.35824175824176,3.839080459770115,1008.0071428571428,2.43875,0.37207425,11.508692362457474,9.202049740160946,0.043843508
2022-05-22,24.033333333333335,13.992222222222221,0.9195402298850575,1005.5785714285714,4.036708860759493,0.37207425,3.5068608606259737,5.836030204141407,0.043843508
2022-05-23,24.60674157303371,11.698876404494383,0.0,1004.1142857142856,3.653164556962025,0.37207425,4.080269100326348,3.542684386413569,0.043843508
2022-05-24,18.982222222222223,8.144444444444444,0.17045454545454544,1007.2321428571429,3.7387500000000005,0.37207425,-1.5442502504851383,-0.011747573636370134,0.043843508
2022-05-25,21.073626373626375,5.623076923076924,0.0,1014.2214285714286,3.348148148148148,0.37207425,0.5471539009190138,-2.5331150950038896,0.043843508
2022-05-26,26.364444444444448,7.206666666666667,0.0,1015.4333333333334,3.2123456790123455,0.37207425,5.837971971737087,-0.9495253514141471,0.043843508
2022-05-27,30.251648351648353,10.263736263736265,0.0,1011.6357142857142,2.553086419753086,0.37207425,9.725175878940991,2.1075442456554505,0.043843508
2022-05-28,31.182417582417585,12.245054945054948,0.13793103448275862,1005.407142857143,2.1875,0.37207425,10.655945109710224,4.088862926974134,0.043843508
2022-05-29,28.912222222222223,12.316666666666666,2.1724137931034484,999.3285714285714,2.8200000000000003,0.37207425,8.385749749514861,4.160474648585852,0.043843508
2022-05-30,21.89,11.661111111111111,0.02247191011235955,1002.6857142857144,3.4187500000000006,0.37207425,1.3635275272926393,3.5049190930302974,0.043843508
2022-05-31,28.06477272727273,10.3375,0.03409090909090909,1004.6407407407409,2.841025641025641,0.37207425,7.5383002545653675,2.1813079819191863,0.043843508
2022-06-01,25.82359550561798,12.565168539325844,9.829545454545455,1006.075,3.6835443037974684,0.25502306,5.297123032910619,4.40897652124503,-0.07320768
2022-06-02,25.528888888888893,12.228888888888887,0.5842696629213483,1005.5285714285716,2.93625,0.25502306,5.002416416181532,4.072696870808073,-0.07320768
2022-06-03,25.253333333333334,11.953333333333333,0.10112359550561797,1005.6178571428572,3.0062500000000005,0.25502306,4.7268608606259725,3.797141315252519,-0.07320768
2022-06-04,24.531111111111112,10.741111111111113,2.1511627906976742,1008.7357142857143,3.107500000000001,0.25502306,4.004638638403751,2.584919093030299,-0.07320768
2022-06-05,27.400000000000006,10.39777777777778,0.0,1012.0285714285716,2.395,0.25502306,6.873527527292644,2.2415857596969655,-0.07320768
2022-06-06,28.60879120879121,11.561538461538463,0.0,1011.3285714285715,2.6812499999999995,0.25502306,8.082318736083849,3.405346443457649,-0.07320768
2022-06-07,30.371111111111112,13.023333333333335,0.0,1009.262962962963,2.729113924050633,0.25502306,9.844638638403751,4.867141315252521,-0.07320768
2022-06-08,26.45222222222223,15.264444444444443,0.0,1009.4296296296296,4.077499999999999,0.25502306,5.925749749514868,7.108252426363629,-0.07320768
2022-06-09,31.627472527472527,13.826373626373627,0.0,1010.8214285714287,2.6212500000000003,0.25502306,11.101000054765166,5.670181608292813,-0.07320768
2022-06-10,34.84175824175824,15.66153846153846,0.11363636363636363,1009.7607142857142,2.0025000000000004,0.25502306,14.315285769050881,7.505346443457645,-0.07320768
2022-06-11,35.16923076923077,18.043956043956047,6.273809523809524,1008.5333333333334,2.5350000000000006,0.25502306,14.64275829652341,9.887764025875233,-0.07320768
2022-06-12,34.94456521739131,19.16521739130435,0.06896551724137931,1008.8857142857141,2.8493827160493828,0.25502306,14.418092744683946,11.009025373223535,-0.07320768
2022-06-13,36.636263736263736,18.093406593406595,0.04597701149425287,1006.5629629629631,2.5112500000000004,0.25502306,16.109791263556374,9.93721457532578,-0.07320768
2022-06-14,36.67111111111111,20.205555555555556,0.11627906976744186,1005.0296296296297,2.815,0.25502306,16.144638638403748,12.049363537474742,-0.07320768
2022-06-15,37.33483146067416,19.06629213483146,9.686046511627907,1006.3259259259258,2.493670886075949,0.25502306,16.8083589879668,10.910100116750646,-0.07320768
2022-06-16,36.32954545454546,20.26590909090909,12.494117647058824,1007.7440000000001,2.708974358974359,0.25502306,15.803072981838099,12.109717072828277,-0.07320768
2022-06-17,37.20444444444445,19.287499999999998,0.36363636363636365,1008.2769230769231,3.14025974025974,0.25502306,16.677971971737087,11.131307981919184,-0.07320768
2022-06-18,34.3752808988764,18.58977272727273,1.4074074074074074,1002.8185185185184,3.877631578947369,0.25502306,13.848808426169036,10.433580709191917,-0.07320768
2022-06-19,24.64204545454546,13.88522727272727,3.590909090909091,1002.8259259259261,3.7564102564102564,0.25502306,4.115572981838099,5.7290352546464565,-0.07320768
2022-06-20,24.223863636363635,12.39318181818182,0.20454545454545456,1003.7962962962964,3.576923076923077,0.25502306,3.697391163656274,4.236989800101005,-0.07320768
2022-06-21,24.960227272727277,8.965909090909092,0.9772727272727273,1003.0259259259258,3.0282051282051285,0.25502306,4.433754800019916,0.8097170728282777,-0.07320768
2022-06-22,21.702247191011235,11.026966292134832,22.488636363636363,1004.1192307692307,3.1000000000000005,0.25502306,1.1757747183038738,2.8707742740540176,-0.07320768
2022-06-23,21.62777777777778,11.996666666666668,18.227272727272727,1007.1148148148148,3.5137500000000004,0.25502306,1.1013053050704187,3.840474648585854,-0.07320768
2022-06-24,24.515730337078647,9.946067415730338,0.17045454545454544,1007.8296296296295,3.243750000000001,0.25502306,3.989257864371286,1.7898753976495243,-0.07320768
2022-06-25,24.39222222222223,11.184444444444447,0.14942528735632185,1004.7666666666669,3.2075000000000005,0.25502306,3.865749749514869,3.0282524263636326,-0.07320768
2022-06-26,24.7,9.455555555555556,0.0,1004.162962962963,2.80875,0.25502306,4.173527527292638,1.2993635374747416,-0.07320768
2022-06-27,26.121111111111116,10.030000000000001,0.9090909090909091,1008.6851851851852,2.7212500000000004,0.25502306,5.5946386384037545,1.873807981919187,-0.07320768
2022-06-28,30.021348314606744,10.439325842696629,0.0,1009.4740740740742,2.2518987341772148,0.25502306,9.494875841899383,2.283133824615815,-0.07320768
2022-06-29,29.255056179775284,12.475280898876404,0.0,1005.1814814814816,3.3987341772151893,0.25502306,8.728583707067923,4.31908888079559,-0.07320768
2022-06-30,26.76966292134832,11.325842696629213,0.0,1006.3703703703703,2.9316455696202532,0.25502306,6.243190448640959,3.1696506785483987,-0.07320768
2022-07-01,31.667032967032974,11.310000000000002,0.0,1007.0653846153847,2.14375,0.25502306,11.140560494325612,3.153807981919188,-0.07320768
2022-07-02,34.325274725274724,16.439560439560438,0.8089887640449438,1007.0037037037036,2.3000000000000003,0.25502306,13.798802252567363,8.283368421479624,-0.07320768
2022-07-03,32.15274725274725,18.056043956043958,0.15730337078651685,1007.4333333333334,3.468292682926829,0.25502306,11.626274780039886,9.899851937963144,-0.07320768
2022-07-04,32.55274725274725,15.554945054945058,0.06741573033707865,1007.8000000000001,2.1716049382716047,0.25502306,12.026274780039891,7.398753036864244,-0.07320768
2022-07-05,34.03626373626374,15.51758241758242,5.325842696629214,1007.2444444444445,3.1512195121951216,0.25502306,13.50979126355638,7.361390399501605,-0.07320768
2022-07-06,30.015384615384615,15.825274725274726,11.034090909090908,1011.4615384615386,3.4256097560975616,0.25502306,9.488912142677254,7.669082707193912,-0.07320768
2022-07-07,31.213186813186812,14.2967032967033,0.0,1014.424,3.1548780487804877,0.25502306,10.686714340479451,6.140511278622485,-0.07320768
2022-07-08,33.92747252747253,14.412087912087914,0.0,1013.044,2.2573170731707313,0.25502306,13.40100005476517,6.2558958940071,-0.07320768
2022-07-09,36.04835164835165,16.245054945054946,0.0,1010.544,2.131707317073171,0.25502306,15.521879175644287,8.088862926974132,-0.07320768
2022-07-10,36.85164835164836,17.751648351648353,0.0,1007.0000000000001,2.025609756097561,0.25502306,16.325175878940996,9.595456333567538,-0.07320768
2022-07-11,36.98314606741573,18.997752808988768,0.7471264367816092,1005.1666666666669,2.1802469135802474,0.25502306,16.45667359470837,10.841560790907954,-0.07320768
2022-07-12,37.839999999999996,20.03666666666667,2.3181818181818183,1008.076923076923,2.1308641975308644,0.25502306,17.313527527292635,11.880474648585855,-0.07320768
2022-07-13,38.83736263736264,20.435555555555553,0.0,1009.6115384615385,2.091358024691358,0.25502306,18.310890164655277,12.279363537474739,-0.07320768
2022-07-14,40.002197802197806,21.235164835164838,0.0898876404494382,1007.3884615384615,2.3829268292682926,0.25502306,19.475725329490444,13.078972817084024,-0.07320768
2022-07-15,38.98901098901099,21.508791208791212,1.5056179775280898,1005.5148148148148,2.965432098765432,0.25502306,18.46253851630363,13.352599190710398,-0.07320768
2022-07-16,38.761538461538464,21.091208791208793,0.25842696629213485,1006.0962962962964,2.4555555555555557,0.25502306,18.235065988831103,12.935016773127979,-0.07320768
2022-07-17,38.60659340659341,21.197802197802204,0.0,1007.1481481481484,3.1197530864197534,0.25502306,18.08012093388605,13.04161017972139,-0.07320768
2022-07-18,36.57142857142857,20.85604395604396,0.0,1005.9148148148148,3.8949999999999996,0.25502306,16.044956098721208,12.699851937963144,-0.07320768
2022-07-19,31.5967032967033,16.67912087912088,0.0,1008.225925925926,3.46875,0.25502306,11.070230823995939,8.522928861040066,-0.07320768
2022-07-20,35.1010989010989,15.350549450549451,0.0,1009.2629629629633,1.7646341463414632,0.25502306,14.57462642839154,7.194357432468637,-0.07320768
2022-07-21,36.963736263736266,18.206593406593402,0.0449438202247191,1007.5555555555557,2.7731707317073173,0.25502306,16.437263791028904,10.050401388512588,-0.07320768
2022-07-22,35.746153846153845,18.61758241758242,0.0,1006.9851851851853,3.0074074074074075,0.25502306,15.219681373446484,10.461390399501605,-0.07320768
2022-07-23,36.61333333333333,16.285555555555558,0.0,1007.7481481481482,2.59875,0.25502306,16.08686086062597,8.129363537474743,-0.07320768
2022-07-24,37.316483516483515,17.626373626373628,0.0,1007.7111111111112,3.5592592592592593,0.25502306,16.790011043776154,9.470181608292814,-0.07320768
2022-07-25,34.572527472527476,18.193406593406596,0.0,1008.4185185185185,2.971604938271605,0.25502306,14.046054999820115,10.037214575325782,-0.07320768
2022-07-26,33.18555555555556,16.89777777777778,0.0449438202247191,1007.0629629629628,2.635365853658536,0.25502306,12.659083082848198,8.741585759696965,-0.07320768
2022-07-27,33.29111111111111,16.02111111111111,0.0,1004.0999999999999,2.7280487804878044,0.25502306,12.764638638403746,7.864919093030297,-0.07320768
2022-07-28,33.265555555555565,16.734444444444442,0.0,1003.1846153846152,2.823170731707317,0.25502306,12.739083082848204,8.578252426363628,-0.07320768
2022-07-29,34.227777777777774,16.74888888888889,0.0,1005.8814814814815,2.373170731707317,0.25502306,13.701305305070413,8.592696870808075,-0.07320768
2022-07-30,35.91648351648352,18.109890109890113,8.094117647058823,1007.1555555555556,2.9439024390243906,0.25502306,15.390011043776155,9.953698091809299,-0.07320768
2022-07-31,36.06593406593407,18.895604395604398,0.8068181818181818,1007.5777777777776,2.22716049382716,0.25502306,15.539461593226711,10.739412377523584,-0.07320768
2022-08-01,37.635164835164844,19.720000000000002,0.0,1006.2555555555556,1.964197530864198,0.25502306,17.108692362457482,11.563807981919188,-0.07320768
2022-08-02,37.36888888888889,21.230000000000004,18.83132530120482,1004.5666666666667,2.39625,0.25502306,16.84241641618153,13.07380798191919,-0.07320768
2022-08-03,36.429213483146064,20.303333333333338,1.5232558139534884,1002.9407407407407,2.53,0.25502306,15.902741010438703,12.147141315252524,-0.07320768
2022-08-04,35.55,18.397777777777776,1.1818181818181819,1003.4666666666666,2.720987654320988,0.25502306,15.023527527292636,10.241585759696962,-0.07320768
2022-08-05,35.17333333333333,18.21777777777778,0.0,1005.425925925926,2.4197530864197536,0.25502306,14.64686086062597,10.061585759696966,-0.07320768
2022-08-06,35.20777777777778,17.663333333333338,0.6590909090909091,1006.2370370370371,2.2839506172839505,0.25502306,14.681305305070417,9.507141315252523,-0.07320768
2022-08-07,34.85274725274725,18.45054945054945,0.0,1004.9296296296297,2.439024390243902,0.25502306,14.326274780039888,10.294357432468635,-0.07320768
2022-08-08,35.16043956043956,17.945054945054945,0.0,1005.5962962962964,2.169512195121951,0.25502306,14.633967087732202,9.788862926974131,-0.07320768
2022-08-09,36.1788888888889,18.432222222222226,10.32183908045977,1006.1592592592593,2.4839506172839503,0.25502306,15.652416416181538,10.276030204141412,-0.07320768
2022-08-10,35.34719101123596,20.907865168539328,4.793103448275862,1004.9185185185187,2.540506329113924,0.25502306,14.820718538528595,12.751673150458513,-0.07320768
2022-08-11,34.67840909090909,19.732954545454547,0.023529411764705882,1004.623076923077,2.782278481012659,0.25502306,14.15193661820173,11.576762527373733,-0.07320768
2022-08-12,35.29222222222222,18.16741573033708,0.27586206896551724,1005.0851851851852,2.685714285714286,0.25502306,14.76574974951486,10.011223712256266,-0.07320768
2022-08-13,29.860674157303375,18.34494382022472,3.1149425287356323,1005.1148148148151,4.417948717948718,0.25502306,9.334201684596014,10.188751802143907,-0.07320768
2022-08-14,29.933707865168543,13.503370786516854,0.03409090909090909,1003.3814814814816,3.184615384615385,0.25502306,9.407235392461182,5.34717876843604,-0.07320768
2022-08-15,29.890000000000004,13.50112359550562,0.0,1001.4333333333334,3.0215189873417723,0.25502306,9.363527527292643,5.344931577424806,-0.07320768
2022-08-16,26.531111111111112,14.304444444444446,0.0,1002.3148148148148,3.9679487179487185,0.25502306,6.004638638403751,6.148252426363632,-0.07320768
2022-08-17,26.421111111111113,12.291111111111112,2.9195402298850577,1005.9444444444446,3.027848101265823,0.25502306,5.894638638403752,4.134919093030298,-0.07320768
2022-08-18,27.152222222222225,11.648888888888889,0.0,1010.3481481481482,2.412499999999999,0.25502306,6.625749749514863,3.492696870808075,-0.07320768
2022-08-19,30.994444444444444,12.590000000000002,0.0,1011.3074074074074,1.855696202531646,0.25502306,10.467971971737082,4.433807981919188,-0.07320768
2022-08-20,34.111111111111114,14.701111111111116,0.0,1009.4370370370372,2.2949367088607593,0.25502306,13.584638638403753,6.544919093030302,-0.07320768
2022-08-21,34.30444444444445,16.82777777777778,0.0,1007.3888888888889,2.61625,0.25502306,13.777971971737088,8.671585759696965,-0.07320768
2022-08-22,33.876666666666665,17.326666666666668,0.0,1005.8925925925926,2.4650000000000003,0.25502306,13.350194193959304,9.170474648585854,-0.07320768
2022-08-23,35.7,18.233333333333334,0.047058823529411764,1003.9185185185187,2.203846153846154,0.25502306,15.173527527292642,10.07714131525252,-0.07320768
2022-08-24,34.661797752808994,19.123333333333335,1.0348837209302326,1003.8555555555556,2.730379746835443,0.25502306,14.135325280101632,10.96714131525252,-0.07320768
2022-08-25,32.93146067415731,17.501123595505618,1.5632183908045978,1005.7000000000002,2.365384615384615,0.25502306,12.404988201449946,9.344931577424804,-0.07320768
2022-08-26,31.97752808988764,17.4561797752809,13.613636363636363,1005.0407407407408,2.618987341772152,0.25502306,11.45105561718028,9.299987757200087,-0.07320768
2022-08-27,32.08571428571428,15.815384615384616,1.744186046511628,1002.888888888889,2.0012499999999998,0.25502306,11.55924181300692,7.659192597303802,-0.07320768
2022-08-28,32.96777777777778,17.64333333333333,13.905882352941177,1002.8,2.8025316455696205,0.25502306,12.441305305070422,9.487141315252517,-0.07320768
2022-08-29,30.982022471910113,18.26292134831461,12.068965517241379,1005.4185185185187,3.26025641025641,0.25502306,10.455549999202752,10.106729330233795,-0.07320768
2022-08-30,32.38202247191011,15.96629213483146,0.0,1007.962962962963,2.8037974683544302,0.25502306,11.85554999920275,7.810100116750647,-0.07320768
2022-08-31,29.73777777777778,14.708988764044943,0.0,1008.5777777777779,2.565822784810127,0.25502306,9.211305305070418,6.5527967459641285,-0.07320768
2022-09-01,30.08,13.222222222222225,0.0,1006.4925925925927,2.585,0.28100792,9.553527527292637,5.066030204141411,-0.047222823
2022-09-02,27.45494505494506,13.181318681318684,0.0,1005.0576923076925,2.716049382716049,0.28100792,6.928472582237699,5.02512666323787,-0.047222823
2022-09-03,26.85604395604396,12.380219780219779,0.0,1005.648148148148,2.7283950617283956,0.28100792,6.329571483336597,4.224027762138965,-0.047222823
2022-09-04,27.200000000000003,10.357142857142858,0.0,1009.188888888889,2.8395061728395063,0.28100792,6.6735275272926415,2.2009508390620436,-0.047222823
2022-09-05,27.089010989010987,10.764835164835166,0.0,1011.4444444444446,3.093827160493827,0.28100792,6.562538516303626,2.6086431467543516,-0.047222823
2022-09-06,26.629670329670333,12.26923076923077,0.0,1010.7148148148151,3.2296296296296294,0.28100792,6.1031978569629715,4.113038751149956,-0.047222823
2022-09-07,25.024719101123594,10.838202247191012,1.3563218390804597,1009.2888888888888,2.965432098765432,0.28100792,4.498246628416233,2.6820102291101975,-0.047222823
2022-09-08,25.744444444444444,14.738888888888887,9.329545454545455,1008.7884615384617,2.6975000000000002,0.28100792,5.217971971737082,6.582696870808073,-0.047222823
2022-09-09,29.527472527472533,15.16043956043956,0.0,1010.0444444444445,1.8950617283950617,0.28100792,9.001000054765171,7.004247542358746,-0.047222823
2022-09-10,32.53846153846154,14.924175824175823,0.0,1008.2423076923077,2.1876543209876544,0.28100792,12.011989065754179,6.767983806095009,-0.047222823
2022-09-11,33.67912087912088,16.15934065934066,1.0113636363636365,1004.7629629629629,2.612345679012346,0.28100792,13.152648406413519,8.003148641259846,-0.047222823
2022-09-12,27.210989010989014,18.934065934065934,73.23863636363636,1001.4407407407407,3.716250000000001,0.28100792,6.6845165382816525,10.77787391598512,-0.047222823
2022-09-13,22.900000000000002,14.993406593406595,135.13953488372093,1000.7592592592594,4.0987341772151895,0.28100792,2.373527527292641,6.837214575325781,-0.047222823
2022-09-14,21.431868131868132,13.757142857142858,81.53488372093024,1004.0222222222225,2.97875,0.28100792,0.9053956591607708,5.600950839062044,-0.047222823
2022-09-15,23.300000000000004,14.572527472527472,27.976470588235294,1006.8074074074075,1.3913580246913582,0.28100792,2.773527527292643,6.416335454446658,-0.047222823
2022-09-16,26.427173913043486,12.884782608695653,0.08045977011494253,1006.6703703703705,1.5634146341463413,0.28100792,5.900701440336125,4.728590590614839,-0.047222823
2022-09-17,27.08913043478261,12.52608695652174,0.022727272727272728,1005.8296296296297,1.8451219512195127,0.28100792,6.562657962075249,4.369894938440925,-0.047222823
2022-09-18,28.6304347826087,13.98913043478261,41.97674418604651,1006.0629629629631,2.180487804878049,0.28100792,8.103962309901338,5.832938416701795,-0.047222823
2022-09-19,26.820879120879123,15.212087912087911,41.07058823529412,1008.1444444444445,1.9468354430379753,0.28100792,6.294406648171762,7.055895894007097,-0.047222823
2022-09-20,28.31413043478261,13.747826086956524,1.5681818181818181,1009.5925925925925,1.4775,0.28100792,7.787657962075247,5.59163406887571,-0.047222823
2022-09-21,27.652747252747254,13.069230769230769,16.96511627906977,1008.0884615384616,2.009876543209877,0.28100792,7.126274780039893,4.913038751149955,-0.047222823
2022-09-22,27.58131868131868,12.721978021978023,0.0,1008.32,1.8370370370370372,0.28100792,7.05484620861132,4.565786003897209,-0.047222823
2022-09-23,26.76956521739131,12.397802197802196,0.0,1007.476923076923,2.4901234567901236,0.28100792,6.243092744683949,4.241610179721382,-0.047222823
2022-09-24,23.085869565217397,10.594565217391306,0.0,1006.4962962962964,2.674390243902439,0.28100792,2.5593970925100358,2.438373199310492,-0.047222823
2022-09-25,19.644565217391307,7.639130434782608,4.555555555555555,1006.711111111111,3.0707317073170732,0.28100792,-0.8819072553160545,-0.5170615832982062,-0.047222823
2022-09-26,21.008695652173916,7.2619565217391315,0.4666666666666667,1008.6259259259258,2.247560975609756,0.28100792,0.4822231794665548,-0.8942354963416825,-0.047222823
2022-09-27,22.518478260869564,6.858695652173913,0.0,1010.2259259259258,2.3962962962962964,0.28100792,1.9920057881622029,-1.297496365906901,-0.047222823
2022-09-28,21.838043478260875,8.76304347826087,0.20224719101123595,1007.5296296296298,3.4271604938271607,0.28100792,1.311571005553514,0.6068514601800565,-0.047222823
2022-09-29,15.673626373626373,8.386956521739132,45.77272727272727,1003.2370370370371,3.1212500000000003,0.28100792,-4.852846099080988,0.23076450365831747,-0.047222823
2022-09-30,18.891111111111112,5.665555555555556,0.22093023255813954,1009.6615384615384,1.8087500000000003,0.28100792,-1.6353613615962495,-2.4906364625252584,-0.047222823
2022-10-01,24.227777777777778,6.6822222222222205,0.0,1016.5923076923077,1.345,0.28100792,3.7013053050704166,-1.4739697958585936,-0.047222823
2022-10-02,27.70888888888889,9.344444444444445,0.0,1016.4423076923077,1.8925,0.28100792,7.182416416181528,1.188252426363631,-0.047222823
2022-10-03,28.198888888888884,11.455555555555556,0.0,1013.6074074074075,1.3592592592592592,0.28100792,7.672416416181523,3.2993635374747416,-0.047222823
2022-10-04,28.76593406593407,12.01978021978022,0.0,1013.2518518518517,1.4074074074074077,0.28100792,8.239461593226707,3.8635882016994056,-0.047222823
2022-10-05,27.864835164835174,11.835164835164836,0.0,1014.6592592592592,1.5358024691358025,0.28100792,7.338362692127813,3.6789728170840217,-0.047222823
2022-10-06,25.90666666666667,12.147777777777778,0.8181818181818182,1016.5925925925926,2.1259259259259258,0.28100792,5.3801941939593085,3.9915857596969637,-0.047222823
2022-10-07,25.031111111111112,11.444444444444445,1.6136363636363635,1013.0500000000001,1.4700000000000002,0.28100792,4.504638638403751,3.2882524263636306,-0.047222823
2022-10-08,25.24555555555556,11.137777777777778,6.674418604651163,1010.1269230769232,1.81125,0.28100792,4.719083082848197,2.981585759696964,-0.047222823
2022-10-09,24.794444444444444,11.314444444444446,17.96551724137931,1008.1692307692308,1.9125000000000003,0.28100792,4.267971971737083,3.1582524263636316,-0.047222823
2022-10-10,20.903370786516856,13.035955056179775,25.523255813953487,1009.4384615384616,1.5848101265822785,0.28100792,0.37689831380949457,4.879763038098961,-0.047222823
2022-10-11,22.137078651685393,11.735955056179778,21.55294117647059,1011.0800000000002,1.45375,0.28100792,1.6106061789780313,3.579763038098964,-0.047222823
2022-10-12,23.174444444444443,9.837777777777779,0.3409090909090909,1013.9961538461539,1.4425000000000001,0.28100792,2.647971971737082,1.681585759696965,-0.047222823
2022-10-13,24.09425287356322,9.651724137931033,0.011904761904761904,1015.6958333333333,1.6975000000000002,0.28100792,3.5677804008558596,1.4955321198502194,-0.047222823
2022-10-14,26.28260869565217,10.306521739130435,0.23333333333333334,1014.2074074074073,1.4902439024390246,0.28100792,5.756136222944807,2.150329721049621,-0.047222823
2022-10-15,25.929347826086957,10.308695652173913,0.15555555555555556,1008.5259259259262,2.252439024390244,0.28100792,5.402875353379596,2.152503634093099,-0.047222823
2022-10-16,23.4945054945055,10.771428571428572,25.07777777777778,1009.1384615384618,2.853658536585366,0.28100792,2.9680330217981385,2.615236553347758,-0.047222823
2022-10-17,23.859782608695657,12.957608695652173,1.4382022471910112,1012.3423076923077,2.5487804878048785,0.28100792,3.3333101359882953,4.801416677571359,-0.047222823
2022-10-18,25.61304347826087,12.661956521739128,0.022988505747126436,1013.1923076923077,3.0753086419753086,0.28100792,5.086571005553509,4.505764503658314,-0.047222823
2022-10-19,21.330337078651688,13.037078651685393,118.6046511627907,1009.123076923077,4.712658227848102,0.28100792,0.8038646059443266,4.880886633604579,-0.047222823
2022-10-20,17.295555555555556,11.886666666666667,149.71264367816093,1005.9038461538463,4.455128205128205,0.28100792,-3.2309169171518057,3.7304746485858526,-0.047222823
2022-10-21,15.994444444444444,12.05111111111111,118.36781609195403,1007.9037037037037,3.0632911392405062,0.28100792,-4.532028028262918,3.894919093030296,-0.047222823
2022-10-22,19.076666666666668,11.306666666666667,135.91764705882352,1006.0814814814817,4.178481012658227,0.28100792,-1.4498058060406933,3.1504746485858526,-0.047222823
2022-10-23,17.376404494382022,11.424719101123596,11.337209302325581,1007.0259259259261,4.6278481012658235,0.28100792,-3.150067978325339,3.268527083042782,-0.047222823
2022-10-24,17.060000000000002,9.531111111111112,1.8313253012048192,1011.662962962963,1.667088607594937,0.28100792,-3.466472472707359,1.3749190930302984,-0.047222823
2022-10-25,21.490000000000002,11.616666666666667,2.25,1008.5846153846154,3.785000000000001,0.28100792,0.9635275272926407,3.460474648585853,-0.047222823
2022-10-26,21.939999999999998,11.966666666666667,1.2317073170731707,1011.7222222222224,2.73625,0.28100792,1.4135275272926364,3.8104746485858527,-0.047222823
2022-10-27,23.604444444444447,14.934444444444447,0.16279069767441862,1012.5923076923076,3.451851851851852,0.28100792,3.0779719717370853,6.778252426363633,-0.047222823
2022-10-28,22.81978021978022,13.157142857142858,0.09195402298850575,1014.974074074074,2.727160493827161,0.28100792,2.293307747072859,5.000950839062044,-0.047222823
2022-10-29,22.63296703296703,12.192307692307695,32.31395348837209,1012.0444444444445,2.659259259259259,0.28100792,2.1064945602596694,4.036115674226881,-0.047222823
2022-10-30,18.064835164835166,9.70769230769231,29.2183908045977,1012.2423076923078,1.4419753086419755,0.28100792,-2.461637307872195,1.5515002896114964,-0.047222823
2022-10-31,15.778888888888888,9.948888888888892,53.06976744186046,1012.0807692307692,2.9275,0.28100792,-4.747583583818473,1.7926968708080775,-0.047222823
2022-11-01,18.23111111111111,9.046666666666669,0.6781609195402298,1016.2730769230768,1.4812500000000002,0.28100792,-2.2953613615962496,0.8904746485858546,-0.047222823
2022-11-02,19.265168539325842,7.308988764044944,4.9879518072289155,1015.3730769230767,1.465,0.28100792,-1.2613039333815195,-0.84720325403587,-0.047222823
2022-11-03,15.152747252747254,9.273626373626373,39.06896551724138,1012.5851851851853,3.3775000000000004,0.28100792,-5.373725219960107,1.1174343555455586,-0.047222823
2022-11-04,14.487777777777776,3.934444444444445,0.25882352941176473,1015.819230769231,1.9506329113924052,0.28100792,-6.038694694929585,-4.221747573636369,-0.047222823
2022-11-05,17.791011235955054,2.0719101123595505,0.06976744186046512,1015.6740740740742,1.0615384615384618,0.28100792,-2.7354612367523075,-6.084281905721264,-0.047222823
2022-11-06,17.542696629213484,3.098876404494382,0.11764705882352941,1013.4653846153847,1.8025641025641026,0.28100792,-2.983775843493877,-5.057315613586432,-0.047222823
2022-11-07,17.234831460674155,4.975280898876405,24.211764705882352,1011.9730769230771,1.8923076923076927,0.28100792,-3.2916410120332067,-3.180911119204409,-0.047222823
2022-11-08,15.33707865168539,8.992134831460675,86.28571428571429,1009.3370370370371,3.279746835443038,0.28100792,-5.189393821021971,0.8359428133798605,-0.047222823
2022-11-09,14.94,7.08,20.134146341463413,1013.2461538461539,1.79875,0.28100792,-5.586472472707362,-1.076192018080814,-0.047222823
2022-11-10,16.64,4.826666666666666,0.5357142857142857,1018.525925925926,1.3734177215189873,0.28100792,-3.8864724727073607,-3.329525351414148,-0.047222823
2022-11-11,15.395555555555557,5.193333333333334,18.353658536585368,1017.453846153846,2.7662500000000003,0.28100792,-5.130916917151804,-2.96285868474748,-0.047222823
2022-11-12,18.020224719101122,8.639325842696628,37.548780487804876,1014.7555555555555,3.4787500000000007,0.28100792,-2.506247753606239,0.48313382461581433,-0.047222823
2022-11-13,17.74777777777778,7.263333333333335,12.048192771084338,1012.8884615384616,2.0100000000000002,0.28100792,-2.7786946949295803,-0.8928586847474786,-0.047222823
2022-11-14,14.435555555555556,8.324444444444445,34.19277108433735,1011.4666666666667,2.72625,0.28100792,-6.090916917151805,0.16825242636363136,-0.047222823
2022-11-15,14.705617977528089,10.034831460674157,75.78571428571429,1006.0807692307692,4.3075,0.28100792,-5.8208544951792724,1.878639442593343,-0.047222823
2022-11-16,13.196629213483149,9.191011235955058,65.9047619047619,1004.3307692307693,4.253749999999999,0.28100792,-7.329843259224212,1.0348192178742437,-0.047222823
2022-11-17,16.0123595505618,8.856179775280898,33.76470588235294,1002.5769230769231,5.12716049382716,0.28100792,-4.514112922145561,0.6999877572000841,-0.047222823
2022-11-18,11.23111111111111,4.628888888888889,11.5,1008.4185185185187,3.7839506172839514,0.28100792,-9.295361361596251,-3.5273031291919255,-0.047222823
2022-11-19,9.483333333333333,3.1544444444444446,4.416666666666667,1014.5111111111111,3.506172839506172,0.28100792,-11.043139139374029,-5.0017475736363695,-0.047222823
2022-11-20,13.987777777777776,5.014444444444445,35.06976744186046,1015.636,2.8641975308641974,0.28100792,-6.538694694929585,-3.141747573636369,-0.047222823
2022-11-21,13.097752808988764,4.373033707865169,74.63218390804597,1009.3653846153849,6.369999999999999,0.28100792,-7.4287196637185975,-3.7831583102156454,-0.047222823
2022-11-22,12.462222222222223,3.673333333333333,74.31764705882352,1008.8,4.85925925925926,0.28100792,-8.064250250485138,-4.482858684747481,-0.047222823
2022-11-23,15.174157303370789,7.880898876404496,30.848837209302324,1007.3840000000001,4.811111111111112,0.28100792,-5.352315169336572,-0.27529314167631824,-0.047222823
2022-11-24,13.751111111111113,6.70111111111111,84.73563218390805,1011.2592592592592,3.0,0.28100792,-6.775361361596248,-1.4550809069697044,-0.047222823
2022-11-25,12.73,2.73,0.32558139534883723,1018.7115384615385,2.4814814814814814,0.28100792,-7.796472472707361,-5.426192018080814,-0.047222823
2022-11-26,14.668888888888889,0.8322222222222224,0.056818181818181816,1022.5576923076922,1.22375,0.28100792,-5.857583583818473,-7.323969795858591,-0.047222823
2022-11-27,14.434444444444447,1.4955555555555555,42.44827586206897,1017.0079999999999,1.6712500000000006,0.28100792,-6.092028028262915,-6.660636462525258,-0.047222823
2022-11-28,10.812222222222223,2.2933333333333334,0.2840909090909091,1017.2923076923079,3.3112500000000002,0.28100792,-9.714250250485138,-5.862858684747481,-0.047222823
2022-11-29,10.69318181818182,0.6215909090909091,0.05747126436781609,1015.74,1.3537500000000002,0.28100792,-9.833290654525541,-7.534601108989905,-0.047222823
2022-11-30,10.345454545454546,0.6806818181818183,9.273809523809524,1010.9962962962964,1.1455696202531647,0.28100792,-10.181017927252816,-7.475510199898996,-0.047222823
2022-12-01,11.444186046511629,1.016279069767442,0.1566265060240964,1009.2269230769232,2.1531645569620252,0.40231055,-9.082286426195733,-7.139912948313372,0.07407981
2022-12-02,9.134444444444446,-0.8755555555555555,0.08139534883720931,1007.3807692307694,1.58125,0.40231055,-11.392028028262915,-9.03174757363637,0.07407981
2022-12-03,8.43695652173913,-1.708695652173913,7.252873563218391,1003.4,1.2890243902439025,0.40231055,-12.08951595096823,-9.864887670254728,0.07407981
2022-12-04,8.180434782608694,0.34130434782608693,22.988505747126435,1004.914814814815,1.3365853658536586,0.40231055,-12.346037690098667,-7.814887670254727,0.07407981
2022-12-05,9.00108695652174,3.036956521739131,152.4404761904762,1007.0703703703704,2.637804878048781,0.40231055,-11.52538551618562,-5.119235496341683,0.07407981
2022-12-06,11.463043478260868,7.103260869565218,10.494252873563218,1008.3962962962964,1.028048780487805,0.40231055,-9.063428994446493,-1.0529311485155963,0.07407981
2022-12-07,12.057608695652174,6.034782608695651,82.54117647058824,1005.6148148148148,1.4695121951219514,0.40231055,-8.468863777055187,-2.121409409385163,0.07407981
2022-12-08,11.75108695652174,6.4923913043478265,194.41379310344828,997.262962962963,3.139024390243903,0.40231055,-8.77538551618562,-1.6638007137329875,0.07407981
2022-12-09,10.095652173913045,7.027173913043479,87.20689655172414,994.7481481481483,1.640243902439024,0.40231055,-10.430820298794316,-1.1290181050373347,0.07407981
2022-12-10,10.31413043478261,5.435869565217392,121.0919540229885,1001.5777777777779,2.1475609756097565,0.40231055,-10.212342037924751,-2.720322452863422,0.07407981
2022-12-11,9.70217391304348,4.319565217391304,57.52873563218391,1000.6444444444446,2.386585365853659,0.40231055,-10.824298559663882,-3.83662680068951,0.07407981
2022-12-12,14.341304347826085,7.644565217391305,299.8720930232558,999.2777777777778,5.290243902439024,0.40231055,-6.185168124881276,-0.511626800689509,0.07407981
2022-12-13,14.024444444444445,10.455555555555556,271.0232558139535,996.1037037037039,3.1939024390243906,0.40231055,-6.502028028262917,2.2993635374747416,0.07407981
2022-12-14,12.91,7.820000000000001,124.0919540229885,995.8111111111112,2.3629629629629636,0.40231055,-7.616472472707361,-0.3361920180808129,0.07407981
2022-12-15,10.366292134831463,6.0505617977528106,19.942528735632184,994.7384615384617,2.807407407407408,0.40231055,-10.160180337875898,-2.1056302203280035,0.07407981
2022-12-16,10.07802197802198,4.49010989010989,33.47674418604651,1003.0444444444444,1.917283950617284,0.40231055,-10.448450494685382,-3.666082127970924,0.07407981
2022-12-17,10.417582417582418,3.91978021978022,2.4157303370786516,1011.9592592592593,1.2112500000000002,0.40231055,-10.108890055124943,-4.236411798300594,0.07407981
2022-12-18,11.37912087912088,3.2230769230769236,0.7386363636363636,1018.8666666666666,2.0100000000000002,0.40231055,-9.147351593586482,-4.93311509500389,0.07407981
2022-12-19,12.039325842696632,3.938202247191012,27.273809523809526,1017.872,3.0820512820512826,0.40231055,-8.487146630010729,-4.217989770889802,0.07407981
2022-12-20,11.517045454545455,6.4750000000000005,114.55952380952381,1014.556,3.3038461538461545,0.40231055,-9.009427018161906,-1.6811920180808135,0.07407981
2022-12-21,12.595505617977528,7.728089887640449,8.476190476190476,1018.123076923077,3.2324675324675325,0.40231055,-7.930966854729833,-0.42810213044036516,0.07407981
2022-12-22,13.575000000000005,8.861363636363638,3.7951807228915664,1020.3346153846154,2.7493506493506494,0.40231055,-6.951472472707357,0.705171618282824,0.07407981
2022-12-23,12.749438202247191,7.496629213483148,0.9880952380952381,1018.4576923076922,2.376623376623377,0.40231055,-7.77703427046017,-0.659562804597666,0.07407981
2022-12-24,12.621590909090912,5.110227272727273,0.5714285714285714,1014.8115384615384,2.343589743589744,0.40231055,-7.904881563616449,-3.0459647453535412,0.07407981
2022-12-25,13.575280898876407,6.313483146067417,22.904761904761905,1013.4615384615385,3.4846153846153842,0.40231055,-6.951191573830954,-1.8427088720133975,0.07407981
2022-12-26,15.759090909090911,5.261363636363637,0.6626506024096386,1019.1038461538462,1.5192307692307692,0.40231055,-4.76738156361645,-2.8948283817171774,0.07407981
2022-12-27,15.122471910112358,3.7606741573033715,0.08433734939759036,1023.6500000000001,1.485897435897436,0.40231055,-5.404000562595003,-4.395517860777442,0.07407981
2022-12-28,13.456179775280898,2.821348314606742,6.658536585365853,1019.2846153846153,2.5341772151898736,0.40231055,-7.0702926974264635,-5.334843703474072,0.07407981
2022-12-29,11.642222222222225,6.949999999999998,46.566265060240966,1015.1153846153846,3.656962025316456,0.40231055,-8.884250250485136,-1.2061920180808157,0.07407981
2022-12-30,12.978409090909093,7.427272727272728,0.2261904761904762,1015.768,4.132911392405063,0.40231055,-7.5480633817982685,-0.7289192908080864,0.07407981
2022-12-31,14.554444444444446,4.341111111111112,1.0,1017.9038461538462,3.170886075949368,0.40231055,-5.9720280282629155,-3.815080906969702,0.07407981
2023-01-01,14.838636363636367,7.0159090909090915,60.80952380952381,1014.3576923076923,4.153164556962025,0.40231055,-5.687836109070995,-1.1402829271717225,0.07407981
2023-01-02,10.745555555555557,3.597777777777778,2.7261904761904763,1017.9230769230769,1.3265822784810126,0.40231055,-9.780916917151805,-4.558414240303036,0.07407981
2023-01-03,10.465168539325843,0.3662921348314608,0.37209302325581395,1024.8346153846155,1.139240506329114,0.40231055,-10.061303933381518,-7.789899883249353,0.07407981
2023-01-04,11.095505617977528,-0.49887640449438214,0.5529411764705883,1028.1346153846155,1.0468354430379747,0.40231055,-9.430966854729833,-8.655068422575196,0.07407981
2023-01-05,11.293103448275863,-0.2149425287356322,0.36904761904761907,1023.6961538461538,1.0743589743589745,0.40231055,-9.233369024431498,-8.371134546816446,0.07407981
2023-01-06,10.073033707865168,-1.2133333333333336,0.43023255813953487,1019.9115384615386,1.1379746835443036,0.40231055,-10.453438764842193,-9.369525351414147,0.07407981
2023-01-07,9.563333333333334,0.6322222222222222,176.1627906976744,1016.0851851851852,3.670886075949368,0.40231055,-10.963139139374027,-7.523969795858592,0.07407981
2023-01-08,12.824444444444445,7.53,127.40697674418605,1009.137037037037,5.59240506329114,0.40231055,-7.702028028262916,-0.6261920180808138,0.07407981
2023-01-09,11.65222222222222,3.517777777777778,0.22093023255813954,1017.6444444444445,3.160256410256411,0.40231055,-8.874250250485142,-4.638414240303036,0.07407981
2023-01-10,11.85056179775281,1.592134831460674,6.8352941176470585,1023.5500000000001,1.8610389610389613,0.40231055,-8.675910674954551,-6.56405718662014,0.07407981
2023-01-11,11.084269662921349,2.7808988764044944,10.75,1023.4962962962964,2.0807692307692314,0.40231055,-9.442202809786012,-5.37529314167632,0.07407981
2023-01-12,11.563333333333336,0.36777777777777787,0.4186046511627907,1023.8333333333334,1.3846153846153846,0.40231055,-8.963139139374025,-7.7884142403030365,0.07407981
2023-01-13,11.252222222222223,0.9688888888888891,0.3764705882352941,1022.8740740740742,1.2217948717948717,0.40231055,-9.274250250485139,-7.187303129191925,0.07407981
2023-01-14,11.880219780219782,0.8142857142857142,2.0714285714285716,1020.4555555555554,1.57875,0.40231055,-8.646252692487579,-7.3419063037951,0.07407981
2023-01-15,9.166666666666666,1.3911111111111114,10.08235294117647,1017.7703703703705,3.3312500000000007,0.40231055,-11.359805806040695,-6.765080906969702,0.07407981
2023-01-16,9.393406593406594,1.8318681318681318,60.19767441860465,1006.9703703703706,7.316250000000001,0.40231055,-11.133065879300768,-6.3243238862126825,0.07407981
2023-01-17,9.331111111111111,1.327777777777778,20.821428571428573,996.9555555555555,7.615189873417722,0.40231055,-11.19536136159625,-6.828414240303037,0.07407981
2023-01-18,5.254444444444444,-0.33111111111111113,3.1058823529411765,1006.0407407407408,4.794871794871795,0.40231055,-15.272028028262916,-8.487303129191925,0.07407981
2023-01-19,7.90888888888889,-1.516666666666667,31.634146341463413,1013.6206896551727,4.62051282051282,0.40231055,-12.617583583818472,-9.672858684747482,0.07407981
2023-01-20,12.05217391304348,5.516304347826086,13.080459770114942,1011.6892857142857,2.9100000000000006,0.40231055,-8.47429855966388,-2.639887670254728,0.07407981
2023-01-21,9.398913043478261,0.3891304347826087,1.1379310344827587,1017.751724137931,3.0675,0.40231055,-11.1275594292291,-7.767061583298205,0.07407981
2023-01-22,6.501086956521739,-2.8141304347826086,0.04597701149425287,1022.3827586206896,3.0936708860759494,0.40231055,-14.025385516185622,-10.970322452863423,0.07407981
2023-01-23,6.137362637362638,-3.4351648351648354,0.313953488372093,1019.8965517241379,3.3759493670886074,0.40231055,-14.389109835344723,-11.59135685324565,0.07407981
2023-01-24,4.8533333333333335,-2.9177777777777782,0.047058823529411764,1020.7172413793104,2.4769230769230766,0.40231055,-15.673139139374028,-11.073969795858591,0.07407981
2023-01-25,7.224444444444445,-3.935555555555556,0.03488372093023256,1022.5793103448275,2.0784810126582283,0.40231055,-13.302028028262917,-12.09174757363637,0.07407981
2023-01-26,6.718888888888889,-2.281111111111111,0.09302325581395349,1017.0724137931034,2.587341772151899,0.40231055,-13.807583583818472,-10.437303129191925,0.07407981
2023-01-27,6.720652173913044,-1.7791208791208792,0.6744186046511628,1014.2275862068967,3.870512820512821,0.40231055,-13.805820298794316,-9.935312897201694,0.07407981
2023-01-28,7.268131868131868,-2.4144444444444444,0.11627906976744186,1016.5535714285716,3.4075949367088607,0.40231055,-13.258340604575494,-10.570636462525258,0.07407981
2023-01-29,6.391111111111112,-3.8211111111111116,0.04597701149425287,1020.4571428571428,2.311392405063291,0.40231055,-14.13536136159625,-11.977303129191926,0.07407981
2023-01-30,8.438888888888888,-4.455555555555557,0.046511627906976744,1024.2275862068968,1.5379746835443038,0.40231055,-12.087583583818473,-12.611747573636372,0.07407981
2023-01-31,10.363333333333333,-4.137777777777777,0.023529411764705882,1024.6586206896552,1.510126582278481,0.40231055,-10.163139139374028,-12.29396979585859,0.07407981
2023-02-01,11.338461538461537,-2.6329670329670334,0.0,1022.6310344827588,1.7308641975308645,0.40231055,-9.188010934245824,-10.789159051047847,0.07407981
2023-02-02,12.982022471910113,-2.0707865168539326,0.023809523809523808,1024.2965517241378,1.5125,0.40231055,-7.544450000797248,-10.226978534934746,0.07407981
2023-02-03,14.981318681318683,-1.8252747252747255,0.022727272727272728,1026.5655172413794,1.2,0.40231055,-5.545153791388678,-9.98146674335554,0.07407981
2023-02-04,16.168478260869566,-1.3804347826086956,0.0,1026.3413793103448,1.7024691358024693,0.40231055,-4.357994211837795,-9.53662680068951,0.07407981
2023-02-05,15.010869565217394,-1.132608695652174,0.0,1025.1827586206894,2.1962962962962966,0.40231055,-5.515602907489967,-9.288800713732988,0.07407981
2023-02-06,10.864130434782611,-1.7217391304347827,0.09090909090909091,1020.3793103448277,3.4109756097560973,0.40231055,-9.66234203792475,-9.877931148515597,0.07407981
2023-02-07,8.235955056179776,-1.4579545454545455,5.5813953488372094,1016.348275862069,2.419512195121951,0.40231055,-12.290517416527585,-9.61414656353536,0.07407981
2023-02-08,9.833695652173914,0.6731182795698925,1.802325581395349,1018.6678571428572,3.239024390243902,0.40231055,-10.692776820533448,-7.483073738510922,0.07407981
2023-02-09,10.398924731182797,-0.7043010752688172,0.022727272727272728,1025.5,2.0280487804878047,0.40231055,-10.127547741524564,-8.860493093349632,0.07407981
2023-02-10,9.93978494623656,-1.624731182795699,0.022727272727272728,1029.3965517241381,2.847560975609756,0.40231055,-10.5866875264708,-9.780923200876513,0.07407981
2023-02-11,10.295698924731182,-1.9172043010752688,0.0,1026.2172413793105,3.5853658536585367,0.40231055,-10.23077354797618,-10.073396319156084,0.07407981
2023-02-12,10.504301075268815,-0.6860215053763442,0.0,1025.3206896551724,2.863414634146342,0.40231055,-10.022171397438546,-8.842213523457158,0.07407981
2023-02-13,12.265591397849462,0.5849462365591398,0.0,1026.2551724137932,2.5646341463414632,0.40231055,-8.260881074857899,-7.571245781521674,0.07407981
2023-02-14,11.272826086956524,1.975,0.0,1023.0689655172414,3.385185185185185,0.40231055,-9.253646385750837,-6.181192018080814,0.07407981
2023-02-15,13.386021505376345,1.2494623655913981,0.0,1021.551724137931,2.045121951219512,0.40231055,-7.140450967331017,-6.906729652489416,0.07407981
2023-02-16,14.882608695652177,0.21521739130434786,0.022727272727272728,1023.6241379310345,1.9670731707317075,0.40231055,-5.643863777055184,-7.940974626776466,0.07407981
2023-02-17,15.88172043010753,0.22688172043010751,0.0,1024.293103448276,2.8329268292682928,0.40231055,-4.644752042599832,-7.929310297650707,0.07407981
2023-02-18,15.081914893617022,2.8468085106382977,3.090909090909091,1022.7517241379311,2.2085365853658536,0.40231055,-5.44455757909034,-5.309383507442517,0.07407981
2023-02-19,17.448936170212768,4.617021276595745,0.056179775280898875,1019.1724137931037,2.1439024390243904,0.40231055,-3.077536302494593,-3.5391707414850693,0.07407981
2023-02-20,17.58617021276596,6.005319148936171,0.06976744186046512,1015.9655172413794,2.448780487804878,0.40231055,-2.940302259941401,-2.150872869144643,0.07407981
2023-02-21,16.169565217391305,5.098913043478261,7.8604651162790695,1013.0551724137932,1.7987654320987654,0.40231055,-4.356907255316056,-3.0572789746025535,0.07407981
2023-02-22,13.880434782608695,3.8445652173913043,6.241379310344827,1010.696551724138,1.7358024691358027,0.40231055,-6.646037690098666,-4.31162680068951,0.07407981
2023-02-23,8.07741935483871,-0.9784946236559143,24.264367816091955,1006.6137931034484,3.4308641975308647,0.40231055,-12.449053117868651,-9.134686641736728,0.07407981
2023-02-24,8.682795698924732,-4.29247311827957,5.579545454545454,1005.2689655172413,1.4617283950617284,0.40231055,-11.84367677378263,-12.448665136360384,0.07407981
2023-02-25,7.6752688172043015,-2.9688172043010748,1.2906976744186047,1001.944827586207,2.0975308641975308,0.40231055,-12.85120365550306,-11.12500922238189,0.07407981
2023-02-26,8.905376344086022,-1.8161290322580645,0.13793103448275862,1005.2965517241381,3.434567901234568,0.40231055,-11.621096128621339,-9.972321050338879,0.07407981
2023-02-27,5.5408602150537645,-3.244086021505377,0.16279069767441862,1011.7724137931036,3.775308641975309,0.40231055,-14.985612257653596,-11.40027803958619,0.07407981
2023-02-28,6.795604395604396,-4.839560439560439,0.046511627906976744,1016.0111111111111,3.0650000000000004,0.40231055,-13.730868077102965,-12.995752457641252,0.07407981
2023-03-01,6.16236559139785,-4.3204301075268825,0.045454545454545456,1013.948275862069,2.05925925925926,0.3326095,-14.36410688130951,-12.476622125607697,0.004378766
2023-03-02,9.253191489361702,-4.5882978723404255,0.06741573033707865,1014.3206896551725,1.9658536585365856,0.3326095,-11.273280983345659,-12.744489890421239,0.004378766
2023-03-03,11.839361702127658,-3.659574468085107,0.0,1014.9137931034484,1.886585365853659,0.3326095,-8.687110770579704,-11.81576648616592,0.004378766
2023-03-04,12.650000000000002,-2.691489361702128,0.13333333333333333,1015.2862068965518,1.5317073170731708,0.3326095,-7.876472472707359,-10.847681379782943,0.004378766
2023-03-05,9.48404255319149,-0.7457446808510638,23.733333333333334,1010.9931034482759,1.5475609756097561,0.3326095,-11.042429919515872,-8.901936698931879,0.004378766
2023-03-06,11.770967741935484,4.197849462365592,27.685393258426966,1005.6142857142858,2.8573170731707314,0.3326095,-8.755504730771877,-3.9583425557152223,0.004378766
2023-03-07,13.07340425531915,6.41595744680851,11.460674157303371,1004.6275862068966,4.437804878048782,0.3326095,-7.453068217388211,-1.7402345712723042,0.004378766
2023-03-08,15.70531914893617,8.580851063829787,167.04444444444445,1005.6241379310345,5.160975609756098,0.3326095,-4.821153323771192,0.42465904574897273,0.004378766
2023-03-09,15.874468085106386,8.831914893617022,25.322222222222223,1008.293103448276,5.369512195121952,0.3326095,-4.652004387600975,0.6757228755362075,0.004378766
2023-03-10,17.12340425531915,6.838709677419355,1.0,1014.4642857142859,3.976829268292683,0.3326095,-3.40306821738821,-1.317482340661459,0.004378766
2023-03-11,17.6,8.646808510638298,1.1573033707865168,1015.9379310344829,4.1573170731707325,0.3326095,-2.92647247270736,0.49061649255748385,0.004378766
2023-03-12,21.565591397849463,7.259139784946237,0.0,1014.0103448275862,1.9426829268292685,0.3326095,1.0391189251421018,-0.8970522331345769,0.004378766
2023-03-13,18.717021276595744,5.994680851063831,0.2111111111111111,1009.8827586206896,5.1743902439024385,0.3326095,-1.8094511961116169,-2.1615111670169833,0.004378766
2023-03-14,15.393478260869568,3.6445652173913046,0.0,1015.1517241379311,3.019512195121951,0.3326095,-5.132994211837794,-4.511626800689509,0.004378766
2023-03-15,20.161956521739132,2.6250000000000004,0.0,1012.1034482758621,1.4121951219512197,0.3326095,-0.3645159509682294,-5.531192018080814,0.004378766
2023-03-16,21.629787234042553,5.777659574468085,0.9325842696629213,1005.0551724137933,2.903658536585366,0.3326095,1.1033147613351915,-2.3785324436127286,0.004378766
2023-03-17,15.132978723404255,7.107446808510638,11.011363636363637,1006.0379310344829,4.235365853658537,0.3326095,-5.393493749303106,-1.0487452095701757,0.004378766
2023-03-18,14.00531914893617,4.731914893617021,7.3,1011.2034482758621,2.8329268292682923,0.3326095,-6.521153323771191,-3.424277124463793,0.004378766
2023-03-19,17.06989247311828,3.103225806451613,0.02247191011235955,1015.2310344827587,1.6000000000000003,0.3326095,-3.4565799995890814,-5.052966211629201,0.004378766
2023-03-20,19.26489361702128,2.8489361702127667,0.0,1014.8206896551725,1.8634146341463413,0.3326095,-1.261578855686082,-5.307255847868047,0.004378766
2023-03-21,19.96808510638298,4.6000000000000005,0.0,1011.4655172413793,1.9231707317073172,0.3326095,-0.5583873663243821,-3.5561920180808135,0.004378766
2023-03-22,20.579787234042552,4.955319148936171,0.0,1009.2172413793106,2.3353658536585367,0.3326095,0.05331476133519075,-3.200872869144643,0.004378766
2023-03-23,19.358510638297872,4.779787234042553,0.022222222222222223,1008.4137931034481,3.139024390243903,0.3326095,-1.167961834409489,-3.376404784038261,0.004378766
2023-03-24,17.303191489361705,6.095744680851064,1.3932584269662922,1012.5448275862069,3.475609756097561,0.3326095,-3.2232809833456564,-2.06044733722975,0.004378766
2023-03-25,19.582978723404256,3.615957446808511,0.8555555555555555,1015.1793103448276,3.291463414634147,0.3326095,-0.943493749303105,-4.540234571272303,0.004378766
2023-03-26,18.172340425531914,5.772340425531915,0.06741573033707865,1015.0620689655174,4.321951219512195,0.3326095,-2.3541320471754474,-2.383851592548899,0.004378766
2023-03-27,19.179787234042553,2.3340425531914892,0.0,1016.7620689655174,1.6219512195121955,0.3326095,-1.3466852386648078,-5.822149464889325,0.004378766
2023-03-28,23.32150537634409,4.17741935483871,0.0,1016.2103448275863,1.7097560975609758,0.3326095,2.795032903636727,-3.978772663242104,0.004378766
2023-03-29,24.431914893617027,7.327659574468086,0.0,1014.1068965517244,3.250000000000001,0.3326095,3.905442420909665,-0.8285324436127279,0.004378766
2023-03-30,20.57553191489362,7.62872340425532,0.18888888888888888,1015.7689655172414,3.7329268292682936,0.3326095,0.049059442186258906,-0.5274686138254943,0.004378766
2023-03-31,18.98936170212766,8.210638297872343,0.0,1015.1310344827587,5.1170731707317065,0.3326095,-1.5371107705797016,0.05444627979152905,0.004378766
2023-04-01,17.106382978723403,5.5148936170212774,1.0777777777777777,1015.1551724137933,4.380487804878048,0.3326095,-3.4200894939839586,-2.6412984010595366,0.004378766
2023-04-02,16.677659574468084,1.6170212765957446,0.0,1018.6758620689656,2.618292682926829,0.3326095,-3.8488128982392773,-6.539170741485069,0.004378766
2023-04-03,17.976344086021506,1.313978494623656,0.022727272727272728,1012.1586206896553,1.7865853658536586,0.3326095,-2.5501283866858557,-6.842213523457158,0.004378766
2023-04-04,19.28695652173913,3.8315217391304355,0.0,1009.1931034482759,3.5121951219512186,0.3326095,-1.239515950968233,-4.324670278950379,0.004378766
2023-04-05,20.77608695652174,0.7652173913043478,0.0,1011.4827586206898,1.7925925925925925,0.3326095,0.2496144838143799,-7.390974626776466,0.004378766
2023-04-06,22.427472527472528,3.779120879120879,0.0,1010.5931034482759,1.7902439024390242,0.3326095,1.9010000547651664,-4.377071138959935,0.004378766
2023-04-07,23.431868131868132,4.317582417582417,0.0,1008.8275862068965,1.9975609756097563,0.3326095,2.905395659160771,-3.8386096004983967,0.004378766
2023-04-08,24.77444444444445,5.931111111111111,0.0,1009.537931034483,1.7024691358024695,0.3326095,4.247971971737087,-2.225080906969703,0.004378766
2023-04-09,25.43626373626374,7.294505494505495,0.0,1012.2896551724137,2.5792682926829267,0.3326095,4.909791263556379,-0.8616865235753188,0.004378766
2023-04-10,24.459999999999997,8.732222222222223,0.0,1014.9551724137931,2.6691358024691363,0.3326095,3.933527527292636,0.5760302041414089,0.004378766
2023-04-11,24.06521739130435,7.172826086956523,0.0,1012.9413793103448,2.9592592592592593,0.3326095,3.53874491859699,-0.9833659311242915,0.004378766
2023-04-12,16.624731182795703,5.540860215053763,6.314606741573034,1009.7103448275863,4.482716049382716,0.3326095,-3.9017412899116586,-2.6153318030270514,0.004378766
2023-04-13,14.76666666666667,2.1666666666666674,3.157303370786517,1012.9344827586207,4.035802469135803,0.3326095,-5.759805806040692,-5.989525351414146,0.004378766
2023-04-14,17.931182795698927,4.949462365591398,0.4431818181818182,1012.1448275862069,4.930864197530864,0.3326095,-2.5952896770084344,-3.2067296524894164,0.004378766
2023-04-15,21.40434782608696,6.1,0.0,1014.2655172413795,3.237037037037037,0.3326095,0.8778753533795971,-2.0561920180808144,0.004378766
2023-04-16,22.48586956521739,6.716304347826087,0.0,1012.9793103448276,2.9864197530864196,0.3326095,1.9593970925100272,-1.439887670254727,0.004378766
2023-04-17,22.88478260869565,5.571739130434784,0.0,1008.2344827586206,2.8641975308641974,0.3326095,2.3583101359882903,-2.58445288764603,0.004378766
2023-04-18,22.467391304347824,4.809782608695652,0.0,1004.8689655172416,2.0160493827160497,0.3326095,1.940918831640463,-3.3464094093851617,0.004378766
2023-04-19,24.33152173913043,6.722826086956523,0.0,1004.5724137931034,2.314814814814815,0.3326095,3.805049266423069,-1.4333659311242908,0.004378766
2023-04-20,25.39677419354839,7.683870967741936,0.0,1002.2068965517243,3.0296296296296292,0.3326095,4.870301720841027,-0.47232105033887795,0.004378766
2023-04-21,22.309782608695652,7.746739130434783,69.07954545454545,999.0724137931037,3.8425,0.3326095,1.783310135988291,-0.40945288764603127,0.004378766
2023-04-22,18.060439560439562,7.4131868131868135,2.2705882352941176,1004.844827586207,3.179746835443038,0.3326095,-2.4660329122677993,-0.7430052048940006,0.004378766
2023-04-23,21.346666666666668,5.952222222222223,0.0,1009.189655172414,3.744303797468354,0.3326095,0.8201941939593063,-2.2039697958585913,0.004378766
2023-04-24,23.60888888888889,8.057777777777776,0.0,1010.1275862068966,2.5734177215189873,0.3326095,3.0824164161815304,-0.09841424030303791,0.004378766
2023-04-25,25.88314606741573,9.588764044943822,0.0,1008.5793103448276,2.7038461538461536,0.3326095,5.356673594708369,1.4325720268630082,0.004378766
2023-04-26,27.242222222222225,10.083333333333334,0.0,1007.6551724137931,2.5225,0.3326095,6.715749749514863,1.9271413152525199,0.004378766
2023-04-27,30.124444444444446,12.366666666666667,0.0,1006.4965517241379,2.2425,0.3326095,9.597971971737085,4.210474648585853,0.004378766
2023-04-28,29.375555555555554,14.021111111111114,0.0,1005.9586206896552,3.0888888888888886,0.3326095,8.849083082848193,5.8649190930303,0.004378766
2023-04-29,24.916483516483513,12.668131868131868,1.5402298850574712,1009.3103448275865,2.917283950617284,0.3326095,4.390011043776152,4.5119398500510535,0.004378766
2023-04-30,23.2978021978022,10.186813186813188,0.0,1010.9482758620691,2.517283950617285,0.3326095,2.771329725094837,2.030621168732374,0.004378766
2023-05-01,25.55054945054945,8.123076923076924,0.0,1011.2689655172416,1.9407407407407409,0.3326095,5.024076977842089,-0.03311509500388965,0.004378766
2023-05-02,27.58571428571429,9.35824175824176,0.0,1009.0931034482759,1.7790123456790126,0.3326095,7.059241813006928,1.2020497401609465,0.004378766
2023-05-03,28.20222222222223,12.293333333333335,0.9425287356321839,1006.4103448275864,3.946913580246914,0.3326095,7.675749749514868,4.137141315252521,0.004378766
2023-05-04,23.13370786516854,10.196629213483146,0.046511627906976744,1011.3172413793104,3.2802469135802466,0.3326095,2.6072353924611775,2.0404371954023315,0.004378766
2023-05-05,24.83406593406594,8.061538461538463,0.0,1010.5896551724138,2.119753086419753,0.3326095,4.307593461358579,-0.09465355654235097,0.004378766
2023-05-06,25.23777777777778,8.556666666666668,8.793103448275861,1007.7172413793104,2.63125,0.3326095,4.711305305070418,0.40047464858585435,0.004378766
2023-05-07,25.43222222222223,10.09888888888889,0.0,1012.0655172413793,2.365,0.3326095,4.905749749514868,1.942696870808076,0.004378766
2023-05-08,27.76136363636364,10.113636363636363,0.0,1014.4965517241382,2.248101265822785,0.3326095,7.234891163656279,1.9574443455555492,0.004378766
2023-05-09,25.24204545454546,12.463636363636367,0.0,1012.8571428571428,3.8569620253164554,0.3326095,4.715572981838097,4.3074443455555524,0.004378766
2023-05-10,22.765555555555558,8.731111111111112,0.0,1012.5357142857141,2.83,0.3326095,2.2390830828481967,0.5749190930302976,0.004378766
2023-05-11,20.60111111111111,6.808888888888888,0.0,1011.451724137931,3.4075,0.3326095,0.07463863840374785,-1.3473031291919257,0.004378766
2023-05-12,17.666666666666668,5.633333333333334,6.223529411764706,1010.732142857143,3.3846153846153846,0.3326095,-2.8598058060406935,-2.5228586847474803,0.004378766
2023-05-13,19.294444444444444,4.223333333333333,0.011363636363636364,1013.4068965517241,3.0962500000000004,0.3326095,-1.232028028262917,-3.9328586847474813,0.004378766
2023-05-14,19.93777777777778,6.318888888888889,2.0,1013.955172413793,2.8000000000000003,0.3326095,-0.5886946949295826,-1.837303129191925,0.004378766
2023-05-15,20.6,6.587777777777779,0.0,1012.689655172414,3.1075,0.3326095,0.07352752729264012,-1.568414240303035,0.004378766
2023-05-16,21.075280898876404,5.371910112359552,0.0,1010.8241379310346,3.220253164556962,0.3326095,0.5488084261690425,-2.7842819057212624,0.004378766
2023-05-17,22.270000000000003,4.777777777777779,0.0,1009.9241379310344,4.3975,0.3326095,1.7435275272926418,-3.3784142403030355,0.004378766
2023-05-18,20.41685393258427,4.937078651685394,0.0,1011.9137931034483,3.9886075949367084,0.3326095,-0.10961854012309047,-3.21911336639542,0.004378766
2023-05-19,19.603296703296703,5.4582417582417575,0.0,1011.9275862068966,4.124999999999999,0.3326095,-0.9231757694106584,-2.6979502598390566,0.004378766
2023-05-20,19.414130434782614,5.290217391304348,1.6555555555555554,1008.4241379310345,2.6629629629629634,0.3326095,-1.1123420379247477,-2.865974626776466,0.004378766
2023-05-21,20.575555555555557,8.475555555555557,13.241379310344827,1004.4275862068964,2.683544303797469,0.3326095,0.0490830828481954,0.319363537474743,0.004378766
2023-05-22,22.030337078651687,10.196629213483147,15.413793103448276,1005.3413793103449,2.6835443037974684,0.3326095,1.503864605944326,2.0404371954023333,0.004378766
2023-05-23,22.468181818181822,11.015909090909092,35.27906976744186,1005.8655172413793,3.489743589743589,0.3326095,1.941709345474461,2.8597170728282784,0.004378766
2023-05-24,23.235227272727272,10.943181818181818,24.41176470588235,1007.7551724137932,2.5743589743589745,0.3326095,2.7087548000199106,2.7869898001010043,0.004378766
2023-05-25,23.96333333333333,9.953333333333335,154.97619047619048,1006.9142857142857,2.70379746835443,0.3326095,3.43686086062597,1.7971413152525209,0.004378766
2023-05-26,18.65681818181818,10.054545454545455,87.64367816091954,1008.1071428571428,3.8220779220779213,0.3326095,-1.86965429088918,1.8983534364646406,0.004378766
2023-05-27,20.07934782608696,11.357608695652177,107.55555555555556,1008.9551724137932,2.3012345679012345,0.3326095,-0.4471246466204022,3.2014166775713626,0.004378766
2023-05-28,18.83936170212766,11.789361702127662,75.6413043478261,1007.0758620689656,1.8609756097560974,0.3326095,-1.6871107705797002,3.633169684046848,0.004378766
2023-05-29,20.99255319148936,11.3,66.77777777777777,1005.9724137931034,2.303658536585366,0.3326095,0.4660807187819991,3.1438079819191866,0.004378766
2023-05-30,21.17608695652174,11.121739130434785,64.73626373626374,1007.525925925926,2.0592592592592593,0.3326095,0.6496144838143785,2.9655471123539705,0.004378766
2023-05-31,22.931182795698927,10.951612903225808,31.593406593406595,1007.5172413793103,1.8963414634146345,0.3326095,2.4047103229915656,2.7954208851449938,0.004378766
2023-06-01,22.181914893617027,11.700000000000001,67.53260869565217,1005.5999999999999,2.060975609756098,0.25344798,1.6554424209096652,3.543807981919187,-0.07478276
2023-06-02,22.584782608695658,11.111956521739133,51.71111111111111,1005.6137931034485,2.1012500000000003,0.25344798,2.0583101359882967,2.955764503658319,-0.07478276
2023-06-03,24.323076923076925,10.82967032967033,27.09090909090909,1006.0551724137933,1.9687500000000004,0.25344798,3.796604450369564,2.673478311589516,-0.07478276
2023-06-04,24.83516483516484,11.986813186813189,24.795454545454547,1006.8000000000003,1.7137500000000003,0.25344798,4.308692362457478,3.8306211687323746,-0.07478276
2023-06-05,24.944943820224722,13.015730337078656,29.72093023255814,1006.8896551724139,1.8443037974683538,0.25344798,4.418471347517361,4.859538318997842,-0.07478276
2023-06-06,27.38681318681319,12.567032967032969,32.01123595505618,1005.15,2.0296296296296292,0.25344798,6.860340714105828,4.4108409489521545,-0.07478276
2023-06-07,20.72258064516129,14.941935483870967,65.6,1004.8896551724138,2.9395061728395064,0.25344798,0.19610817245392909,6.785743465790153,-0.07478276
2023-06-08,20.65326086956522,14.195652173913047,94.5,1003.0206896551725,3.38641975308642,0.25344798,0.12678839685785803,6.0394601558322325,-0.07478276
2023-06-09,22.276086956521745,13.266304347826088,44.51685393258427,1004.4310344827586,3.6037037037037036,0.25344798,1.7496144838143834,5.110112329745274,-0.07478276
2023-06-10,24.49891304347826,13.956521739130432,1.4777777777777779,1006.8344827586209,1.891358024691358,0.25344798,3.9724405707708996,5.800329721049618,-0.07478276
2023-06-11,25.495604395604396,13.67802197802198,7.49438202247191,1006.7103448275861,2.6049382716049387,0.25344798,4.969131922897034,5.521829959941165,-0.07478276
2023-06-12,25.525000000000002,13.431521739130435,39.666666666666664,1004.9689655172414,2.391358024691358,0.25344798,4.998527527292641,5.275329721049621,-0.07478276
2023-06-13,22.92,12.687777777777777,22.477272727272727,1004.6250000000002,2.5392405063291137,0.25344798,2.3935275272926404,4.531585759696963,-0.07478276
2023-06-14,25.89101123595506,12.370786516853933,0.022988505747126436,1008.8142857142856,2.0063291139240502,0.25344798,5.3645387632476975,4.214594498773119,-0.07478276
2023-06-15,29.24888888888889,14.025555555555554,0.033707865168539325,1010.7793103448274,1.58375,0.25344798,8.722416416181527,5.86936353747474,-0.07478276
2023-06-16,31.544444444444448,16.095555555555556,0.0,1008.1785714285717,1.848101265822785,0.25344798,11.017971971737087,7.939363537474742,-0.07478276
2023-06-17,31.514285714285716,17.243956043956043,15.386363636363637,1004.1655172413792,2.7912500000000002,0.25344798,10.987813241578355,9.087764025875229,-0.07478276
2023-06-18,28.428571428571427,16.25714285714286,14.306818181818182,1002.5931034482759,2.6675,0.25344798,7.902098955864066,8.100950839062046,-0.07478276
2023-06-19,27.525842696629216,16.348314606741575,16.152941176470588,1001.7344827586207,3.0835443037974684,0.25344798,6.999370223921854,8.19212258866076,-0.07478276
2023-06-20,24.936666666666667,15.444444444444445,0.7906976744186046,1004.2689655172416,2.854430379746836,0.25344798,4.410194193959306,7.288252426363631,-0.07478276
2023-06-21,26.294382022471908,13.64044943820225,39.616279069767444,1006.8392857142859,2.0580246913580247,0.25344798,5.767909549764546,5.484257420121436,-0.07478276
2023-06-22,27.917777777777776,12.772222222222222,0.03409090909090909,1011.975,1.4691358024691359,0.25344798,7.391305305070414,4.616030204141408,-0.07478276
2023-06-23,31.393406593406596,15.539560439560441,0.0,1013.2333333333335,1.8493827160493825,0.25344798,10.866934120699234,7.383368421479627,-0.07478276
2023-06-24,33.81208791208792,17.421978021978024,0.0,1010.1827586206896,1.9320987654320991,0.25344798,13.285615439380557,9.26578600389721,-0.07478276
2023-06-25,35.727777777777774,18.977777777777778,11.659090909090908,1008.9928571428572,2.3703703703703707,0.25344798,15.201305305070413,10.821585759696964,-0.07478276
2023-06-26,34.81460674157304,18.811235955056176,0.022727272727272728,1009.0571428571428,2.306172839506173,0.25344798,14.288134268865676,10.655043936975362,-0.07478276
2023-06-27,32.663333333333334,17.700000000000003,0.011363636363636364,1007.8428571428569,2.04320987654321,0.25344798,12.136860860625973,9.543807981919189,-0.07478276
2023-06-28,33.330000000000005,17.235555555555557,0.0,1006.1321428571429,2.255555555555556,0.25344798,12.803527527292644,9.079363537474743,-0.07478276
2023-06-29,31.640909090909087,16.21818181818182,0.0,1007.625,3.5253164556962027,0.25344798,11.114436618201726,8.061989800101005,-0.07478276
2023-06-30,27.44157303370787,13.614606741573034,0.0,1011.4285714285716,3.1624999999999996,0.25344798,6.915100561000507,5.45841472349222,-0.07478276
2023-07-01,31.239325842696626,14.747191011235952,0.022988505747126436,1009.3071428571428,2.1375,0.25344798,10.712853369989265,6.590998993155138,-0.07478276
2023-07-02,33.07078651685394,17.53707865168539,6.540229885057471,1007.6785714285714,2.08375,0.25344798,12.544314044146581,9.380886633604577,-0.07478276
2023-07-03,32.95888888888889,18.366666666666667,5.816091954022989,1007.0103448275863,3.306172839506173,0.25344798,12.432416416181532,10.210474648585853,-0.07478276
2023-07-04,31.673626373626377,16.354945054945055,0.0,1008.7793103448274,3.045679012345679,0.25344798,11.147153900919015,8.198753036864241,-0.07478276
2023-07-05,31.6032967032967,15.018681318681319,0.0,1007.6827586206896,2.195061728395062,0.25344798,11.076824230589338,6.8624893006005045,-0.07478276
2023-07-06,31.35168539325843,16.413483146067414,7.850574712643678,1004.5586206896551,2.606172839506173,0.25344798,10.825212920551067,8.2572911279866,-0.07478276
2023-07-07,32.06263736263736,16.234065934065935,0.4431818181818182,1005.1379310344828,3.6333333333333333,0.25344798,11.53616488993,8.077873915985121,-0.07478276
2023-07-08,30.032967032967036,14.502197802197802,0.022988505747126436,1009.4068965517243,2.67875,0.25344798,9.506494560259675,6.346005784116988,-0.07478276
2023-07-09,32.4,14.730769230769234,0.0,1011.5821428571428,2.22,0.25344798,11.873527527292637,6.574577212688419,-0.07478276
2023-07-10,36.86703296703297,16.057142857142857,0.0,1009.8035714285712,2.056962025316456,0.25344798,16.340560494325608,7.900950839062043,-0.07478276
2023-07-11,35.797777777777775,18.68555555555556,0.0,1006.4178571428573,3.612658227848102,0.25344798,15.271305305070413,10.529363537474746,-0.07478276
2023-07-12,31.566304347826087,16.63478260869565,0.0,1008.6172413793105,2.9740740740740743,0.25344798,11.039831875118725,8.478590590614838,-0.07478276
2023-07-13,33.107608695652175,16.330434782608695,0.0,1009.6206896551724,2.206172839506173,0.25344798,12.581136222944814,8.17424276452788,-0.07478276
2023-07-14,33.979787234042554,17.08936170212766,0.044444444444444446,1005.9724137931034,3.7578313253012046,0.25344798,13.453314761335193,8.933169684046847,-0.07478276
2023-07-15,28.596774193548388,16.195698924731182,0.022222222222222223,1006.4965517241378,3.709638554216868,0.25344798,8.070301720841027,8.039506906650368,-0.07478276
2023-07-16,31.24148936170213,13.052127659574468,0.0,1007.544827586207,2.34578313253012,0.25344798,10.715016888994768,4.895935641493654,-0.07478276
2023-07-17,36.75851063829788,15.132978723404255,0.0,1007.1862068965517,2.324096385542169,0.25344798,16.232038165590517,6.976786705323441,-0.07478276
2023-07-18,36.4494623655914,20.527956989247315,0.5930232558139535,1007.9241379310346,3.2204819277108427,0.25344798,15.92298989288404,12.3717649711665,-0.07478276
2023-07-19,35.62978723404255,19.119148936170212,0.0,1007.5344827586208,3.3024096385542165,0.25344798,15.103314761335191,10.962956918089398,-0.07478276
2023-07-20,32.351063829787236,16.363829787234046,0.0,1005.348275862069,3.496341463414634,0.25344798,11.824591357079875,8.207637769153232,-0.07478276
2023-07-21,29.756989247311832,14.898924731182795,1.101123595505618,1006.3241379310347,2.52289156626506,0.25344798,9.230516774604471,6.742732713101981,-0.07478276
2023-07-22,31.24255319148936,14.071276595744683,0.0,1007.7758620689654,2.1795180722891563,0.25344798,10.716080718781999,5.915084577663869,-0.07478276
2023-07-23,33.33829787234042,14.947872340425533,0.0,1005.4413793103449,3.3409638554216863,0.25344798,12.811825399633058,6.791680322344719,-0.07478276
2023-07-24,28.69347826086957,14.56304347826087,0.0,1005.6034482758621,3.8695121951219513,0.25344798,8.167005788162207,6.4068514601800555,-0.07478276
2023-07-25,29.01195652173913,12.565217391304348,0.0,1008.3310344827587,2.3292682926829267,0.25344798,8.485484049031768,4.409025373223534,-0.07478276
2023-07-26,32.55326086956522,13.921739130434785,0.0,1008.4103448275863,1.9049382716049383,0.25344798,12.02678839685786,5.765547112353971,-0.07478276
2023-07-27,31.837634408602156,16.582795698924734,3.1123595505617976,1005.2517241379311,3.493827160493827,0.25344798,11.311161935894795,8.42660368084392,-0.07478276
2023-07-28,32.208510638297874,14.789361702127657,0.0,1006.3275862068965,2.512195121951219,0.25344798,11.682038165590512,6.633169684046843,-0.07478276
2023-07-29,33.06276595744681,16.627659574468087,0.0,1006.8793103448274,3.159756097560976,0.25344798,12.536293484739446,8.471467556387273,-0.07478276
2023-07-30,34.30744680851065,17.24148936170213,0.0,1008.9827586206898,2.5365853658536586,0.25344798,13.780974335803286,9.085297343621315,-0.07478276
2023-07-31,34.55106382978723,17.011702127659575,0.0,1008.1413793103449,2.697560975609756,0.25344798,14.02459135707987,8.855510109578761,-0.07478276
2023-08-01,33.68723404255319,16.398936170212767,0.0,1006.9448275862068,2.569512195121951,0.25344798,13.160761569845832,8.242744152131953,-0.07478276
2023-08-02,32.12872340425532,17.5,0.0,1004.4965517241378,4.1170731707317065,0.25344798,11.602250931547957,9.343807981919186,-0.07478276
2023-08-03,29.104255319148944,15.01808510638298,0.0,1007.8551724137931,3.3780487804878043,0.25344798,8.577782846441583,6.861893088302166,-0.07478276
2023-08-04,26.819354838709682,11.95483870967742,0.0,1013.4655172413792,3.524390243902439,0.25344798,6.2928823660023205,3.7986466915966055,-0.07478276
2023-08-05,32.57021276595744,12.009574468085107,0.0,1012.0379310344829,2.1841463414634146,0.25344798,12.043740293250082,3.8533824500042932,-0.07478276
2023-08-06,33.925531914893625,16.261702127659575,0.0,1009.1793103448277,2.5829268292682928,0.25344798,13.399059442186264,8.105510109578761,-0.07478276
2023-08-07,35.77127659574468,15.472340425531916,0.0,1008.2655172413793,2.1048780487804883,0.25344798,15.24480412303732,7.316148407451102,-0.07478276
2023-08-08,37.75053763440861,18.55483870967742,0.0,1006.155172413793,2.433333333333333,0.25344798,17.224065161701247,10.398646691596605,-0.07478276
2023-08-09,37.6,20.76630434782609,0.8275862068965517,1007.7827586206897,2.8556962025316457,0.25344798,17.07352752729264,12.610112329745276,-0.07478276
2023-08-10,35.57142857142857,18.04945054945055,0.0,1011.1500000000003,2.3530864197530867,0.25344798,15.044956098721208,9.893258531369737,-0.07478276
2023-08-11,37.07391304347827,17.655434782608694,0.0,1011.657142857143,2.1814814814814816,0.25344798,16.54744057077091,9.49924276452788,-0.07478276
2023-08-12,35.62222222222222,19.189999999999998,0.0,1008.8629629629629,2.33875,0.25344798,15.095749749514859,11.033807981919184,-0.07478276
2023-08-13,34.59891304347827,17.92391304347826,0.0,1005.6586206896551,3.0300000000000002,0.25344798,14.072440570770908,9.767721025397448,-0.07478276
2023-08-14,33.53763440860216,16.303225806451614,0.0,1004.9241379310346,2.67,0.25344798,13.011161935894798,8.1470337883708,-0.07478276
2023-08-15,33.35913978494624,15.550537634408608,0.0,1005.5965517241381,2.2395061728395054,0.25344798,12.832667312238875,7.394345616327794,-0.07478276
2023-08-16,33.469565217391306,15.918478260869568,0.0,1005.1214285714286,2.3530864197530867,0.25344798,12.943092744683945,7.762286242788754,-0.07478276
2023-08-17,33.707526881720426,16.391397849462365,0.011111111111111112,1005.0655172413794,2.679012345679012,0.25344798,13.181054409013065,8.23520583138155,-0.07478276
2023-08-18,32.48172043010753,16.612903225806452,0.0,1006.6275862068967,3.1524390243902447,0.25344798,11.955247957400168,8.456711207725638,-0.07478276
2023-08-19,34.82065217391305,17.398913043478263,0.0,1009.1827586206898,2.365853658536585,0.25344798,14.294179701205685,9.242721025397449,-0.07478276
2023-08-20,36.865591397849464,18.416129032258066,0.0,1010.0107142857144,1.8012195121951224,0.25344798,16.339118925142103,10.259937014177252,-0.07478276
2023-08-21,38.60989010989011,20.051648351648353,0.0,1009.1296296296297,2.022222222222222,0.25344798,18.083417637182748,11.89545633356754,-0.07478276
2023-08-22,38.79021739130435,21.59239130434783,0.0,1007.5035714285715,2.733333333333334,0.25344798,18.26374491859699,13.436199286267017,-0.07478276
2023-08-23,37.745652173913044,22.141304347826086,0.044444444444444446,1006.737931034483,2.9691358024691357,0.25344798,17.219179701205682,13.985112329745272,-0.07478276
2023-08-24,37.65824175824176,20.500000000000004,0.0,1005.9655172413794,3.0395061728395065,0.25344798,17.131769285534396,12.34380798191919,-0.07478276
2023-08-25,35.464835164835165,18.51208791208791,0.12359550561797752,1005.9241379310344,3.62962962962963,0.25344798,14.938362692127804,10.355895894007096,-0.07478276
2023-08-26,29.6010989010989,16.02967032967033,0.13636363636363635,1004.5689655172413,4.313750000000001,0.25344798,9.07462642839154,7.873478311589517,-0.07478276
2023-08-27,23.375000000000004,11.981521739130438,0.0,1010.5724137931034,4.5287500000000005,0.25344798,2.8485275272926422,3.8253297210496235,-0.07478276
2023-08-28,26.83152173913044,10.478260869565219,0.011235955056179775,1012.4103448275862,2.8113924050632915,0.25344798,6.3050492664230795,2.3220688514844046,-0.07478276
2023-08-29,26.56813186813187,12.828571428571427,0.0,1008.5310344827586,2.6524999999999994,0.25344798,6.04165939542451,4.672379410490613,-0.07478276
2023-08-30,27.161538461538466,12.4,0.0,1006.8428571428573,1.9800000000000004,0.25344798,6.635065988831105,4.243807981919186,-0.07478276
2023-08-31,30.89782608695652,12.551086956521738,0.0,1008.4482758620692,2.14,0.25344798,10.37135361424916,4.394894938440924,-0.07478276
2023-09-01,30.594505494505494,14.436263736263736,21.035714285714285,1006.0551724137933,3.2,0.42413005,10.068033021798133,6.280071718182922,0.09589931
2023-09-02,22.763736263736263,13.928888888888888,147.51807228915663,1005.4827586206898,3.281818181818182,,2.2372637910289015,5.772696870808074,
2023-09-03,20.751685393258427,14.273033707865167,376.2168674698795,1004.7464285714285,3.4792207792207797,,0.22521292055106557,6.116841689784353,
2023-09-04,23.825,14.451136363636367,35.07142857142857,1006.1666666666669,2.6662337662337663,,3.298527527292638,6.294944345555553,
2023-09-05,25.84666666666667,14.222222222222225,7.423529411764706,1008.732142857143,2.1102564102564108,,5.32019419395931,6.066030204141411,
2023-09-06,27.993478260869562,15.01086956521739,0.1511627906976744,1009.4620689655171,1.9135802469135803,,7.467005788162201,6.854677547136577,
2023-09-07,28.401075268817202,17.425806451612907,8.431818181818182,1008.8689655172413,2.0827160493827157,,7.874602796109841,9.269614433532093,
2023-09-08,28.83870967741936,16.9505376344086,4.123595505617978,1007.844827586207,2.154320987654321,,8.312237204711998,8.794345616327787,
2023-09-09,26.12688172043011,16.651612903225807,21.48314606741573,1008.1275862068966,2.5962962962962965,,5.600409247722748,8.495420885144993,
2023-09-10,27.81956521739131,15.030434782608696,26.919540229885058,1008.3275862068965,2.139506172839506,,7.29309274468395,6.874242764527882,
2023-09-11,24.650537634408604,14.86021505376344,4.090909090909091,1008.0827586206897,2.41358024691358,,4.1240651617012425,6.704023035682626,
2023-09-12,25.601075268817212,13.63978494623656,12.534883720930232,1008.8071428571428,1.7487499999999998,,5.0746027961098505,5.483592928155746,
2023-09-13,26.996808510638296,13.341489361702127,6.177777777777778,1010.6482758620688,1.8682926829268298,,6.4703360379309345,5.185297343621313,
2023-09-14,27.261290322580646,14.712903225806452,104.875,1008.5068965517243,2.0975609756097566,,6.734817849873284,6.5567112077256375,
2023-09-15,24.89677419354839,14.806521739130435,59.46067415730337,1004.4357142857144,2.1951219512195124,,4.370301720841027,6.650329721049621,
2023-09-16,20.554255319148936,14.451063829787232,63.22222222222222,1003.8896551724138,2.712345679012346,,0.027782846441574804,6.294871811706418,
2023-09-17,19.854255319148937,13.627659574468087,58.79545454545455,1006.144827586207,3.7670731707317078,,-0.6722171535584245,5.471467556387273,
2023-09-18,20.01170212765958,12.429787234042553,9.855555555555556,1010.9103448275863,1.6841463414634146,,-0.5147703450477827,4.273595215961739,
2023-09-19,23.824175824175825,10.942391304347826,0.651685393258427,1010.5862068965517,1.3544303797468353,,3.2977033514684635,2.7861992862670117,
2023-09-20,23.382795698924735,11.166666666666666,0.9775280898876404,1006.6931034482759,2.982716049382716,,2.8563232262173734,3.010474648585852,
2023-09-21,18.327659574468086,11.00531914893617,50.733333333333334,1003.9241379310345,4.030487804878049,,-2.198812898239275,2.849127130855356,
2023-09-22,19.37872340425532,8.041489361702128,0.022727272727272728,1008.9392857142857,2.6185185185185187,,-1.1477490684520397,-0.11470265637868593,
2023-09-23,22.834408602150535,7.504301075268817,0.0,1013.5392857142859,1.2222222222222223,,2.307936129443174,-0.6518909428119972,
2023-09-24,26.70217391304348,9.4,0.0,1013.9035714285716,1.5567901234567902,,6.17570144033612,1.2438079819191863,
2023-09-25,28.51195652173913,10.891304347826088,0.0,1012.5500000000002,1.512345679012346,,7.9854840490317684,2.7351123297452737,
2023-09-26,28.526881720430108,12.201075268817208,0.0,1012.144827586207,1.3731707317073167,,8.000409247722747,4.044883250736394,
2023-09-27,27.880851063829788,13.38617021276596,0.0,1011.5586206896552,2.057831325301205,,7.354378591122426,5.229978194685145,
2023-09-28,28.557446808510633,12.348936170212765,0.0,1012.7586206896551,1.7024096385542167,,8.030974335803272,4.192744152131951,
2023-09-29,30.59468085106383,13.075531914893618,0.0,1015.3620689655173,1.413253012048193,,10.06820837835647,4.919339896812804,
2023-09-30,31.342553191489365,14.411702127659572,0.0,1016.2206896551726,1.7614457831325303,,10.816080718782004,6.255510109578758,
2023-10-01,31.74210526315789,14.335789473684212,0.0,1014.8862068965516,1.6819277108433734,,11.215632790450528,6.179597455603398,
2023-10-02,31.088421052631585,14.107368421052632,0.0,1013.9275862068966,2.0879518072289156,,10.561948579924223,5.951176402971818,
2023-10-03,29.809574468085106,13.104255319148939,0.0,1015.6642857142859,1.5253012048192771,,9.283101995377745,4.9480633010681245,
2023-10-04,29.203157894736844,13.289473684210526,0.0,1017.2758620689657,1.9084337349397587,,8.676685422029482,5.133281666129712,
2023-10-05,30.526315789473685,13.396842105263158,0.0,1016.5034482758618,1.6216867469879517,,9.999843316766324,5.240650087182344,
2023-10-06,30.972631578947368,13.698947368421056,0.0,1016.2724137931035,1.9469879518072288,,10.446159106240007,5.542755350340242,
2023-10-07,30.549999999999997,13.181914893617021,0.0,1016.151724137931,1.8240963855421688,,10.023527527292636,5.025722875536207,
2023-10-08,30.411702127659574,12.747872340425532,0.0,1016.6931034482759,1.4120481927710844,,9.885229654952212,4.591680322344718,
2023-10-09,29.130851063829784,12.322340425531914,0.0,1016.803448275862,1.5144578313253014,,8.604378591122423,4.1661484074511,
2023-10-10,28.20526315789474,11.083157894736841,0.0,1015.1551724137933,1.3915662650602412,,7.67879068518738,2.926965876656027,
2023-10-11,27.954736842105262,10.625263157894738,0.043478260869565216,1014.296551724138,1.4084337349397593,,7.428264369397901,2.4690711398139236,
2023-10-12,28.331578947368424,11.440000000000001,0.0,1013.6241379310345,1.5530120481927712,,7.805106474661063,3.283807981919187,
2023-10-13,24.71170212765958,12.177659574468086,22.33695652173913,1012.8965517241378,2.197590361445783,,4.18522965495222,4.021467556387272,
2023-10-14,21.665263157894735,12.24421052631579,2.4456521739130435,1014.0000000000001,1.3626506024096385,,1.1387906851873737,4.088018508234976,
2023-10-15,20.283157894736846,10.362105263157895,32.608695652173914,1010.8413793103449,1.6357142857142861,,-0.2433145779705157,2.205913245077081,
2023-10-16,19.343010752688173,12.96774193548387,6.450549450549451,1004.9714285714289,1.9759036144578317,,-1.1834617200191886,4.811549917403056,
2023-10-17,21.601075268817205,14.9,137.43820224719101,998.7535714285715,5.532926829268293,,1.0746027961098434,6.743807981919186,
2023-10-18,19.795652173913048,13.788043478260873,141.3068181818182,998.6750000000002,4.835365853658536,,-0.7308202987943133,5.631851460180059,
2023-10-19,15.875,9.909782608695652,500.3863636363636,989.8821428571428,4.032098765432099,,-4.651472472707361,1.753590590614838,
2023-10-20,14.31195652173913,7.939130434782609,8.887640449438202,993.4642857142857,5.503658536585366,,-6.214515950968231,-0.21706158329820546,
2023-10-21,14.647311827956987,5.850537634408602,0.9772727272727273,1002.8178571428572,2.0707317073170732,,-5.879160644750375,-2.305654383672212,
2023-10-22,15.093478260869567,7.891304347826088,174.0,998.2892857142858,2.8666666666666667,,-5.432994211837794,-0.26488767025472626,
2023-10-23,13.344565217391308,8.110869565217394,50.12643678160919,1000.7428571428572,2.1938271604938273,,-7.1819072553160535,-0.04532245286342018,
2023-10-24,13.095652173913045,5.982608695652174,86.70930232558139,1007.6857142857141,3.6074074074074067,,-7.430820298794316,-2.17358332242864,
2023-10-25,16.860869565217392,11.101086956521739,24.477272727272727,1006.9250000000001,4.128395061728395,,-3.665602907489969,2.9448949384409246,
2023-10-26,17.593406593406595,9.39,92.33333333333333,1002.1481481481483,5.768354430379747,,-2.9330658793007665,1.2338079819191865,
2023-10-27,14.397752808988765,8.059550561797753,21.435294117647057,1004.2185185185187,4.280519480519481,,-6.128719663718597,-0.09664145628306109,
2023-10-28,15.994505494505493,10.052747252747254,62.39080459770115,1001.8333333333335,4.720253164556961,,-4.531966978201869,1.8965552346664403,
2023-10-29,15.340659340659343,11.246153846153849,237.5287356321839,997.9407407407408,4.294936708860759,,-5.185813132048018,3.0899618280730348,
2023-10-30,13.603296703296705,6.735555555555556,8.705882352941176,1002.5592592592592,3.764556962025316,,-6.923175769410657,-1.420636462525258,
2023-10-31,13.760869565217394,5.273913043478261,11.873563218390805,1010.4892857142859,1.5839506172839508,,-6.765602907489967,-2.882278974602553,
2023-11-01,14.857608695652175,7.944565217391306,92.1046511627907,1006.1214285714286,4.94567901234568,,-5.668863777055186,-0.21162680068950834,
2023-11-02,15.115555555555554,5.608888888888889,85.5,998.7035714285715,7.44,,-5.410916917151807,-2.547303129191925,
2023-11-03,11.793406593406594,5.952747252747252,35.49425287356322,1002.6428571428571,5.45875,,-8.733065879300767,-2.203444765333562,
2023-11-04,14.90989010989011,8.161538461538463,82.25,995.9428571428572,7.297499999999999,,-5.616582362817251,0.005346443457648675,
2023-11-05,12.764835164835166,6.396703296703297,5.295454545454546,1003.4750000000001,4.318518518518519,,-7.761637307872196,-1.759488721377517,
2023-11-06,11.579120879120879,3.352747252747253,1.7159090909090908,1012.9571428571429,2.678481012658228,,-8.947351593586482,-4.803444765333561,
2023-11-07,10.155555555555557,1.01,9.023255813953488,1018.5,2.320253164556962,,-10.370916917151805,-7.146192018080814,
2023-11-08,11.848351648351649,3.3417582417582428,48.98823529411764,1016.1321428571429,2.440506329113924,,-8.678120824355712,-4.814433776322572,
2023-11-09,14.303296703296702,7.380219780219781,0.2823529411764706,1011.7407407407409,2.8862500000000004,,-6.223175769410659,-0.7759722378610334,
2023-11-10,14.08131868131868,6.609890109890111,31.376470588235293,1012.0777777777779,3.225,,-6.445153791388682,-1.5463019081907028,
2023-11-11,16.666666666666668,11.429999999999998,8.416666666666666,1010.5370370370372,4.741772151898735,,-3.8598058060406935,3.273807981919184,
2023-11-12,17.903333333333332,11.520000000000001,8.741176470588234,1014.1,2.8329113924050637,,-2.623139139374029,3.3638079819191873,
2023-11-13,18.22222222222222,9.733333333333333,0.2976190476190476,1017.5888888888888,2.1126582278481014,,-2.30425025048514,1.5771413152525184,
2023-11-14,17.594505494505494,8.002197802197802,0.35294117647058826,1019.1000000000003,1.8762500000000002,,-2.931966978201867,-0.15399421588301188,
2023-11-15,17.388172043010755,8.938709677419356,0.5,1018.8785714285716,1.2585365853658534,,-3.1383004296966064,0.7825176593385414,
2023-11-16,16.773118279569893,9.678494623655915,0.8837209302325582,1018.7607142857142,1.9134146341463418,,-3.7533541931374685,1.522302605575101,
2023-11-17,16.650537634408604,8.149462365591397,0.4827586206896552,1020.0000000000001,1.373170731707317,,-3.8759348382987575,-0.006729652489417148,
2023-11-18,19.60326086956522,6.425,0.25287356321839083,1019.7928571428572,1.1365853658536587,,-0.9232116031421427,-1.7311920180808142,
2023-11-19,19.04731182795699,6.3311827956989255,0.3707865168539326,1016.7642857142857,0.9585365853658536,,-1.4791606447503725,-1.8250092223818886,
2023-11-20,15.43978494623656,5.746236559139785,1.348314606741573,1015.2964285714286,1.329268292682927,,-5.086687526470801,-2.4099554589410292,
2023-11-21,11.889247311827955,3.964516129032258,0.36363636363636365,1017.482142857143,2.714814814814815,,-8.637225160879407,-4.191675889048556,
2023-11-22,12.410752688172046,2.772043010752688,0.2808988764044944,1019.0571428571428,3.888888888888889,,-8.115719784535315,-5.384149007328126,
2023-11-23,13.325806451612905,0.981720430107527,0.044444444444444446,1019.5964285714286,2.0646341463414632,,-7.200666021094456,-7.174471587973287,
2023-11-24,14.933333333333334,0.21720430107526878,0.022222222222222223,1014.3392857142859,1.2109756097560975,,-5.593139139374028,-7.938987717005546,
2023-11-25,15.816129032258068,1.210752688172043,0.11235955056179775,1011.2071428571429,1.0876543209876544,,-4.710343440449293,-6.945439329908771,
2023-11-26,15.03010752688172,1.7924731182795701,0.06666666666666667,1011.65,1.0518518518518518,,-5.496364945825642,-6.363718899801244,
2023-11-27,12.335483870967744,2.9870967741935486,6.573033707865169,1011.3392857142859,2.497530864197531,,-8.190988601739617,-5.1690952438872655,
2023-11-28,12.45698924731183,7.089247311827957,28.303370786516854,1007.8285714285714,2.207317073170732,,-8.069483225395532,-1.0669447062528574,
2023-11-29,14.69677419354839,9.284946236559142,29.06896551724138,1002.0285714285716,3.4432098765432104,,-5.829698279158972,1.1287542184783277,
2023-11-30,14.208791208791208,8.524175824175824,435.78823529411767,995.3607142857144,4.0475,,-6.317681263916153,0.36798380609501,
2023-12-01,10.139560439560439,2.8637362637362638,5.080459770114943,999.2071428571428,3.573076923076923,,-10.386912033146922,-5.29245575434455,
2023-12-02,9.007608695652175,0.33152173913043476,0.735632183908046,1011.8857142857144,1.7443037974683546,,-11.518863777055186,-7.8246702789503795,
2023-12-03,8.40769230769231,-1.0703296703296703,30.379310344827587,1014.1370370370371,2.1240506329113926,,-12.118780165015052,-9.226521688410484,
2023-12-04,10.496774193548388,3.3827956989247316,3.4942528735632186,1011.8137931034482,3.4587499999999998,,-10.029698279158973,-4.773396319156083,
2023-12-05,7.781521739130435,0.9347826086956522,1.75,1012.5678571428574,1.6525000000000003,,-12.744950733576927,-7.221409409385162,
2023-12-06,9.060869565217391,0.6206521739130435,3.272727272727273,1012.5758620689656,0.9864197530864196,,-11.46560290748997,-7.53553984416777,
2023-12-07,9.671739130434782,2.6119565217391307,147.04545454545453,1013.2620689655173,2.4827160493827165,,-10.85473334227258,-5.544235496341683,
2023-12-08,10.82717391304348,4.67608695652174,1.0909090909090908,1015.4724137931034,3.607407407407407,,-9.699298559663882,-3.4801050615590743,
2023-12-09,13.291304347826088,5.503260869565218,3.897727272727273,1019.3448275862072,3.2475,,-7.235168124881273,-2.652931148515596,
2023-12-10,13.485869565217389,8.879347826086958,1.3409090909090908,1019.9655172413794,2.0425000000000004,,-7.040602907489973,0.723155808006144,
2023-12-11,14.480219780219784,7.4131868131868135,0.1590909090909091,1016.4857142857143,1.8237500000000004,,-6.0462526924875775,-0.7430052048940006,
2023-12-12,13.616129032258064,6.8795698924731195,53.056179775280896,1012.0241379310346,3.2024390243902436,,-6.910343440449298,-1.2766221256076946,
2023-12-13,10.505494505494507,3.550549450549451,0.3181818181818182,1013.5571428571429,4.038271604938273,,-10.020977967212854,-4.605642567531364,
2023-12-14,10.469565217391304,0.7206521739130435,0.14772727272727273,1022.9642857142856,2.0913580246913575,,-10.056907255316057,-7.435539844167771,
2023-12-15,12.48172043010753,0.8537634408602149,0.15730337078651685,1030.1275862068967,2.2765432098765435,,-8.044752042599832,-7.302428577220599,
2023-12-16,11.302150537634411,-0.14193548387096772,0.3146067415730337,1030.7655172413795,1.2451219512195124,,-9.22432193507295,-8.298127501951782,
2023-12-17,10.75268817204301,-0.45698924731182794,0.3595505617977528,1030.9206896551723,1.1402439024390243,,-9.773784300664351,-8.613181265392642,
2023-12-18,10.420430107526881,-0.9021505376344087,0.3181818181818182,1030.4172413793106,0.9451219512195121,,-10.10604236518048,-9.058342555715223,
2023-12-19,10.446808510638299,-1.4180851063829785,3.044943820224719,1027.1866666666667,1.1853658536585365,,-10.079663962069063,-9.574277124463793,
2023-12-20,10.047872340425533,-0.14574468085106382,2.2386363636363638,1025.2666666666667,2.8914634146341465,,-10.478600132281828,-8.301936698931877,
2023-12-21,11.508602150537634,0.24838709677419357,0.17045454545454544,1025.4166666666667,1.8901234567901237,,-9.017870322169728,-7.907804921306621,
2023-12-22,12.871276595744682,0.38510638297872346,0.16853932584269662,1024.35,1.942682926829268,,-7.655195876962679,-7.77108563510209,
2023-12-23,11.531914893617024,-0.26808510638297867,0.2840909090909091,1022.0965517241381,1.353012048192771,,-8.994557579090337,-8.424277124463792,
2023-12-24,9.53978494623656,-0.5881720430107528,0.3707865168539326,1020.0035714285716,1.0280487804878047,,-10.986687526470801,-8.744364061091566,
2023-12-25,9.046808510638298,-1.6744680851063831,0.4044943820224719,1018.9482758620691,0.89,,-11.479663962069063,-9.830660103187197,
2023-12-26,7.903191489361703,-2.127659574468085,0.6590909090909091,1019.4966666666666,1.045679012345679,,-12.623280983345659,-10.2838515925489,
2023-12-27,8.95108695652174,-1.9840425531914894,0.3258426966292135,1019.3344827586209,1.3012658227848102,,-11.575385516185621,-10.140234571272304,
2023-12-28,9.513684210526316,-0.015789473684210506,0.20224719101123595,1020.9333333333335,1.2414634146341463,,-11.012788262181045,-8.171981491765024,
2023-12-29,9.502105263157896,2.5010526315789474,3.125,1018.7099999999999,1.0132530120481926,,-11.024367209549466,-5.655139386501867,
2023-12-30,12.387368421052633,1.2789473684210528,1.9222222222222223,1015.0566666666668,1.8987951807228918,,-8.139104051654728,-6.877244649659762,
2023-12-31,9.355789473684212,3.1852631578947372,3.4831460674157304,1013.3166666666667,3.3409638554216867,,-11.17068299902315,-4.970928860186077,
2024-01-01,10.10744680851064,0.776595744680851,0.11363636363636363,1016.0600000000002,1.6317073170731708,,-10.419025664196722,-7.379596273399963,
2024-01-02,10.92021276595745,2.5659574468085107,83.4659090909091,1015.1933333333332,3.1682926829268294,,-9.606259706749912,-5.590234571272303,
2024-01-03,12.332631578947368,6.704210526315789,19.56179775280899,1013.42,2.8457831325301206,,-8.193840893759994,-1.4519814917650251,
2024-01-04,10.385263157894737,5.502105263157895,78.62222222222222,1008.6206896551723,1.7390243902439027,,-10.141209314812624,-2.6540867549229192,
2024-01-05,7.7739583333333355,2.3468750000000003,5.622222222222222,1006.9166666666669,3.986746987951807,,-12.752514139374025,-5.809317018080813,
2024-01-06,8.06875,0.1572916666666666,1.2222222222222223,1014.3466666666668,2.4432098765432095,,-12.457722472707362,-7.9989003514141475,
2024-01-07,8.341666666666667,-1.4312500000000004,0.8222222222222222,1018.2600000000001,1.554878048780488,,-12.184805806040695,-9.587442018080814,
2024-01-08,7.072916666666668,-2.998958333333334,4.333333333333333,1016.4166666666669,1.1365853658536584,,-13.453555806040693,-11.155150351414148,
2024-01-09,6.955208333333332,1.7937500000000004,9.122222222222222,1013.8466666666667,1.0481927710843373,,-13.57126413937403,-6.362442018080814,
2024-01-10,7.010416666666667,2.877083333333333,34.86666666666667,1013.9266666666666,2.7807228915662647,,-13.516055806040693,-5.279108684747481,
2024-01-11,7.303125000000001,-0.24479166666666674,1.6111111111111112,1016.8966666666668,1.8475609756097564,,-13.22334747270736,-8.40098368474748,
2024-01-12,7.434375,-2.5385416666666667,0.4222222222222222,1020.4533333333335,2.1853658536585363,,-13.092097472707362,-10.694733684747481,
2024-01-13,10.928125000000001,1.4031250000000002,19.77777777777778,1018.7566666666669,2.0421686746987957,,-9.59834747270736,-6.753067018080814,
2024-01-14,10.989473684210523,5.589473684210527,105.41111111111111,1013.8833333333333,2.6,,-9.536998788496838,-2.566718333870287,
2024-01-15,13.29263157894737,8.814736842105264,110.42222222222222,1008.8500000000001,3.2771084337349397,,-7.233840893759991,0.6585448240244496,
2024-01-16,14.361702127659573,10.05957446808511,209.30337078651687,1003.5533333333333,4.064634146341464,,-6.164770345047788,1.9033824500042957,
2024-01-17,12.146808510638298,7.913829787234042,91.03370786516854,997.9166666666667,5.65,,-8.379663962069063,-0.2423622308467719,
2024-01-18,12.834042553191487,8.013829787234043,134.2,1002.75,3.8536585365853657,,-7.692429919515874,-0.14236223084677135,
2024-01-19,8.713684210526317,0.8989473684210525,157.5,1005.87,3.9296296296296296,,-11.812788262181044,-7.257244649659762,
2024-01-20,8.80842105263158,-1.3726315789473684,7.741573033707865,1018.7566666666667,1.4597560975609758,,-11.718051420075781,-9.528823597028182,
2024-01-21,11.777894736842105,-0.20842105263157892,1.3370786516853932,1027.4633333333334,1.1926829268292682,,-8.748577735865256,-8.364613070712393,
2024-01-22,12.495789473684212,1.5663157894736845,0.9318181818181818,1039.2035714285714,2.0301204819277108,,-8.03068299902315,-6.58987622860713,
2024-01-23,16.16021505376344,4.839784946236559,0.4318181818181818,1039.96,1.197530864197531,,-4.3662574189439205,-3.316407071844255,
2024-01-24,17.934042553191492,4.829787234042553,0.4827586206896552,1039.45,1.278048780487805,,-2.592429919515869,-3.326404784038261,
2024-01-25,18.238947368421055,4.73263157894737,0.39080459770114945,1028.426666666667,1.0795180722891566,,-2.2875251042863063,-3.4235604391334444,
2024-01-26,18.229473684210525,4.720000000000001,0.14772727272727273,1026.19,1.0771084337349397,,-2.296998788496836,-3.4361920180808134,
2024-01-27,17.96,5.322105263157896,0.11494252873563218,1022.8833333333332,1.4,,-2.5664724727073605,-2.834086754922918,
2024-01-28,17.304210526315792,4.814736842105264,0.09090909090909091,1021.3000000000001,1.713253012048193,,-3.222261946391569,-3.3414551759755504,
2024-01-29,15.458947368421054,5.224210526315789,0.06741573033707865,1022.7066666666666,1.4301204819277111,,-5.067525104286307,-2.9319814917650246,
2024-01-30,15.072631578947368,3.193684210526316,0.1348314606741573,1025.8733333333334,1.346987951807229,,-5.453840893759994,-4.962507807554498,
2024-01-31,13.535789473684211,2.5736842105263156,0.2159090909090909,1028.97,1.413253012048193,,-6.99068299902315,-5.5825078075544985,
2024-02-01,16.260638297872337,1.974468085106383,0.11235955056179775,1029.3137931034482,1.6337349397590362,,-4.265834174835025,-6.181723932974431,
2024-02-02,15.47578947368421,2.791578947368421,0.02247191011235955,1026.41,1.8156626506024096,,-5.0506829990231505,-5.364613070712393,
2024-02-03,16.218749999999996,2.691666666666667,0.0449438202247191,1025.9666666666667,1.4710843373493976,,-4.307722472707365,-5.464525351414148,
2024-02-04,17.335416666666664,1.8989583333333335,0.0,1025.6133333333335,1.1951807228915663,,-3.1910558060406977,-6.25723368474748,
2024-02-05,15.690526315789475,2.0414893617021272,0.02247191011235955,1023.7800000000001,1.0407407407407407,,-4.8359461569178865,-6.114702656378687,
2024-02-06,14.982105263157896,3.7242105263157903,0.8089887640449438,1020.6233333333332,1.8975609756097565,,-5.544367209549465,-4.431981491765024,
2024-02-07,11.672631578947371,2.974736842105263,1.0568181818181819,1017.4566666666667,2.6637499999999994,,-8.85384089375999,-5.181455175975551,
2024-02-08,11.340000000000002,6.657894736842105,200.8314606741573,1003.3266666666667,5.331325301204819,,-9.18647247270736,-1.4982972812387088,
2024-02-09,11.063541666666666,6.310416666666666,127.32584269662921,987.38,4.127710843373493,,-9.462930806040696,-1.8457753514141482,
2024-02-10,8.55625,2.504166666666667,15.0,994.4600000000003,4.977108433734939,,-11.970222472707361,-5.652025351414148,
2024-02-11,7.965625,1.6473684210526316,37.39772727272727,1005.2766666666666,3.0566265060240965,,-12.560847472707362,-6.508823597028183,
2024-02-12,14.710416666666667,6.060416666666666,3.4269662921348316,1008.2166666666667,4.084337349397591,,-5.816055806040694,-2.095775351414148,
2024-02-13,15.480208333333332,7.820833333333333,9.034090909090908,1016.3000000000001,2.020481927710844,,-5.0462641393740295,-0.3353586847474812,
2024-02-14,17.702127659574472,8.127368421052633,0.3181818181818182,1015.3321428571429,2.4512195121951224,,-2.824344813132889,-0.028823597028180714,
2024-02-15,15.608333333333333,7.701052631578948,73.42696629213484,1010.7586206896551,3.6457831325301213,,-4.918139139374029,-0.45513938650186603,
2024-02-16,13.752083333333333,4.675,0.5955056179775281,1018.3833333333332,2.087951807228916,,-6.774389139374028,-3.4811920180808142,
2024-02-17,15.821874999999999,2.2989583333333337,0.06741573033707865,1025.89,1.9843373493975909,,-4.704597472707363,-5.857233684747481,
2024-02-18,17.32916666666667,2.386458333333333,0.02247191011235955,1029.0533333333335,1.4048192771084338,,-3.197305806040692,-5.7697336847474805,
2024-02-19,17.667708333333334,4.3343750000000005,0.0,1026.9166666666667,2.097590361445783,,-2.8587641393740277,-3.8218170180808135,
2024-02-20,18.86105263157895,2.301052631578947,0.0,1023.782142857143,1.4530120481927715,,-1.6654198411284113,-5.855139386501867,
2024-02-21,16.048958333333335,2.9635416666666665,0.02247191011235955,1019.6766666666667,2.0590361445783136,,-4.477514139374026,-5.192650351414148,
2024-02-22,13.162500000000001,4.011458333333334,31.752808988764045,1010.0033333333333,5.243373493975902,,-7.36397247270736,-4.1447336847474805,
2024-02-23,8.6625,2.0208333333333335,8.931818181818182,1006.8333333333335,5.2289156626506035,,-11.863972472707362,-6.13535868474748,
2024-02-24,9.304166666666665,1.9520833333333336,20.426966292134832,1008.3699999999998,4.548780487804877,,-11.222305806040696,-6.204108684747481,
2024-02-25,12.311458333333334,5.027083333333333,53.616279069767444,1004.7066666666668,7.060240963855423,,-8.215014139374027,-3.1291086847474814,
2024-02-26,9.153191489361703,2.8446808510638295,10.534090909090908,1004.0206896551726,5.331707317073171,,-11.373280983345659,-5.311511167016985,
2024-02-27,9.725263157894739,0.6147368421052631,0.44047619047619047,1013.9566666666668,4.40246913580247,,-10.801209314812622,-7.541455175975551,
2024-02-28,11.956842105263156,-0.1831578947368421,0.36363636363636365,1018.3666666666668,3.145783132530121,,-8.569630367444205,-8.339349912817656,
2024-02-29,12.741666666666667,0.14687499999999992,1.9772727272727273,1014.2500000000001,4.33012048192771,,-7.784805806040694,-8.009317018080814,
2024-03-01,10.777083333333332,-0.5458333333333335,2.764044943820225,1012.1700000000001,3.902409638554217,,-9.74938913937403,-8.702025351414148,
2024-03-02,8.366315789473685,1.0073684210526315,102.56818181818181,1000.8066666666667,6.023456790123458,,-12.160156683233676,-7.148823597028183,
2024-03-03,8.441666666666668,-0.07916666666666666,22.772727272727273,1006.8066666666667,4.218292682926831,,-12.084805806040693,-8.235358684747482,
2024-03-04,11.884375000000004,3.6187500000000004,10.617977528089888,1012.7966666666666,4.31566265060241,,-8.642097472707357,-4.537442018080814,
2024-03-05,11.982291666666663,1.0208333333333335,0.8045977011494253,1017.8966666666666,1.8722891566265065,,-8.544180806040698,-7.13535868474748,
2024-03-06,13.967708333333333,-0.3406250000000001,1.3793103448275863,1013.5533333333333,1.9487804878048784,,-6.558764139374029,-8.496817018080813,
2024-03-07,10.322916666666666,2.2291666666666665,138.0681818181818,1003.5333333333332,4.447560975609756,,-10.203555806040695,-5.927025351414148,
2024-03-08,9.38125,2.428125,156.3068181818182,995.1933333333333,5.870731707317074,,-11.145222472707362,-5.728067018080814,
2024-03-09,7.549473684210527,2.15625,80.11494252873563,989.4551724137931,4.6207317073170735,,-12.976998788496834,-5.999942018080814,
2024-03-10,10.628125000000002,3.3958333333333335,16.186046511627907,998.3266666666669,5.72439024390244,,-9.898347472707359,-4.76035868474748,
2024-03-11,12.427083333333334,3.030208333333334,2.4827586206896552,1012.3066666666668,3.5585365853658533,,-8.099389139374027,-5.12598368474748,
2024-03-12,16.126315789473686,1.2936842105263158,1.0,1015.9689655172416,1.5650602409638552,,-4.400156683233675,-6.862507807554499,
2024-03-13,18.925263157894737,3.8336842105263162,0.0,1010.8448275862069,2.0951807228915666,,-1.6012093148126247,-4.322507807554498,
2024-03-14,15.558064516129033,5.026881720430108,1.9058823529411764,1012.1500000000002,2.83855421686747,,-4.968407956578329,-3.129310297650706,
2024-03-15,16.766315789473687,6.025263157894736,4.056818181818182,1016.2758620689655,2.0999999999999996,,-3.7601566832336744,-2.130928860186078,
2024-03-16,18.77263157894737,5.714736842105264,0.045454545454545456,1018.5896551724137,1.6927710843373498,,-1.7538408937599925,-2.44145517597555,
2024-03-17,20.58105263157895,7.3989473684210525,0.0,1015.3551724137932,1.510843373493976,,0.054580158871587514,-0.7572446496597616,
2024-03-18,21.273684210526316,7.686315789473685,0.0,1011.8448275862069,1.6108433734939762,,0.7472117378189544,-0.46987622860712897,
2024-03-19,22.474736842105262,8.43263157894737,0.0,1008.1275862068965,2.0180722891566263,,1.9482643693979007,0.27643956086655663,
2024-03-20,20.987234042553194,8.744680851063832,18.848837209302324,1007.1535714285716,2.2602409638554217,,0.4607615698458325,0.5884888329830176,
2024-03-21,22.3968085106383,10.721276595744682,0.4418604651162791,1011.1892857142857,4.033734939759036,,1.8703360379309402,2.5650845776638675,
2024-03-22,24.927368421052634,10.41578947368421,0.0,1011.3655172413794,2.286746987951808,,4.400895948345273,2.259597455603396,
2024-03-23,22.221052631578946,10.081052631578949,0.0,1010.6586206896552,2.8771084337349406,,1.6945801588715845,1.9248606134981348,
2024-03-24,20.37684210526316,7.661052631578948,10.363636363636363,1003.9758620689656,2.690361445783133,,-0.14963036744419966,-0.49513938650186606,
2024-03-25,15.143157894736843,5.514736842105263,31.397727272727273,993.0689655172415,3.521686746987952,,-5.383314577970518,-2.641455175975551,
2024-03-26,8.47872340425532,1.263157894736842,63.41379310344828,989.1499999999999,4.251219512195123,,-12.047749068452042,-6.893034123343972,
2024-03-27,12.461702127659576,3.798947368421053,107.43181818181819,989.8137931034483,7.282716049382719,,-8.064770345047785,-4.357244649659761,
2024-03-28,14.027368421052634,5.1957894736842105,193.88636363636363,992.5379310344827,6.365060240963857,,-6.499104051654728,-2.9604025443966036,
2024-03-29,9.585263157894737,2.982105263157895,115.9659090909091,991.7758620689655,2.6289156626506025,,-10.941209314812625,-5.17408675492292,
2024-03-30,9.989473684210525,3.2442105263157894,147.57954545454547,988.3071428571429,4.090361445783134,,-10.536998788496836,-4.911981491765024,
2024-03-31,9.56421052631579,2.6442105263157893,53.75,992.5571428571429,3.825301204819277,,-10.962261946391571,-5.511981491765025,
2024-04-01,11.506382978723405,2.6989473684210523,14.494252873563218,1006.1999999999999,4.596385542168674,,-9.020089493983956,-5.457244649659762,
2024-04-02,13.020000000000001,3.522105263157895,17.080459770114942,1011.6931034482758,3.830120481927711,,-7.50647247270736,-4.634086754922919,
2024-04-03,16.936842105263157,6.523157894736844,0.125,1012.9862068965517,2.768292682926829,,-3.5896303674442045,-1.63303412334397,
2024-04-04,19.815789473684212,5.1810526315789485,0.0,1012.1103448275863,2.5783132530120487,,-0.7106829990231489,-2.9751393865018656,
2024-04-05,22.403157894736843,8.445263157894738,0.0449438202247191,1007.5655172413792,3.7819277108433726,,1.8766854220294817,0.28907113981392385,
2024-04-06,21.75368421052632,11.858947368421054,20.382022471910112,1005.9758620689656,3.0783132530120487,,1.2272117378189584,3.70275535034024,
2024-04-07,20.157894736842106,10.526315789473685,19.204545454545453,1007.2724137931034,2.5277108433734936,,-0.3685777358652551,2.370123771392871,
2024-04-08,15.535789473684211,4.530526315789474,38.62921348314607,1010.3551724137933,4.571084337349397,,-4.99068299902315,-3.6256657022913403,
2024-04-09,14.725263157894737,1.4578947368421054,0.1348314606741573,1020.8379310344828,2.106024096385542,,-5.801209314812624,-6.698297281238709,
2024-04-10,19.143157894736845,3.0831578947368423,0.0,1031.9888888888888,1.9963855421686745,,-1.3833145779705163,-5.073034123343971,
2024-04-11,23.89368421052632,7.6010526315789475,0.0,1030.14,2.721686746987952,,3.367211737818959,-0.5551393865018666,
2024-04-12,24.83263157894737,8.265263157894738,0.0,1030.308,1.556626506024097,,4.30615910624001,0.10907113981392413,
2024-04-13,26.45052631578947,9.158947368421055,0.0,1019.7620689655174,1.4855421686746988,,5.92405384308211,1.0027553503402409,
2024-04-14,26.510526315789473,10.192631578947369,0.0,1016.2379310344828,1.713253012048193,,5.984053843082112,2.0364395608665546,
2024-04-15,25.461052631578944,11.142105263157896,0.0,1013.1275862068967,2.153012048192771,,4.934580158871583,2.9859132450770822,
2024-04-16,23.46842105263158,8.415789473684208,0.0,1011.0724137931034,2.366265060240964,,2.941948579924219,0.2595974556033944,
2024-04-17,20.077894736842108,6.48,0.0,1009.9379310344826,2.7048192771084336,,-0.4485777358652534,-1.6761920180808136,
2024-04-18,20.766315789473683,5.267368421052632,0.0,1011.1310344827584,2.7891566265060246,,0.2398433167663221,-2.888823597028182,
2024-04-19,21.757894736842104,4.603157894736843,0.6067415730337079,1011.6517241379311,2.0891566265060235,,1.2314222641347428,-3.553034123343971,
2024-04-20,22.755789473684214,7.325263157894738,0.0449438202247191,1007.8896551724139,2.438554216867469,,2.2293170009768524,-0.8309288601860763,
2024-04-21,21.876842105263155,5.732631578947369,0.24719101123595505,1008.2896551724139,2.3578313253012047,,1.3503696325557932,-2.4235604391334453,
2024-04-22,16.931578947368422,3.613684210526316,0.0,1011.8620689655172,3.7650602409638556,,-3.5948935253389394,-4.5425078075544985,
2024-04-23,15.969473684210525,0.3789473684210527,0.022727272727272728,1013.2137931034483,2.902409638554217,,-4.556998788496836,-7.777244649659761,
2024-04-24,17.952631578947372,1.7010526315789476,0.0,1010.4392857142857,2.2457831325301205,,-2.5738408937599893,-6.455139386501866,
2024-04-25,17.418947368421055,5.254736842105263,0.0449438202247191,1003.2928571428571,2.6879518072289157,,-3.1075251042863066,-2.901455175975551,
2024-04-26,15.34421052631579,5.5178947368421065,57.17977528089887,998.0896551724137,3.26144578313253,,-5.182261946391572,-2.6382972812387075,
2024-04-27,12.92842105263158,4.691578947368422,33.056179775280896,997.4655172413793,4.242168674698795,,-7.598051420075782,-3.4646130707123923,
2024-04-28,15.43368421052632,2.272631578947369,4.741573033707865,1005.903448275862,1.7722891566265062,,-5.092788262181042,-5.883560439133445,
2024-04-29,17.441052631578952,3.0431578947368423,4.7727272727272725,1009.1655172413792,2.071951219512195,,-3.0854198411284095,-5.113034123343972,
2024-04-30,15.80421052631579,4.112631578947369,30.808988764044944,1007.6275862068965,3.23855421686747,,-4.722261946391571,-4.043560439133445,
2024-05-01,12.360638297872338,3.5414893617021272,22.625,1007.0068965517241,4.160493827160494,,-8.165834174835023,-4.614702656378687,
2024-05-02,13.639361702127662,1.79468085106383,2.839080459770115,1011.5758620689655,3.3536585365853666,,-6.8871107705796994,-6.361511167016984,
2024-05-03,17.201063829787234,2.734042553191489,0.022727272727272728,1013.393103448276,2.7890243902439025,,-3.3254086429201273,-5.4221494648893245,
2024-05-04,21.513684210526318,6.947368421052632,1.2159090909090908,1010.1206896551723,3.7674698795180723,,0.9872117378189564,-1.2088235970281822,
2024-05-05,18.50526315789474,9.692631578947369,93.87640449438203,1007.4896551724138,3.80843373493976,,-2.021209314812623,1.5364395608665546,
2024-05-06,18.46315789473684,7.530526315789474,1.6741573033707866,1008.6517241379311,2.6951807228915663,,-2.0633145779705195,-0.6256657022913403,
2024-05-07,20.926315789473684,5.090526315789474,0.044444444444444446,1014.2137931034483,2.272289156626506,,0.39984331676632223,-3.06566570229134,
2024-05-08,23.746315789473684,6.636842105263158,0.022222222222222223,1013.9137931034483,2.0554216867469877,,3.2198433167663225,-1.5193499128176562,
2024-05-09,25.902105263157896,7.978947368421053,0.044444444444444446,1010.2896551724139,1.571084337349398,,5.375632790450535,-0.1772446496597615,
2024-05-10,27.332631578947368,9.963157894736842,0.0,1007.7206896551725,1.9108433734939758,,6.806159106240006,1.8069658766560277,
2024-05-11,26.53157894736842,11.358947368421052,6.034090909090909,1007.4,2.548192771084337,,6.0051064746610585,3.2027553503402384,
2024-05-12,25.621052631578948,10.741052631578949,0.0,1008.1137931034483,1.9698795180722894,,5.094580158871587,2.584860613498135,
2024-05-13,24.975789473684213,9.727368421052631,40.01111111111111,1003.6103448275861,3.665060240963855,,4.449317000976851,1.5711764029718172,
2024-05-14,16.82842105263158,7.426315789473684,3.9318181818181817,1002.5275862068966,4.043373493975904,,-3.6980514200757817,-0.7298762286071296,
2024-05-15,16.470526315789478,5.187368421052632,3.303370786516854,1002.9724137931034,3.536144578313253,,-4.055946156917884,-2.968823597028182,
2024-05-16,16.285106382978725,5.391489361702129,38.45454545454545,1003.051724137931,3.539759036144579,,-4.241366089728636,-2.7647026563786854,
2024-05-17,17.744086021505378,7.796774193548387,5.67816091954023,1002.825,3.295121951219513,,-2.782386451201983,-0.3594178245324269,
2024-05-18,19.321276595744685,5.723404255319149,6.613636363636363,1005.1241379310345,2.4390243902439024,,-1.2051958769626765,-2.4327877627616648,
2024-05-19,18.800000000000004,6.8627659574468085,17.15730337078652,1003.9103448275863,2.403658536585366,,-1.726472472707357,-1.2934260606340056,
2024-05-20,19.31720430107527,5.2774193548387105,6.9655172413793105,1006.1827586206899,2.4037037037037035,,-1.2092681716320897,-2.8787726632421036,
2024-05-21,19.144680851063832,7.706382978723404,11.584269662921349,1009.2724137931036,3.1073170731707314,,-1.3817916216435293,-0.4498090393574099,
2024-05-22,19.83085106382979,6.454255319148936,0.08888888888888889,1011.1827586206895,2.8939024390243904,,-0.695621408877571,-1.7019366989318785,
2024-05-23,23.12842105263158,5.843157894736843,0.0,1010.1655172413795,1.8385542168674702,,2.601948579924219,-2.3130341233439706,
2024-05-24,25.871578947368427,7.820000000000001,0.0,1008.5344827586207,2.006024096385542,,5.3451064746610655,-0.3361920180808129,
2024-05-25,26.89157894736842,9.107368421052632,0.0,1008.9931034482759,3.172289156626506,,6.365106474661058,0.9511764029718179,
2024-05-26,26.451578947368425,10.114736842105266,0.02197802197802198,1009.4206896551725,2.7253012048192775,,5.925106474661064,1.958544824024452,
2024-05-27,26.958947368421057,9.889473684210527,0.0,1010.3241379310346,2.1072289156626502,,6.432474895713696,1.733281666129713,
2024-05-28,29.43510638297873,11.148936170212766,0.0,1010.7137931034484,1.8566265060240963,,8.90863391027137,2.9927441521319516,
2024-05-29,31.521052631578954,13.298947368421054,0.0,1008.0379310344827,1.8554216867469884,,10.994580158871592,5.14275535034024,
2024-05-30,31.747368421052627,14.189473684210526,0.32967032967032966,1004.1206896551724,2.334939759036145,,11.220895948345266,6.033281666129712,
2024-05-31,27.692473118279576,12.463440860215055,0.0,1005.2793103448276,3.525301204819277,,7.166000645572215,4.307248842134241,
2024-06-01,25.93894736842105,9.92842105263158,0.0,1008.7689655172413,3.593975903614458,,5.4124748957136894,1.7722290345507652,
2024-06-02,26.776595744680847,9.545744680851065,0.022222222222222223,1009.3714285714287,2.715853658536586,,6.250123271973486,1.3895526627702512,
2024-06-03,28.22421052631579,11.649473684210525,6.741573033707865,1007.4206896551723,2.4481927710843374,,7.697738053608429,3.493281666129711,
2024-06-04,29.81263157894736,12.584210526315792,0.6222222222222222,1006.0482758620689,2.166265060240964,,9.28615910624,4.4280185082349774,
2024-06-05,31.378723404255318,14.288297872340427,0.011235955056179775,1006.3241379310347,2.4795180722891565,,10.852250931547957,6.132105854259613,
2024-06-06,32.88924731182796,14.891397849462367,8.113636363636363,1006.0586206896552,2.1890243902439024,,12.362774839120597,6.735205831381553,
2024-06-07,31.50537634408602,18.105376344086025,4.9772727272727275,1004.1310344827589,2.8926829268292686,,10.978903871378659,9.949184326005211,
2024-06-08,23.802222222222227,14.392222222222225,60.116279069767444,1002.9250000000002,2.6556962025316455,,3.2757497495148655,6.236030204141411,
2024-06-09,22.338202247191013,13.16179775280899,101.89411764705882,1003.3964285714286,2.467088607594937,,1.811729774483652,5.005605734728176,
2024-06-10,20.764367816091955,11.854545454545452,38.411764705882355,1005.9142857142857,2.4259740259740257,,0.23789534338459362,3.6983534364646378,
2024-06-11,24.612087912087915,8.995604395604396,0.9540229885057471,1007.932142857143,2.33,,4.085615439380554,0.8394123775235816,
2024-06-12,24.046153846153853,10.752747252747254,2.7471264367816093,1010.0964285714284,2.808641975308642,,3.519681373446492,2.5965552346664396,
2024-06-13,27.392307692307696,9.12857142857143,0.0,1010.4750000000001,2.9450000000000003,,6.865835219600335,0.9723794104906158,
2024-06-14,28.35108695652174,11.903296703296704,0.0,1006.5142857142858,3.65,,7.824614483814379,3.7471046852158896,
2024-06-15,25.903225806451612,11.041935483870967,0.0,1006.3892857142857,3.2804878048780486,,5.376753333744251,2.885743465790153,
2024-06-16,27.973118279569896,10.281720430107528,0.0,1005.1535714285716,3.1182926829268287,,7.446645806862534,2.125528412026714,
2024-06-17,28.140860215053763,11.06236559139785,10.573033707865168,1003.5142857142857,3.458536585365853,,7.614387742346402,2.9061735733170355,
2024-06-18,22.532258064516135,11.908602150537634,61.92134831460674,1004.7357142857142,3.0317073170731708,,2.005785591808774,3.75241013245682,
2024-06-19,21.95376344086022,9.696774193548388,32.735632183908045,1006.85,2.039024390243902,,1.4272909681528603,1.5405821754675735,
2024-06-20,20.72637362637363,10.5,36.52272727272727,1010.142857142857,2.2802469135802466,,0.19990115366626782,2.343807981919186,
2024-06-21,26.34731182795699,10.175268817204302,0.0,1013.3785714285715,1.9219512195121946,,5.820839355249628,2.0190767991234875,
2024-06-22,28.377419354838715,12.340860215053764,0.0,1012.5928571428573,2.5292682926829273,,7.850946882131353,4.18466819697295,
2024-06-23,29.646236559139794,14.565591397849463,0.0,1008.7964285714286,2.5621951219512193,,9.119764086432433,6.409399379768649,
2024-06-24,31.634408602150536,15.291397849462367,0.0,1004.1107142857143,2.067073170731707,,11.107936129443175,7.135205831381553,
2024-06-25,32.81739130434782,16.18586956521739,26.045454545454547,999.8444444444444,2.7268292682926827,,12.290918831640461,8.029677547136577,
2024-06-26,30.081521739130434,16.45326086956522,24.1123595505618,1001.0481481481482,2.8222222222222224,,9.555049266423072,8.297068851484406,
2024-06-27,31.46195652173913,17.019565217391307,4.179775280898877,1002.037037037037,2.4170731707317077,,10.935484049031768,8.863373199310493,
2024-06-28,25.614444444444448,14.216666666666667,145.34883720930233,1005.1962962962964,2.897530864197531,,5.087971971737087,6.060474648585853,
2024-06-29,20.738888888888894,13.825555555555555,4.206896551724138,1006.5185185185185,3.5074999999999994,,0.21241641618153295,5.669363537474741,
2024-06-30,24.726666666666667,13.58,4.011494252873563,1007.3851851851853,1.8524999999999998,,4.200194193959305,5.423807981919186,
2024-07-01,27.99891304347826,13.26153846153846,0.056179775280898875,1010.9892857142858,2.543209876543209,,7.4724405707709,5.1053464434576465,
2024-07-02,29.644565217391307,13.62391304347826,0.0,1011.1999999999999,2.5634146341463415,,9.118092744683945,5.467721025397445,
2024-07-03,32.582608695652176,14.342391304347826,0.02247191011235955,1007.2821428571427,1.891463414634147,,12.056136222944815,6.186199286267012,
2024-07-04,35.15934065934066,16.287912087912087,0.0,1005.0964285714286,1.6456790123456793,,14.632868186633296,8.131720069831273,
2024-07-05,35.69111111111111,18.71666666666667,4.137931034482759,1001.1642857142857,2.95625,,15.164638638403751,10.560474648585854,
2024-07-06,29.348351648351645,15.871428571428574,0.0,1002.575,3.501219512195122,,8.821879175644284,7.71523655334776,
2024-07-07,28.847252747252746,12.409890109890112,0.0,1004.7857142857143,2.5146341463414634,,8.320780274545385,4.253698091809298,
2024-07-08,30.508791208791205,13.213186813186816,0.0,1005.1928571428572,3.0256097560975608,,9.982318736083844,5.056994795106002,
2024-07-09,30.062637362637364,15.629670329670331,0.0,1006.6607142857143,3.1999999999999997,,9.536164889930003,7.473478311589517,
2024-07-10,32.13695652173914,15.714130434782613,0.0,1009.2857142857141,2.701204819277108,,11.610484049031776,7.5579384167017984,
2024-07-11,32.42826086956522,17.507608695652173,0.0,1008.1857142857143,3.621686746987952,,11.90178839685786,9.35141667757136,
2024-07-12,30.778260869565212,14.841304347826087,0.0,1006.1607142857143,2.1915662650602408,,10.251788396857851,6.685112329745273,
2024-07-13,31.352173913043476,14.256521739130436,0.0,1002.3285714285714,3.0265060240963853,,10.825701440336115,6.100329721049622,
2024-07-14,30.713043478260875,13.997826086956524,2.1797752808988764,1003.7249999999998,3.326506024096385,,10.186571005553514,5.84163406887571,
2024-07-15,28.25217391304348,15.305434782608694,1.9325842696629214,1006.5392857142858,4.148192771084338,,7.72570144033612,7.14924276452788,
2024-07-16,30.85108695652174,11.97608695652174,0.0,1008.5892857142857,1.8731707317073174,,10.32461448381438,3.8198949384409264,
2024-07-17,34.18913043478261,13.976086956521739,0.0,1007.6214285714285,2.5317073170731708,,13.66265796207525,5.819894938440925,
2024-07-18,34.85666666666667,16.268888888888892,0.0,1008.7962962962963,2.5158536585365856,,14.330194193959308,8.112696870808078,
2024-07-19,36.38260869565217,17.564130434782612,0.0,1007.907142857143,2.7865853658536577,,15.856136222944812,9.407938416701798,
2024-07-20,32.333695652173915,16.970652173913045,0.0,1004.0,3.9891566265060243,,11.807223179466554,8.814460155832231,
2024-07-21,30.773913043478263,14.939130434782607,0.0,1007.3749999999999,2.6170731707317074,,10.247440570770902,6.782938416701793,
2024-07-22,34.63478260869565,14.271739130434785,0.0,1010.7500000000002,2.08170731707317,,14.10831013598829,6.115547112353971,
2024-07-23,37.60652173913044,17.67717391304348,0.0,1010.0370370370371,2.0060975609756095,,17.08004926642308,9.520981894962665,
2024-07-24,38.55913978494624,19.81505376344086,0.0,1006.839285714286,2.2445783132530117,,18.03266731223888,11.658861745360047,
2024-07-25,37.4741935483871,19.813978494623658,0.15384615384615385,1001.4357142857143,2.268674698795181,,16.947721075679738,11.657786476542844,
2024-07-26,36.56236559139785,19.190322580645162,1.054945054945055,1001.0714285714286,2.0915662650602407,,16.03589311869049,11.034130562564348,
2024-07-27,36.404347826086955,19.684782608695656,1.0,1002.5928571428574,2.2304878048780483,,15.877875353379594,11.528590590614842,
2024-07-28,36.766304347826086,20.216304347826092,0.0,1005.1857142857143,2.8500000000000005,,16.239831875118725,12.060112329745278,
2024-07-29,34.01136363636365,21.456818181818182,6.4941176470588236,1007.2464285714287,2.3455696202531646,,13.484891163656286,13.300626163737368,
2024-07-30,35.97386363636363,20.53636363636364,0.06896551724137931,1005.2464285714286,3.557692307692307,,15.44739116365627,12.380171618282825,
2024-07-31,35.67303370786517,18.0438202247191,0.0,1005.5928571428573,2.5538461538461537,,15.146561235157812,9.887628206638285,
2024-08-01,36.02696629213484,17.752808988764045,0.3181818181818182,1012.2185185185187,2.471794871794872,,15.500493819427476,9.59661697068323,
2024-08-02,32.37752808988765,17.498876404494382,11.74712643678161,1012.811111111111,2.8265822784810126,,11.851055617180286,9.342684386413568,
2024-08-03,34.677777777777784,16.89777777777778,0.0,1013.6037037037037,2.1329113924050636,,14.151305305070423,8.741585759696965,
2024-08-04,36.36888888888889,18.083333333333332,0.0,1013.0035714285714,2.0234567901234564,,15.842416416181528,9.927141315252518,
2024-08-05,36.577173913043474,19.151648351648355,0.0,1010.7892857142858,2.760493827160494,,16.050701440336113,10.99545633356754,
2024-08-06,35.66703296703297,17.795604395604396,0.0,1010.0222222222224,2.469135802469136,,15.140560494325612,9.639412377523582,
2024-08-07,36.362637362637365,17.661538461538463,0.0,1010.7814814814815,2.1419753086419755,,15.836164889930004,9.505346443457649,
2024-08-08,37.20219780219781,18.482417582417582,0.011235955056179775,1013.1714285714286,2.05625,,16.675725329490447,10.326225564336768,
2024-08-09,38.225,19.708695652173915,0.0,1015.3071428571428,2.0200000000000005,,17.69852752729264,11.552503634093101,
2024-08-10,37.81847826086957,21.145652173913046,0.13333333333333333,1014.5642857142858,3.0851851851851855,,17.292005788162207,12.989460155832232,
2024-08-11,36.57282608695652,21.27608695652174,0.0,1011.6250000000002,2.8000000000000003,,16.046353614249156,13.119894938440927,
2024-08-12,35.043956043956044,19.530769230769234,3.147727272727273,1010.5214285714285,2.7275,,14.517483571248682,11.37457721268842,
2024-08-13,28.406666666666677,17.04888888888889,2.8160919540229883,1012.0964285714286,2.9430379746835444,,7.880194193959316,8.892696870808075,
2024-08-14,29.71460674157304,14.795505617977527,0.023255813953488372,1015.3857142857144,2.5924050632911397,,9.188134268865678,6.639313599896713,
2024-08-15,30.207777777777775,12.891111111111108,0.0,1018.2964285714286,2.7468354430379747,,9.681305305070413,4.734919093030294,
2024-08-16,33.24555555555556,13.964444444444444,0.06818181818181818,1017.6607142857143,2.0443037974683542,,12.7190830828482,5.80825242636363,
2024-08-17,34.65111111111111,16.51,0.0,1015.3535714285715,2.718987341772152,,14.124638638403752,8.353807981919187,
2024-08-18,32.95,18.068888888888893,0.0,1014.3999999999999,2.4518987341772154,,12.423527527292642,9.912696870808078,
2024-08-19,33.92444444444445,16.62666666666667,0.0,1013.7392857142859,2.2337499999999997,,13.397971971737086,8.470474648585855,
2024-08-20,34.870000000000005,16.907777777777774,0.0,1014.0370370370371,2.0475000000000003,,14.343527527292643,8.75158575969696,
2024-08-21,35.379999999999995,17.62,0.45454545454545453,1014.4703703703706,2.35625,,14.853527527292634,9.463807981919187,
2024-08-22,34.815384615384616,18.30659340659341,0.5227272727272727,1013.0185185185187,2.7753086419753084,,14.288912142677255,10.150401388512597,
2024-08-23,35.24333333333333,16.323333333333338,0.6931818181818182,1013.1115384615384,2.5774999999999997,,14.716860860625971,8.167141315252524,
2024-08-24,33.84444444444444,18.03111111111111,0.0,1012.9730769230771,3.21375,,13.31797197173708,9.874919093030295,
2024-08-25,32.635555555555555,16.215555555555557,0.0,1015.8769230769232,2.69625,,12.109083082848194,8.059363537474743,
2024-08-26,32.67777777777778,16.036666666666665,0.0,1015.8384615384615,1.9937500000000004,,12.151305305070416,7.880474648585851,
2024-08-27,34.160000000000004,16.71,0.0,1013.3500000000001,2.49375,,13.633527527292642,8.553807981919187,
2024-08-28,34.26444444444444,16.724444444444448,38.31818181818182,1012.12,2.5025316455696203,,13.737971971737082,8.568252426363633,
2024-08-29,29.001111111111115,17.67666666666667,17.488636363636363,1014.1680000000001,2.6375,,8.474638638403754,9.520474648585855,
2024-08-30,30.50769230769231,16.77032967032967,48.29213483146067,1013.5740740740742,2.0654320987654318,,9.981219834984948,8.614137652248855,
2024-08-31,28.76923076923077,17.283516483516486,26.51685393258427,1013.7814814814815,2.6395061728395066,,8.242758296523409,9.127324465435672,
2024-09-01,29.886813186813185,16.43626373626374,0.4111111111111111,1013.0481481481482,1.8790123456790127,,9.360340714105824,8.280071718182926,
2024-09-02,30.532608695652176,16.13296703296703,10.322222222222223,1011.5518518518518,2.238271604938272,,10.006136222944814,7.976775014886217,
2024-09-03,28.756521739130438,15.52391304347826,10.822222222222223,1012.6703703703707,2.628048780487805,,8.230049266423077,7.3677210253974454,
2024-09-04,26.6054347826087,14.097826086956522,1.7333333333333334,1015.4629629629633,2.8219512195121954,,6.078962309901339,5.941634068875707,
2024-09-05,25.419565217391302,12.045652173913044,0.5555555555555556,1011.1370370370371,2.040243902439024,,4.8930927446839405,3.8894601558322304,
2024-09-06,23.832608695652173,10.941304347826087,0.0,1007.1555555555556,2.760975609756098,,3.3061362229448115,2.7851123297452727,
2024-09-07,24.84239130434783,8.031521739130437,0.0,1011.2111111111111,2.4085365853658534,,4.31591883164047,-0.12467027895037752,
2024-09-08,25.722826086956523,11.194565217391306,0.0,1014.7444444444446,2.497560975609756,,5.196353614249162,3.0383731993104917,
2024-09-09,28.18571428571429,10.062637362637362,0.0,1018.9740740740739,1.603658536585366,,7.659241813006929,1.9064453445565483,
2024-09-10,29.282417582417587,11.731868131868131,0.0,1017.8407407407409,1.8512195121951225,,8.755945109710225,3.575676113787317,
2024-09-11,27.906593406593405,12.163736263736265,0.0,1017.6629629629632,2.4419753086419753,,7.380120933886044,4.007544245655451,
2024-09-12,26.950000000000006,12.670000000000002,0.0,1017.662962962963,3.11604938271605,,6.423527527292645,4.513807981919188,
2024-09-13,23.465909090909097,10.652272727272727,0.0,1021.95,3.45679012345679,,2.9394366182017357,2.4960807091919133,
2024-09-14,27.14888888888889,8.584444444444443,0.0,1022.4444444444446,1.7864197530864199,,6.6224164161815295,0.42825242636362937,
2024-09-15,29.503333333333334,10.256666666666668,0.0,1019.7962962962962,1.9187499999999997,,8.976860860625973,2.1004746485858536,
2024-09-16,29.03777777777778,9.537777777777778,0.0,1017.6296296296298,2.9200000000000004,,8.511305305070419,1.3815857596969643,
2024-09-17,26.048314606741574,10.468539325842697,0.0,1014.1384615384616,2.8443037974683545,,5.5218421340342125,2.3123473077618826,
2024-09-18,26.73258426966292,11.1,10.222222222222221,1012.6230769230771,1.8189873417721518,,6.2061117969555575,2.9438079819191856,
2024-09-19,23.960869565217386,13.15824175824176,88.20224719101124,1013.5000000000001,2.07125,,3.434397092510025,5.002049740160945,
2024-09-20,21.786956521739132,13.339560439560444,19.97752808988764,1014.4923076923076,1.7888888888888894,,1.2604840490317706,5.18336842147963,
2024-09-21,22.46630434782609,13.467391304347826,23.522222222222222,1013.8259259259258,2.202469135802469,,1.9398318751187276,5.311199286267012,
2024-09-22,22.656521739130437,10.978260869565219,0.18181818181818182,1016.2888888888889,2.0209876543209884,,2.1300492664230752,2.8220688514844046,
2024-09-23,22.948913043478264,9.78695652173913,0.022222222222222223,1016.4703703703706,2.1037037037037036,,2.4224405707709025,1.630764503658316,
2024-09-24,19.66739130434783,10.030434782608696,14.920454545454545,1016.3074074074075,2.4419753086419753,,-0.8590811683595305,1.8742427645278816,
2024-09-25,22.511956521739133,13.603260869565217,13.067415730337078,1014.5,4.230864197530864,,1.985484049031772,5.447068851484403,
2024-09-26,21.700000000000003,13.121978021978023,22.75,1013.2851851851851,5.730864197530863,,1.1735275272926415,4.965786003897209,
2024-09-27,19.06413043478261,8.280434782608696,0.022222222222222223,1020.5555555555557,3.7158536585365853,,-1.4623420379247527,0.12424276452788163,
2024-09-28,20.282608695652176,4.876086956521739,0.056179775280898875,1025.5148148148148,1.7426829268292683,,-0.2438637770551857,-3.280105061559075,
2024-09-29,25.239130434782613,6.855434782608696,0.0,1023.5592592592594,1.5841463414634147,,4.712657962075252,-1.3007572354721182,
2024-09-30,28.081521739130434,9.031521739130437,0.0,1020.8259259259257,1.4560975609756097,,7.555049266423072,0.8753297210496225,
2024-10-01,26.44301075268817,11.551612903225804,1.3888888888888888,1017.4214285714286,2.427710843373494,,5.916538279980809,3.39542088514499,
2024-10-02,22.190322580645166,14.785869565217391,47.48863636363637,1013.6857142857142,3.981927710843373,,1.6638501079378045,6.629677547136577,
2024-10-03,22.360215053763447,12.797849462365592,1.247191011235955,1014.6035714285716,2.146987951807229,,1.833742581056086,4.641657444284778,
2024-10-04,23.16021505376344,10.640860215053763,0.02247191011235955,1016.2678571428571,1.4682926829268292,,2.6337425810560795,2.484668196972949,
2024-10-05,24.189247311827963,10.56236559139785,0.30337078651685395,1014.8714285714286,2.7987804878048776,,3.662774839120601,2.4061735733170355,
2024-10-06,21.937634408602154,15.229032258064516,45.47727272727273,1011.3678571428571,3.7146341463414636,,1.4111619358947927,7.072840239983702,
2024-10-07,19.340217391304346,11.040217391304349,121.63218390804597,1008.1821428571429,3.817073170731708,,-1.186255081403015,2.884025373223535,
2024-10-08,17.142857142857146,10.428571428571429,47.40909090909091,1011.9964285714286,4.259756097560976,,-3.3836153298502154,2.2723794104906148,
2024-10-09,20.547826086956523,11.417391304347827,66.66666666666667,1006.0357142857143,7.16951219512195,,0.021353614249161268,3.261199286267013,
2024-10-10,18.270652173913046,7.730434782608696,0.8522727272727273,1014.8071428571429,1.909756097560976,,-2.2558202987943154,-0.4257572354721182,
2024-10-11,18.068817204301077,7.02258064516129,108.31460674157303,1014.8642857142858,3.0602409638554215,,-2.4576552684062847,-1.1336113729195239,
2024-10-12,18.476344086021506,12.93763440860215,138.04494382022472,1013.7035714285714,2.710843373493976,,-2.0501283866858557,4.781442390521336,
2024-10-13,21.545652173913044,11.889130434782611,0.4659090909090909,1018.2464285714287,1.826829268292683,,1.0191797012056831,3.7329384167017974,
2024-10-14,21.78586956521739,11.632608695652175,61.4367816091954,1015.5571428571429,1.7207317073170731,,1.259397092510028,3.476416677571361,
2024-10-15,18.724731182795697,14.221505376344085,311.54117647058825,1009.1392857142857,3.4036144578313254,,-1.8017412899116643,6.065313358263271,
2024-10-16,21.025806451612905,11.982795698924733,125.31395348837209,1008.1392857142857,3.718072289156627,,0.4993339789055433,3.8266036808439186,
2024-10-17,15.838709677419354,8.692391304347826,24.927710843373493,1019.1535714285717,4.134146341463414,,-4.687762795288007,0.5361992862670117,
2024-10-18,16.530434782608697,6.060869565217391,2.488095238095238,1025.257142857143,2.268292682926829,,-3.996037690098664,-2.0953224528634227,
2024-10-19,19.322826086956525,10.634782608695652,0.047058823529411764,1023.2714285714286,2.2951219512195125,,-1.2036463857508366,2.4785905906148376,
2024-10-20,21.243478260869562,9.950000000000003,0.046511627906976744,1024.95,1.2219512195121953,,0.7170057881622007,1.7938079819191888,
2024-10-21,22.546739130434784,8.84021739130435,0.0,1025.4142857142858,1.2268292682926831,,2.020266657727422,0.6840253732235357,
2024-10-22,21.23478260869565,10.043956043956044,0.0,1026.9222222222222,1.8728395061728391,,0.7083101359882882,1.8877640258752297,
2024-10-23,20.521978021978025,10.202197802197801,0.047058823529411764,1027.0037037037036,1.9780487804878046,,-0.004494450729335853,2.0460057841169874,
2024-10-24,20.36521739130435,10.634782608695655,13.909090909090908,1022.4678571428574,2.2341463414634153,,-0.16125508140301292,2.478590590614841,
2024-10-25,15.706451612903226,6.7236559139784955,10.511363636363637,1019.882142857143,2.5891566265060235,,-4.820020859804135,-1.4325361041023186,
2024-10-26,10.62258064516129,3.813978494623656,25.011494252873565,1019.1535714285714,1.985542168674699,,-9.90389182754607,-4.342213523457158,
2024-10-27,11.519565217391303,3.936956521739131,33.793103448275865,1021.0892857142857,2.4084337349397593,,-9.006907255316058,-4.219235496341684,
2024-10-28,17.1989010989011,7.3659340659340655,4.593023255813954,1021.451851851852,3.391566265060241,,-3.3275713738062613,-0.7902579521467485,
2024-10-29,16.164835164835164,8.44945054945055,233.69767441860466,1018.9107142857143,4.357831325301206,,-4.361637307872197,0.29325853136973556,
2024-10-30,17.382608695652177,7.910869565217391,38.689655172413794,1017.1142857142858,3.3719512195121952,,-3.1438637770551843,-0.24532245286342302,
2024-10-31,17.27717391304348,10.415217391304349,69.82954545454545,1020.4964285714286,2.682926829268293,,-3.249298559663881,2.259025373223535,
2024-11-01,18.500000000000004,10.652747252747254,26.2,1021.5999999999998,1.979268292682927,,-2.0264724727073578,2.49655523466644,
2024-11-02,18.16521739130435,8.767391304347825,2.2528735632183907,1021.882142857143,1.7317073170731707,,-2.361255081403012,0.611199286267011,
2024-11-03,18.453846153846154,8.418681318681319,0.06976744186046512,1022.9749999999998,2.481707317073171,,-2.0726263188612073,0.2624893006005049,
2024-11-04,18.153846153846153,9.24945054945055,3.070588235294118,1022.0464285714286,2.0829268292682928,,-2.372626318861208,1.0932585313697363,
2024-11-05,18.599999999999998,10.046153846153846,2.6463414634146343,1024.475,1.1710843373493975,,-1.9264724727073634,1.889961828073032,
2024-11-06,20.788172043010753,8.519354838709678,0.11494252873563218,1026.0392857142858,1.5325301204819277,,0.2616995703033922,0.3631628206288635,
2024-11-07,19.513043478260872,8.040217391304349,0.046511627906976744,1024.1222222222223,1.5963414634146342,,-1.013428994446489,-0.11597462677646497,
2024-11-08,17.1,8.700000000000001,0.25287356321839083,1023.7392857142859,1.4759036144578312,,-3.42647247270736,0.543807981919187,
2024-11-09,17.50434782608696,7.730434782608696,0.1724137931034483,1027.4071428571428,1.6240963855421688,,-3.0221246466204015,-0.4257572354721182,
2024-11-10,15.909677419354837,7.003225806451613,6.459770114942529,1028.8535714285715,1.6228915662650605,,-4.616795053352524,-1.1529662116292014,
2024-11-11,16.35978260869565,6.2771739130434785,0.18823529411764706,1028.725,2.597590361445783,,-4.166689864011712,-1.8790181050373356,
2024-11-12,13.884782608695653,2.893478260869565,0.06976744186046512,1024.7407407407409,2.920481927710843,,-6.641689864011708,-5.262713757211249,
2024-11-13,9.473626373626375,2.006593406593407,54.827586206896555,1019.1499999999999,4.267073170731707,,-11.052846099080986,-6.1495986114874075,
2024-11-14,15.048913043478258,7.978260869565219,23.488372093023255,1019.7892857142858,2.9325301204819283,,-5.477559429229103,-0.17793114851559544,
2024-11-15,16.1752688172043,9.418279569892475,2.735632183908046,1020.8107142857144,3.1445783132530125,,-4.35120365550306,1.2620875518116605,
2024-11-16,15.777419354838711,7.108602150537633,0.28735632183908044,1021.7285714285715,2.133734939759036,,-4.74905311786865,-1.0475898675431807,
2024-11-17,19.03440860215054,5.698924731182796,1.5647058823529412,1021.5928571428574,1.5240963855421688,,-1.492063870556823,-2.457267286898018,
2024-11-18,18.85760869565217,7.268478260869566,1.4767441860465116,1020.9714285714286,1.2265060240963854,,-1.66886377705519,-0.8877137572112481,
2024-11-19,15.604301075268818,5.688172043010753,0.1839080459770115,1021.9571428571429,2.0843373493975905,,-4.922171397438543,-2.468019975070061,
2024-11-20,14.742857142857142,6.514285714285715,0.24705882352941178,1023.2607142857141,3.4855421686746983,,-5.783615329850219,-1.641906303795099,
2024-11-21,12.756989247311829,7.929032258064517,19.79310344827586,1018.725,5.237349397590361,,-7.769483225395533,-0.22715976001629734,
2024-11-22,13.422580645161291,6.605376344086021,7.839080459770115,1019.9535714285715,2.0518072289156626,,-7.10389182754607,-1.5508156739947934,
2024-11-23,15.802150537634407,6.898924731182796,1.1477272727272727,1023.632142857143,2.834939759036145,,-4.724321935072954,-1.257267286898018,
2024-11-24,16.415053763440863,9.012903225806452,54.71264367816092,1018.475,5.030120481927711,,-4.111418709266498,0.8567112077256382,
2024-11-25,15.927956989247312,4.51720430107527,67.86363636363636,1019.475,3.730120481927711,,-4.59851548346005,-3.638987717005544,
2024-11-26,11.146236559139783,2.5161290322580645,0.09090909090909091,1026.9928571428572,1.1686746987951808,,-9.380235913567578,-5.64006298582275,
2024-11-27,13.95161290322581,1.0397849462365591,0.48863636363636365,1027.7178571428572,1.083132530120482,,-6.574859569481552,-7.116407071844255,
2024-11-28,15.120652173913046,1.964130434782609,0.29069767441860467,1028.507142857143,1.6109756097560974,,-5.405820298794316,-6.192061583298205,
2024-11-29,17.11195652173913,5.419565217391304,0.022988505747126436,1028.8714285714286,1.4414634146341463,,-3.41451595096823,-2.7366268006895105,
2024-11-30,18.02173913043478,5.508695652173913,0.04597701149425287,1029.7571428571428,1.3902439024390245,,-2.50473334227258,-2.6474963659069006,
2024-12-01,16.841758241758242,5.821978021978023,8.204545454545455,1027.6444444444444,1.5280487804878051,,-3.684714230949119,-2.3342139961027915,
2024-12-02,15.626373626373626,6.442857142857144,5.465909090909091,1026.3777777777777,1.6707317073170735,,-4.900098846333735,-1.7133348752236701,
2024-12-03,12.22272727272727,4.456818181818182,15.847058823529412,1024.9222222222222,2.0121951219512195,,-8.30374519998009,-3.699373836262632,
2024-12-04,13.647777777777778,4.661111111111111,0.2840909090909091,1027.9576923076922,2.3182926829268293,,-6.8786946949295835,-3.4950809069697026,
2024-12-05,14.779120879120883,4.056043956043957,0.06818181818181818,1032.2222222222224,1.59390243902439,,-5.747351593586478,-4.100148062036857,
2024-12-06,15.37032967032967,5.910989010989012,0.5113636363636364,1031.4111111111113,1.4085365853658536,,-5.1561428023776905,-2.245203007091802,
2024-12-07,14.709890109890111,3.267032967032967,0.37209302325581395,1028.7740740740742,4.124390243902439,,-5.81658236281725,-4.889159051047847,
2024-12-08,9.742857142857144,0.5978021978021978,0.1724137931034483,1027.8999999999999,3.7621951219512195,,-10.783615329850218,-7.558389820278617,
2024-12-09,8.006666666666668,-0.7488888888888889,0.9090909090909091,1024.562962962963,2.9740740740740743,,-12.519805806040694,-8.905080906969703,
2024-12-10,8.424444444444443,-1.2533333333333334,0.09195402298850575,1022.5925925925927,1.7012658227848105,,-12.102028028262918,-9.409525351414148,
2024-12-11,6.354444444444444,0.5333333333333334,0.3218390804597701,1021.5074074074073,1.3592592592592592,,-14.172028028262918,-7.622858684747481,
2024-12-12,9.530000000000001,-0.5866666666666668,9.0,1022.2629629629629,1.9049999999999998,,-10.99647247270736,-8.74285868474748,
2024-12-13,8.812087912087913,0.8120879120879122,3.6551724137931036,1026.1666666666667,1.328395061728395,,-11.714384560619449,-7.344104105992902,
2024-12-14,9.645054945054946,-0.9032967032967035,0.5795454545454546,1034.5,1.2419753086419751,,-10.881417527652415,-9.059488721377518,
2024-12-15,9.717582417582417,-2.6428571428571423,0.6477272727272727,1039.8777777777777,1.8592592592592596,,-10.808890055124944,-10.799049160937956,
2024-12-16,10.886813186813189,-1.365934065934066,0.4827586206896552,1039.8000000000002,2.28641975308642,,-9.639659285894172,-9.52212608401488,
2024-12-17,12.27032967032967,-0.3868131868131868,0.6477272727272727,1035.9518518518516,1.4802469135802467,,-8.256142802377692,-8.543005204894001,
2024-12-18,14.039560439560441,2.3901098901098905,21.632183908045977,1031.3518518518517,2.1024691358024694,,-6.48691203314692,-5.766082127970924,
2024-12-19,13.702197802197803,2.808791208791209,10.528735632183908,1028.2703703703703,3.6740740740740745,,-6.824274670509558,-5.347400809289605,
2024-12-20,9.257142857142858,-0.9736263736263736,0.26436781609195403,1034.4222222222222,2.162962962962963,,-11.269329615564503,-9.129818391707188,
2024-12-21,10.265934065934067,-2.6175824175824176,0.27586206896551724,1036.0962962962965,1.5419753086419754,,-10.260538406773295,-10.773774435663231,
2024-12-22,13.353846153846154,-0.767032967032967,0.022727272727272728,1033.5481481481481,2.237037037037037,,-7.172626318861207,-8.92322498511378,
2024-12-23,10.183516483516483,0.7318681318681318,0.14942528735632185,1032.7777777777776,3.3012345679012345,,-10.342955989190878,-7.424323886212682,
2024-12-24,12.901098901098903,0.3043956043956044,0.16091954022988506,1032.6,2.1345679012345675,,-7.625373571608458,-7.85179641368521,
2024-12-25,13.623076923076926,1.5769230769230769,0.4431818181818182,1030.8703703703704,1.4975308641975311,,-6.903395549630435,-6.579268941157737,
2024-12-26,13.37912087912088,1.3043956043956044,0.5517241379310345,1030.4185185185188,1.062962962962963,,-7.147351593586482,-6.85179641368521,
2024-12-27,10.804395604395603,1.1824175824175824,0.32954545454545453,1032.2592592592594,1.845679012345679,,-9.722076868311758,-6.973774435663231,
2024-12-28,9.573626373626373,-0.21098901098901093,0.22988505747126436,1033.0037037037039,1.2851851851851852,,-10.952846099080988,-8.367181029069824,
2024-12-29,8.785555555555554,-1.3644444444444446,0.28735632183908044,1032.4111111111113,1.2462499999999999,,-11.740916917151807,-9.520636462525259,
2024-12-30,8.120000000000001,-1.647777777777778,0.27586206896551724,1033.3074074074075,1.2379746835443037,,-12.40647247270736,-9.803969795858592,
2024-12-31,7.845555555555555,-2.13,0.23255813953488372,1034.014814814815,1.2349999999999999,,-12.680916917151805,-10.286192018080815,
2025-01-01,8.521111111111113,-1.764444444444445,0.4090909090909091,1033.3999999999999,1.34375,,-12.005361361596249,-9.920636462525259,
2025-01-02,9.85934065934066,-1.8822222222222222,0.3522727272727273,1031.5407407407406,1.47625,,-10.667131813366701,-10.038414240303036,
2025-01-03,9.623076923076923,-0.10109890109890109,1.3529411764705883,1029.2925925925924,2.2246913580246916,,-10.903395549630439,-8.257290919179715,
2025-01-04,10.047252747252749,1.7131868131868133,2.413793103448276,1025.0814814814814,1.877777777777778,,-10.479219725454612,-6.443005204894001,
2025-01-05,10.353846153846154,4.40989010989011,115.41379310344827,1014.9111111111112,4.717283950617285,,-10.172626318861207,-3.746301908190704,
2025-01-06,9.803296703296704,2.551648351648352,11.095238095238095,1013.774074074074,3.7777777777777777,,-10.723175769410657,-5.604543666432463,
2025-01-07,9.063736263736264,0.5571428571428573,8.306818181818182,1022.6925925925926,3.490123456790123,,-11.462736208971098,-7.599049160937957,
2025-01-08,10.7010989010989,5.57912087912088,37.88636363636363,1020.5185185185187,4.446913580246915,,-9.825373571608461,-2.5770711389599343,
2025-01-09,12.517391304347825,6.683695652173912,5.681818181818182,1024.0296296296297,3.9707317073170736,,-8.009081168359536,-1.4724963659069017,
2025-01-10,12.885869565217394,6.22608695652174,10.224719101123595,1029.025925925926,2.534146341463414,,-7.640602907489967,-1.9301050615590745,
2025-01-11,15.905434782608696,6.248913043478261,5.235955056179775,1029.1333333333334,3.203658536585365,,-4.621037690098666,-1.9072789746025531,
2025-01-12,12.834782608695654,1.5260869565217392,0.09090909090909091,1033.5296296296297,2.5097560975609756,,-7.691689864011707,-6.630105061559075,
2025-01-13,10.569565217391304,-3.25,0.0,1032.674074074074,2.0890243902439027,,-9.956907255316057,-11.406192018080814,
2025-01-14,10.720652173913043,-4.881521739130435,0.0,1033.8777777777777,1.4670731707317073,,-9.805820298794318,-13.03771375721125,
2025-01-15,11.716304347826085,-4.698913043478262,0.06741573033707865,1031.5296296296294,1.657317073170732,,-8.810168124881276,-12.855105061559076,
2025-01-16,12.276923076923078,-1.920879120879121,0.045454545454545456,1027.362962962963,2.139506172839506,,-8.249549395784284,-10.077071138959935,
2025-01-17,10.158241758241761,-1.6604395604395608,0.11363636363636363,1031.3,2.2300000000000004,,-10.3682307144656,-9.816631578520376,
2025-01-18,11.08021978021978,-3.2109890109890107,0.09090909090909091,1029.2333333333331,1.2518518518518518,,-9.446252692487581,-11.367181029069824,
2025-01-19,10.320879120879122,-3.4725274725274726,32.53409090909091,1023.9000000000001,1.9197530864197534,,-10.20559335182824,-11.628719490608287,
2025-01-20,8.497802197802198,3.4384615384615387,137.88636363636363,1018.5888888888888,1.958024691358025,,-12.028670274905163,-4.717730479619275,
2025-01-21,11.038461538461538,6.3439560439560445,168.04545454545453,1013.977777777778,2.9,,-9.488010934245823,-1.8122359741247696,
2025-01-22,11.72717391304348,7.741304347826088,179.93103448275863,1011.3555555555554,3.7939024390243907,,-8.799298559663882,-0.4148876702547257,
2025-01-23,13.758888888888889,7.054444444444446,9.781609195402298,1017.6407407407409,1.3575,,-6.767583583818473,-1.1017475736363682,
2025-01-24,12.496739130434783,7.020652173913044,33.11764705882353,1020.2481481481482,3.3209876543209877,,-8.029733342272579,-1.13553984416777,
2025-01-25,11.425806451612905,3.8053763440860218,33.258426966292134,1019.7392857142859,3.6048780487804875,,-9.100666021094456,-4.350815673994792,
2025-01-26,12.917391304347827,3.095652173913044,181.5977011494253,1017.7714285714285,5.558536585365855,,-7.609081168359534,-5.060539844167771,
2025-01-27,13.668478260869568,4.578260869565218,123.40449438202248,1012.7464285714287,7.092682926829268,,-6.857994211837793,-3.577931148515596,
2025-01-28,8.593548387096773,2.670967741935484,9.511627906976743,1022.6464285714285,5.212345679012346,,-11.932924085610589,-5.48522427614533,
2025-01-29,8.223913043478262,2.476086956521739,88.14772727272727,1020.6928571428573,4.551851851851851,,-12.302559429229099,-5.680105061559075,
2025-01-30,9.306521739130435,1.3619565217391305,0.6818181818181818,1024.0464285714286,4.421250000000001,,-11.219950733576926,-6.794235496341684,
2025-01-31,9.966304347826087,-0.8608695652173912,0.06741573033707865,1032.8964285714287,1.73625,,-10.560168124881274,-9.017061583298204,
2025-02-01,12.276086956521738,-0.458695652173913,1.3666666666666667,1027.325,2.1275000000000004,,-8.250385516185624,-8.614887670254728,
2025-02-02,9.206521739130437,-0.41086956521739126,34.89887640449438,1023.7892857142857,1.6824999999999999,,-11.319950733576924,-8.567061583298205,
2025-02-03,10.346236559139786,-0.16630434782608702,2.5280898876404496,1027.1285714285716,1.9287500000000002,,-10.180235913567575,-8.3224963659069,
2025-02-04,11.835483870967742,-0.8870967741935485,2.067415730337079,1032.3928571428573,1.4320987654320987,,-8.690988601739619,-9.043288792274362,
2025-02-05,12.13010752688172,-1.0655913978494624,0.2247191011235955,1036.382142857143,1.3555555555555556,,-8.396364945825642,-9.221783415930277,
2025-02-06,11.679347826086953,-1.4739130434782608,0.6777777777777778,1031.1185185185186,1.234567901234568,,-8.847124646620408,-9.630105061559075,
2025-02-07,9.07717391304348,0.023913043478260843,81.0111111111111,1022.7851851851854,2.840740740740741,,-11.449298559663882,-8.132278974602553,
2025-02-08,10.62608695652174,0.29565217391304355,1.4,1025.0074074074075,1.655555555555556,,-9.90038551618562,-7.8605398441677705,
2025-02-09,14.042391304347827,3.3978260869565218,6.659090909090909,1027.3555555555556,1.3111111111111111,,-6.484081168359534,-4.758365931124292,
2025-02-10,13.434065934065934,5.384615384615385,3.375,1022.514814814815,1.67,,-7.092406538641427,-2.771576633465429,
2025-02-11,12.730434782608697,3.8208791208791215,106.47727272727273,1018.3461538461542,2.8721518987341774,,-7.7960376900986645,-4.3353128972016926,
2025-02-12,11.709782608695654,3.7565217391304357,4.433333333333334,1019.9,3.197530864197531,,-8.816689864011707,-4.399670278950378,
2025-02-13,13.672527472527474,2.4505494505494507,0.056818181818181816,1023.9250000000001,1.5743589743589745,,-6.853945000179888,-5.705642567531363,
2025-02-14,16.00326086956522,2.6673913043478263,0.0,1020.759259259259,1.4382716049382713,,-4.5232116031421405,-5.488800713732988,
2025-02-15,15.53913043478261,3.556521739130435,0.022222222222222223,1016.1148148148148,2.3925925925925933,,-4.987342037924751,-4.599670278950379,
2025-02-16,17.00978260869565,3.2086956521739136,0.8555555555555555,1016.4592592592593,2.3888888888888893,,-3.5166898640117097,-4.9474963659069005,
2025-02-17,14.785869565217393,3.9989130434782614,0.14444444444444443,1017.914814814815,1.3320987654320988,,-5.7406029074899685,-4.157278974602553,
2025-02-18,15.033695652173915,5.140217391304348,1.6444444444444444,1014.7037037037036,2.6271604938271604,,-5.492776820533447,-3.015974626776466,
2025-02-19,15.693478260869565,5.576086956521739,2.1797752808988764,1021.7259259259258,1.5098765432098764,,-4.832994211837796,-2.580105061559075,
2025-02-20,16.847252747252746,4.320879120879121,0.06818181818181818,1027.8111111111111,1.6135802469135805,,-3.6792197254546153,-3.8353128972016934,
2025-02-21,14.782608695652174,5.673913043478261,63.74444444444445,1022.4777777777779,3.8493827160493823,,-5.7438637770551875,-2.4822789746025533,
2025-02-22,12.668478260869563,3.5728260869565216,4.224719101123595,1025.0666666666668,2.0925925925925926,,-7.857994211837799,-4.583365931124293,
2025-02-23,15.11195652173913,0.925,0.5222222222222223,1031.462962962963,1.439506172839506,,-5.414515950968232,-7.231192018080814,
2025-02-24,15.445652173913043,3.404347826086956,4.033333333333333,1029.8629629629631,2.5814814814814815,,-5.080820298794318,-4.751844191993857,
2025-02-25,12.611956521739135,2.781521739130435,2.977777777777778,1028.3666666666668,3.2913580246913585,,-7.914515950968227,-5.374670278950379,
2025-02-26,13.244565217391305,-0.3934782608695652,0.4666666666666667,1028.0407407407406,1.5225,,-7.281907255316057,-8.54967027895038,
2025-02-27,12.931868131868134,3.5483516483516486,3.422222222222222,1021.6653846153847,1.6000000000000003,,-7.594604340839227,-4.607840369729166,
2025-02-28,14.909782608695652,4.55108695652174,16.366666666666667,1017.5666666666667,2.685185185185185,,-5.616689864011709,-3.6051050615590743,
2025-03-01,8.40989010989011,3.4989010989010985,64.15730337078652,1019.874074074074,3.6740740740740736,,-12.116582362817251,-4.657290919179715,
2025-03-02,5.860439560439561,1.956043956043956,128.32222222222222,1022.2925925925928,3.7518518518518515,,-14.6660329122678,-6.200148062036858,
2025-03-03,10.203296703296703,4.523076923076923,102.93333333333334,1018.7185185185185,3.54320987654321,,-10.323175769410659,-3.633115095003891,
2025-03-04,13.837362637362636,6.367032967032967,45.0,1018.077777777778,3.0687499999999996,,-6.689109835344725,-1.7891590510478474,
2025-03-05,12.597802197802196,7.312087912087912,53.36363636363637,1017.677777777778,3.848148148148148,,-7.928670274905166,-0.8441041059929022,
2025-03-06,13.511827956989249,7.084946236559141,71.71111111111111,1015.1428571428571,3.3555555555555565,,-7.014644515718112,-1.0712457815216734,
2025-03-07,11.78494623655914,6.276344086021506,126.3956043956044,1011.5000000000002,4.213414634146342,,-8.741526236148221,-1.8798479320593078,
2025-03-08,10.236956521739131,3.9543478260869565,199.0888888888889,1002.4392857142858,5.535365853658537,,-10.28951595096823,-4.201844191993858,
2025-03-09,9.92608695652174,2.3945652173913046,58.15555555555556,1001.3428571428573,2.9475609756097563,,-10.600385516185622,-5.761626800689509,
2025-03-10,10.277173913043478,3.1347826086956525,216.14444444444445,1002.2392857142859,3.1,,-10.249298559663883,-5.021409409385162,
2025-03-11,10.806451612903228,5.068817204301076,79.43333333333334,1003.9142857142858,2.5783132530120483,,-9.720020859804134,-3.0873748137797383,
2025-03-12,11.423913043478262,2.653260869565217,5.5058823529411764,1006.1142857142856,3.032098765432099,,-9.1025594292291,-5.5029311485155965,
2025-03-13,10.119354838709677,2.8516129032258064,58.142857142857146,1000.2285714285716,2.090243902439025,,-10.407117633997684,-5.304579114855008,
2025-03-14,8.790217391304349,0.26304347826086955,1.6,1006.5321428571431,3.225609756097562,,-11.736255081403012,-7.893148539819944,
2025-03-15,9.416129032258064,-1.4141304347826087,40.21111111111111,1015.2035714285713,1.8345679012345681,,-11.110343440449297,-9.570322452863422,
2025-03-16,9.128260869565219,1.7282608695652173,27.533333333333335,1018.1892857142858,1.88125,,-11.398211603142142,-6.427931148515597,
2025-03-17,10.582608695652175,2.471739130434783,127.70454545454545,1016.1178571428572,3.1987654320987655,,-9.943863777055187,-5.684452887646032,
2025-03-18,11.600000000000005,5.893478260869566,84.92222222222222,1014.7888888888889,2.8146341463414637,,-8.926472472707356,-2.262713757211248,
2025-03-19,15.03076923076923,6.4021739130434785,18.95505617977528,1016.0576923076923,4.674074074074074,,-5.495703241938131,-1.7540181050373356,
2025-03-20,14.043010752688172,7.286021505376346,177.62637362637363,1012.6111111111112,4.989156626506024,,-6.483461720019189,-0.8701705127044681,
2025-03-21,10.67741935483871,4.869565217391305,183.45555555555555,1009.4962962962962,5.2524390243902435,,-9.849053117868651,-3.2866268006895094,
2025-03-22,9.36774193548387,2.8141304347826086,92.52222222222223,1009.4703703703706,4.958024691358025,,-11.15873053722349,-5.3420615832982055,
2025-03-23,10.23763440860215,1.4043010752688172,14.054945054945055,1013.6814814814816,2.571604938271605,,-10.288838064105212,-6.751890942811997,
2025-03-24,13.09247311827957,1.8365591397849463,36.42857142857143,1019.8740740740742,2.6237500000000002,,-7.433999354427792,-6.3196328782958675,
2025-03-25,13.860869565217389,3.6108695652173917,3.2333333333333334,1024.7740740740744,2.3375000000000004,,-6.665602907489973,-4.545322452863422,
2025-03-26,14.594680851063828,2.7510638297872343,0.6813186813186813,1023.789285714286,1.9246913580246914,,-5.931791621643534,-5.405128188293579,
2025-03-27,14.035106382978725,2.40531914893617,0.26373626373626374,1020.4214285714286,1.9382716049382713,,-6.491366089728636,-5.750872869144644,
2025-03-28,16.451063829787234,2.8276595744680857,0.0,1021.5285714285716,2.2839506172839505,,-4.075408642920127,-5.328532443612728,
2025-03-29,16.278723404255324,3.1563829787234043,0.0,1024.2392857142856,3.087654320987654,,-4.247749068452038,-4.99980903935741,
2025-03-30,18.594680851063835,1.7744680851063834,0.0,1023.9464285714287,2.4938271604938267,,-1.9317916216435265,-6.381723932974431,
2025-03-31,23.412765957446805,4.339361702127659,0.0,1018.1071428571429,1.9050000000000005,,2.8862934847394435,-3.8168303159531547,
2025-04-01,21.144565217391303,6.473913043478262,0.15555555555555556,1010.0178571428572,2.1262499999999998,,0.6180927446839419,-1.6822789746025517,
2025-04-02,17.337634408602153,6.265591397849463,114.48314606741573,1006.4750000000001,2.91604938271605,,-3.1888380641052088,-1.8906006202313508,
2025-04-03,11.950000000000001,6.770652173913043,103.17977528089888,1011.9481481481481,3.3237499999999995,,-8.57647247270736,-1.3855398441677709,
2025-04-04,13.563043478260871,7.489130434782608,140.53932584269663,1010.7629629629632,4.61125,,-6.96342899444649,-0.6670615832982056,
2025-04-05,15.132967032967032,6.258241758241759,2.25,1015.7259259259258,2.42625,,-5.393505439740329,-1.897950259839055,
2025-04-06,17.377777777777776,5.430000000000001,0.7586206896551724,1017.5846153846154,1.578481012658228,,-3.148694694929585,-2.7261920180808135,
2025-04-07,21.05777777777778,5.2155555555555555,0.04597701149425287,1019.8884615384615,1.4962025316455694,,0.5313053050704184,-2.9406364625252586,
2025-04-08,23.18387096774194,7.225806451612903,0.0,1020.9571428571428,2.2703703703703706,,2.6573984950345775,-0.930385566467911,
2025-04-09,23.88172043010753,8.200000000000001,0.0,1017.7785714285714,1.7625000000000004,,3.35524795740017,0.043807981919187,
2025-04-10,22.53655913978495,9.176086956521742,1.1222222222222222,1016.7107142857143,3.28125,,2.010086667077587,1.0198949384409275,
2025-04-11,15.775268817204303,9.087096774193549,51.19101123595506,1015.7928571428572,2.9925925925925925,,-4.751203655503058,0.930904756112735,
2025-04-12,16.717391304347824,8.659782608695652,71.37078651685393,1012.2071428571428,1.7555555555555553,,-3.809081168359537,0.5035905906148379,
2025-04-13,18.062365591397853,9.0505376344086,13.3,1011.5892857142856,1.9283950617283954,,-2.464106881309508,0.8943456163277865,
2025-04-14,15.233333333333336,7.122580645161292,60.577777777777776,1008.7071428571429,4.170370370370371,,-5.293139139374025,-1.0336113729195224,
2025-04-15,10.966666666666669,3.1988888888888884,19.267441860465116,1010.5642857142858,3.943037974683545,,-9.559805806040693,-4.957303129191926,
2025-04-16,10.816666666666668,1.31,31.45977011494253,1016.9857142857144,4.008860759493671,,-9.709805806040693,-6.846192018080814,
2025-04-17,16.179347826086957,3.5815217391304355,6.277777777777778,1018.9321428571428,3.0300000000000002,,-4.347124646620404,-4.574670278950379,
2025-04-18,15.906521739130437,7.644565217391304,112.17977528089888,1013.4535714285715,4.106329113924051,,-4.619950733576925,-0.5116268006895099,
2025-04-19,11.47802197802198,3.9411111111111117,35.372093023255815,1009.5214285714285,5.611392405063292,,-9.048450494685381,-4.215080906969702,
2025-04-20,14.700000000000001,4.455555555555556,5.436781609195402,1013.7071428571429,3.2759493670886077,,-5.82647247270736,-3.7006364625252584,
2025-04-21,16.331521739130434,4.647777777777778,33.627906976744185,1019.117857142857,2.139240506329114,,-4.194950733576928,-3.5084142403030363,
2025-04-22,17.065217391304348,6.825274725274726,0.5168539325842697,1022.1481481481483,2.0612500000000002,,-3.4612550814030136,-1.3309172928060882,
2025-04-23,21.12150537634409,5.233333333333333,0.022222222222222223,1024.1714285714288,1.5617283950617284,,0.5950329036367279,-2.9228586847474807,
2025-04-24,24.66304347826087,7.7956521739130435,0.0,1020.1285714285714,1.5666666666666667,,4.13657100555351,-0.3605398441677705,
2025-04-25,24.181914893617027,9.111702127659575,19.066666666666666,1016.0310344827586,2.9679012345679014,,3.655442420909665,0.9555101095787606,
2025-04-26,19.387234042553192,7.423404255319149,0.02197802197802198,1021.1758620689656,2.9790123456790125,,-1.139238430154169,-0.7327877627616655,
2025-04-27,19.736170212765956,5.132978723404256,0.0,1023.8448275862067,2.369135802469136,,-0.7903022599414058,-3.023213294676558,
2025-04-28,22.202298850574714,6.677011494252874,0.0,1019.7954545454544,3.164864864864865,,1.6758263778673523,-1.4791805238279396,
2025-04-29,21.537634408602152,9.151612903225807,0.0449438202247191,1015.9384615384614,4.2873417721518985,,1.0111619358947905,0.995420885144993,
2025-04-30,18.822580645161292,7.910752688172045,94.1,1014.5379310344829,3.8899999999999997,,-1.7038918275460695,-0.24543932990876893,
2025-05-01,20.119148936170212,8.053191489361703,103.4,1014.9517241379311,2.3703703703703702,,-0.4073235365371488,-0.10300052871911092,
2025-05-02,17.42,9.44421052631579,107.42857142857143,1013.8689655172413,3.6061728395061725,,-3.1064724727073596,1.288018508234975,
2025-05-03,18.1021052631579,9.290526315789474,62.967032967032964,1015.4862068965518,2.908641975308642,,-2.4243672095494624,1.1343342977086603,
2025-05-04,15.189473684210526,8.883157894736842,55.20879120879121,1014.2620689655172,2.5617283950617282,,-5.336998788496835,0.7269658766560276,
2025-05-05,17.19578947368421,8.053684210526317,44.27777777777778,1014.4931034482759,2.3864197530864204,,-3.33068299902315,-0.10250780755449718,
2025-05-06,15.906315789473688,5.7,0.2111111111111111,1016.7827586206897,2.25679012345679,,-4.620156683233674,-2.456192018080814,
2025-05-07,18.845263157894735,5.176842105263158,3.337078651685393,1014.8206896551725,1.8949999999999996,,-1.6812093148126266,-2.979349912817656,
2025-05-08,17.22421052631579,7.406315789473685,35.043956043956044,1012.451724137931,2.245679012345679,,-3.302261946391571,-0.7498762286071292,
2025-05-09,16.645744680851063,7.651063829787234,33.5,1012.2724137931035,2.7617283950617284,,-3.880727791856298,-0.5051281882935799,
2025-05-10,16.09578947368421,7.3168421052631585,29.67032967032967,1012.5517241379312,3.6456790123456786,,-4.430682999023151,-0.8393499128176556,
2025-05-11,16.07578947368421,5.137894736842106,1.3076923076923077,1016.5137931034483,3.2432098765432102,,-4.450682999023151,-3.0182972812387083,
2025-05-12,17.864210526315787,5.197894736842106,10.934065934065934,1016.555172413793,2.609876543209876,,-2.662261946391574,-2.958297281238708,
2025-05-13,19.157446808510638,6.651612903225808,12.651685393258427,1014.782142857143,1.8787499999999997,,-1.3690256641967231,-1.504579114855006,
2025-05-14,19.53085106382979,7.265591397849463,50.48863636363637,1016.4137931034483,2.2734177215189875,,-0.9956214088775717,-0.8906006202313508,
2025-05-15,18.532978723404256,7.921276595744683,13.977777777777778,1019.4296296296296,2.18125,,-1.9934937493031057,-0.23491542233613139,
2025-05-16,21.73829787234043,7.39468085106383,0.07777777777777778,1018.8592592592593,2.0662499999999997,,1.2118253996330672,-0.7615111670169838,
2025-05-17,24.09148936170213,7.688297872340427,0.0,1016.3137931034483,1.65,,3.5650168889947693,-0.4678941457403871,
2025-05-18,25.156382978723407,9.742553191489364,0.1,1014.1034482758622,3.43125,,4.629910506016046,1.5863611734085499,
2025-05-19,18.835106382978722,8.731914893617022,5.582417582417582,1019.1310344827588,3.4,,-1.691366089728639,0.5757228755362078,
2025-05-20,22.487234042553194,7.854255319148937,0.022222222222222223,1022.5758620689654,1.94375,,1.9607615698458325,-0.30193669893187725,
2025-05-21,25.00851063829787,8.919148936170213,0.13186813186813187,1019.748275862069,2.20125,,4.4820381655905095,0.7629569180893991,
2025-05-22,21.676086956521743,9.684782608695652,0.0,1019.1142857142858,3.1900000000000004,,1.149614483814382,1.5285905906148383,
2025-05-23,22.55760869565217,6.86413043478261,0.0,1020.3321428571428,2.985897435897436,,2.0311362229448093,-1.2920615832982039,
2025-05-24,25.031914893617024,6.910638297872341,0.0,1021.6862068965518,1.8349999999999997,,4.505442420909663,-1.2455537202084734,
2025-05-25,27.6763440860215,10.20967741935484,0.24444444444444444,1020.348275862069,2.2848101265822787,,7.14987161331414,2.053485401274026,
2025-05-26,27.76021505376344,11.706521739130437,0.0,1020.1724137931034,2.19620253164557,,7.233742581056077,3.550329721049623,
2025-05-27,29.806382978723402,11.430851063829786,0.0,1021.5827586206896,1.9075000000000002,,9.27991050601604,3.2746590457489724,
2025-05-28,31.50217391304348,13.00978260869565,0.0,1022.9857142857143,1.7000000000000004,,10.97570144033612,4.853590590614836,
2025-05-29,32.90430107526882,14.41304347826087,2.8555555555555556,1021.4214285714286,1.9525641025641027,,12.377828602561458,6.256851460180055,
2025-05-30,32.70106382978724,16.236263736263737,8.215909090909092,1019.6678571428573,2.6243589743589744,,12.174591357079876,8.080071718182923,
2025-05-31,33.22717391304348,15.65326086956522,5.876404494382022,1019.1793103448276,2.5487179487179485,,12.700701440336118,7.497068851484405,
2025-06-01,31.641304347826086,17.076086956521742,1.8764044943820224,1016.2103448275861,2.946153846153846,,11.114831875118725,8.919894938440928,
2025-06-02,28.81521739130435,15.005434782608699,10.02247191011236,1013.1517241379311,2.812820512820513,,8.28874491859699,6.849242764527885,
2025-06-03,22.648387096774197,12.409677419354841,43.5,1014.4896551724137,2.905063291139241,,2.121914624066836,4.253485401274027,
2025-06-04,23.508510638297874,10.207446808510639,0.1978021978021978,1016.7689655172413,2.82125,,2.982038165590513,2.051254790429825,
2025-06-05,27.244086021505375,10.751612903225807,0.044444444444444446,1017.2551724137934,2.425,,6.717613548798013,2.5954208851449927,
2025-06-06,28.449473684210524,11.62315789473684,0.04395604395604396,1017.0862068965517,2.6604938271604937,,7.923001211503163,3.466965876656026,
2025-06-07,29.305319148936174,12.38191489361702,0.05434782608695652,1017.4068965517242,2.750617283950617,,8.778846676228813,4.225722875536206,
2025-06-08,32.026595744680854,12.622340425531915,0.0,1018.596551724138,1.7487499999999998,,11.500123271973493,4.466148407451101,
2025-06-09,34.770967741935486,15.444086021505376,5.568181818181818,1017.9535714285715,2.1164556962025314,,14.244495269228125,7.287894003424562,
2025-06-10,32.65483870967742,17.83655913978495,10.07865168539326,1017.2586206896553,2.537974683544304,,12.12836623697006,9.680367121704135,
2025-06-11,27.441304347826087,15.415217391304349,39.88636363636363,1015.1310344827587,3.3189873417721523,,6.914831875118725,7.259025373223535,
2025-06-12,27.429787234042553,11.663829787234047,0.2087912087912088,1015.4551724137932,2.2399999999999998,,6.903314761335192,3.5076377691532326,
2025-06-13,29.8968085106383,12.753191489361704,0.31868131868131866,1016.8551724137932,2.25125,,9.37033603793094,4.59699947128089,
2025-06-14,31.096808510638297,13.812765957446809,0.01098901098901099,1017.4689655172417,2.32125,,10.570336037930936,5.656573939365995,
2025-06-15,32.33297872340425,14.246808510638301,0.01098901098901099,1018.7827586206898,2.232911392405063,,11.806506250696891,6.090616492557487,
2025-06-16,35.12580645161291,15.735869565217392,5.43956043956044,1018.9607142857142,1.9794871794871796,,14.599333978905548,7.579677547136578,
2025-06-17,35.50217391304348,18.475,2.4725274725274726,1018.9285714285714,1.8782051282051282,,14.975701440336117,10.318807981919187,
2025-06-18,35.87849462365591,18.366666666666667,0.09782608695652174,1018.4892857142858,2.715,,15.35202215094855,10.210474648585853,
2025-06-19,33.65806451612904,19.06451612903226,2.7065217391304346,1019.8629629629633,2.6645569620253164,,13.131592043421676,10.908324110951446,
2025-06-20,35.75483870967742,18.095698924731185,5.269662921348314,1018.1814814814815,2.774683544303797,,15.22836623697006,9.93950690665037,
2025-06-21,35.2195652173913,18.645652173913046,8.922222222222222,1015.9586206896552,3.025,,14.693092744683938,10.489460155832232,
2025-06-22,33.90425531914894,18.121276595744686,2.284090909090909,1017.3310344827587,2.77625,,13.377782846441576,9.965084577663871,
2025-06-23,33.97692307692307,18.396703296703297,15.875,1017.1689655172413,2.194805194805195,,13.45045060421571,10.240511278622483,
2025-06-24,29.687777777777782,17.215555555555557,48.65909090909091,1015.4285714285714,2.9632911392405066,,9.161305305070421,9.059363537474743,
2025-06-25,26.923076923076923,14.532967032967033,0.15730337078651685,1016.7214285714286,3.422784810126582,,6.396604450369562,6.376775014886219,
2025-06-26,31.71894736842105,13.301052631578951,0.0,1020.3428571428569,1.6246913580246916,,11.192474895713687,5.144860613498137,
2025-06-27,35.427368421052634,15.94315789473684,0.0,1021.56,1.9086419753086419,,14.900895948345273,7.786965876656026,
2025-06-28,37.36210526315789,17.828421052631583,0.0,1021.3,1.8876543209876544,,16.835632790450532,9.672229034550769,
2025-06-29,38.02947368421052,19.29263157894737,4.0989010989010985,1018.732,2.1185185185185187,,17.50300121150316,11.136439560866554,
2025-06-30,36.973404255319146,20.306382978723406,5.263736263736264,1017.1071428571429,2.68625,,16.446931782611784,12.150190960642592,
2025-07-01,36.43118279569892,18.459139784946235,0.6292134831460674,1014.4724137931034,2.3125000000000004,,15.904710322991562,10.30294776686542,
2025-07-02,36.30319148936171,19.860638297872345,15.677777777777777,1014.9214285714286,2.5925000000000002,,15.776719016654347,11.704446279791531,
2025-07-03,35.851063829787236,19.145744680851063,26.64835164835165,1017.6000000000001,2.8512500000000003,,15.324591357079875,10.98955266277025,
2025-07-04,35.42340425531915,18.8968085106383,16.3,1018.5653846153847,2.4087500000000004,,14.896931782611787,10.740616492557487,
2025-07-05,34.315053763440865,18.403225806451612,9.233333333333333,1017.15,2.67875,,13.788581290733504,10.247033788370798,
2025-07-06,33.992553191489364,16.87659574468085,0.0,1014.3964285714285,2.69125,,13.466080718782003,8.720403726600034,
2025-07-07,33.508602150537634,17.32903225806452,0.0,1012.142857142857,2.886075949367089,,12.982129677830272,9.172840239983705,
2025-07-08,33.79354838709678,15.13010752688172,0.0,1014.1571428571427,2.636708860759494,,13.267075914389416,6.973915508800905,
2025-07-09,34.69438202247191,18.102247191011237,7.162790697674419,1014.6769230769231,2.793589743589744,,14.167909549764552,9.946055172930423,
2025-07-10,33.777173913043484,17.07608695652174,0.033707865168539325,1014.6321428571429,2.47051282051282,,13.250701440336123,8.919894938440924,
2025-07-11,29.271276595744677,15.379787234042555,0.0,1012.5464285714286,3.3762499999999998,,8.744804123037316,7.2235952159617405,
2025-07-12,28.14516129032258,14.063440860215056,12.626373626373626,1012.0285714285716,2.6975,,7.618688817615219,5.907248842134242,
2025-07-13,30.51063829787234,14.447872340425533,0.03333333333333333,1014.9892857142858,2.34375,,9.984165825164979,6.291680322344719,
2025-07-14,33.87526881720431,15.765591397849466,0.03333333333333333,1018.0785714285714,2.549367088607595,,13.348796344496947,7.609399379768652,
2025-07-15,35.22473118279571,16.42795698924731,0.2,1019.3481481481482,2.036708860759494,,14.698258710088346,8.271764971166496,
2025-07-16,37.72717391304348,17.433695652173913,0.056179775280898875,1017.377777777778,2.5050632911392405,,17.20070144033612,9.2775036340931,
2025-07-17,36.55217391304348,17.822826086956525,0.011111111111111112,1014.2392857142858,3.2367088607594936,,16.02570144033612,9.66663406887571,
2025-07-18,31.402173913043477,15.234782608695651,0.0,1011.6925925925929,3.669230769230769,,10.875701440336115,7.078590590614837,
2025-07-19,29.12282608695653,14.561956521739129,0.0,1012.3333333333336,3.5666666666666664,,8.596353614249168,6.405764503658315,
2025-07-20,27.68494623655914,13.895698924731182,0.13333333333333333,1010.8357142857143,4.484810126582278,,7.158473763851777,5.739506906650368,
2025-07-21,29.574193548387097,10.934408602150537,0.0,1014.1142857142858,2.0126582278481013,,9.047721075679735,2.778216584069723,
2025-07-22,32.59782608695652,13.345652173913043,0.0,1015.062962962963,2.3949367088607594,,12.071353614249162,5.189460155832229,
2025-07-23,29.842391304347824,16.070652173913043,0.0,1013.5571428571428,2.566666666666667,,9.315918831640463,7.914460155832229,
2025-07-24,28.148387096774197,13.535483870967743,0.0,1015.7428571428572,4.225316455696204,,7.621914624066836,5.379291852886929,
2025-07-25,29.3752688172043,11.661290322580646,0.0,1017.7285714285715,2.849367088607595,,8.84879634449694,3.505098304499832,
2025-07-26,32.02258064516129,13.030107526881723,0.022222222222222223,1018.910714285714,2.216455696202532,,11.49610817245393,4.873915508800909,
2025-07-27,34.34516129032258,14.923655913978495,0.26666666666666666,1017.6571428571431,2.572151898734177,,13.818688817615218,6.767463895897681,
2025-07-28,31.544086021505375,15.945161290322579,0.011111111111111112,1017.8142857142859,3.711392405063291,,11.017613548798014,7.788969272241765,
2025-07-29,30.555913978494623,13.297849462365594,0.0,1019.1678571428572,3.5632911392405062,,10.029441505787261,5.14165744428478,
2025-07-30,32.29784946236559,13.916129032258064,0.011111111111111112,1018.5214285714286,2.3265822784810126,,11.77137698965823,5.75993701417725,
2025-07-31,33.92934782608695,16.028260869565216,2.0344827586206895,1016.4333333333333,2.1897435897435895,,13.402875353379592,7.872068851484402,
